DBN,School Name,Regents Exam,Exam,Year,Mean Score,Total Tested,Black_Percent,Hispanic_Percent,Asian_Percent,White_Percent,Teacher_Count,School Type,CTE,Transfer,ELL_Percent,EconDisadvantaged_Pct,SpecialEd_Pct,Homeless_Pct,NeedsIndex,ATTENDANCE_RATE,ClassSize_Algebra,ClassSize_Biology,ClassSize,NYSED_School_Name,INSTITUTION_ID,latitude,longitude,ZIP Code,Neighborhood
02M546,Academy for Software Engineering,Common Core Algebra,Algebra_I,2022,60.72,75,29.33,57.33,13.33,0.0,32,Career Technical,1.0,0.0,7.0,75.0,27.0,8.0,1.0,82.0,22.0,31.0,22.0,ACADEMY FOR SOFTWARE ENGINEERING,800000075018.0,40.735361,-73.987064,10003,Union Square - Lower East Side
02M546,Academy for Software Engineering,Living Environment,Living_Env,2022,65.05,76,27.63,59.21,13.16,0.0,32,Career Technical,1.0,0.0,7.0,75.0,27.0,8.0,1.0,82.0,22.0,31.0,31.0,ACADEMY FOR SOFTWARE ENGINEERING,800000075018.0,40.735361,-73.987064,10003,Union Square - Lower East Side
07X625,Bronxdale High School,Living Environment,Living_Env,2022,58.06,79,37.97,62.03,0.0,0.0,16,General Academic,0.0,0.0,10.0,90.0,19.0,17.0,1.0,90.0,22.0,30.0,30.0,BRONX LEGACY HIGH SCHOOL,800000091759.0,40.860443,-73.860729,10469,Northeast Bronx
07X625,Bronxdale High School,Common Core Algebra,Algebra_I,2022,60.55,83,36.14,63.86,0.0,0.0,16,General Academic,0.0,0.0,10.0,90.0,19.0,17.0,1.0,90.0,22.0,30.0,22.0,BRONX LEGACY HIGH SCHOOL,800000091759.0,40.860443,-73.860729,10469,Northeast Bronx
07X625,Bronxdale High School,Common Core English,ELA,2022,68.62,143,33.57,52.45,0.0,13.99,16,General Academic,0.0,0.0,10.0,90.0,19.0,17.0,1.0,90.0,22.0,30.0,26.0,BRONX LEGACY HIGH SCHOOL,800000091759.0,40.860443,-73.860729,10469,Northeast Bronx
72X508,Bronxdale High School,Living Environment,Living_Env,2022,58.06,79,37.97,62.03,0.0,0.0,41,General Academic,0.0,0.0,8.0,92.0,24.0,4.0,1.0,81.0,18.0,21.0,21.0,BRONXDALE HIGH SCHOOL,800000070871.0,40.860443,-73.860729,10469,Northeast Bronx
72X508,Bronxdale High School,Common Core Algebra,Algebra_I,2022,60.55,83,36.14,63.86,0.0,0.0,41,General Academic,0.0,0.0,8.0,92.0,24.0,4.0,1.0,81.0,18.0,21.0,18.0,BRONXDALE HIGH SCHOOL,800000070871.0,40.860443,-73.860729,10469,Northeast Bronx
72X508,Bronxdale High School,Common Core English,ELA,2022,68.62,143,33.57,52.45,0.0,13.99,41,General Academic,0.0,0.0,8.0,92.0,24.0,4.0,1.0,81.0,18.0,21.0,19.5,BRONXDALE HIGH SCHOOL,800000070871.0,40.860443,-73.860729,10469,Northeast Bronx
08X537,Bronx Arena High School,Common Core English,ELA,2022,73.0,10,0.0,100.0,0.0,0.0,14,Transfer School,0.0,1.0,1.0,90.0,17.0,12.0,1.0,45.0,1.0,,1.0,BRONX ARENA HIGH SCHOOL,800000070867.0,40.820486,-73.881187,10473,Pelham - Throgs Neck
30Q417,A-Tech High School,Common Core Algebra,Algebra_I,2022,71.26,56,35.71,64.29,0.0,0.0,7,Career Technical,1.0,0.0,,,,,,,,,,,,40.721448,-73.953328,11222,Greenpoint
30Q417,A-Tech High School,Living Environment,Living_Env,2022,76.53,62,29.03,70.97,0.0,0.0,7,Career Technical,1.0,0.0,,,,,,,,,,,,40.721448,-73.953328,11222,Greenpoint
76K610,A-Tech High School,Common Core Algebra,Algebra_I,2022,71.26,56,35.71,64.29,0.0,0.0,36,Career Technical,1.0,0.0,9.0,88.0,40.0,9.0,1.0,85.0,17.0,17.0,17.0,A-TECH HIGH SCHOOL,800000043476.0,40.721448,-73.953328,11222,Greenpoint
76K610,A-Tech High School,Living Environment,Living_Env,2022,76.53,62,29.03,70.97,0.0,0.0,36,Career Technical,1.0,0.0,9.0,88.0,40.0,9.0,1.0,85.0,17.0,17.0,17.0,A-TECH HIGH SCHOOL,800000043476.0,40.721448,-73.953328,11222,Greenpoint
71M047,"""47"" The American Sign Language and English Secondary School",Common Core Algebra,Algebra_I,2022,57.4,33,0.0,100.0,0.0,0.0,35,Special Education,0.0,0.0,8.0,84.0,26.0,11.0,1.0,77.0,13.0,13.0,13.0,AMERICAN SIGN LANG & ENG SECONDAR,800000046858.0,40.738374,-73.981329,10010,Gramercy Park - Murray Hill
71M047,"""47"" The American Sign Language and English Secondary School",Living Environment,Living_Env,2022,67.1,40,0.0,100.0,0.0,0.0,35,Special Education,0.0,0.0,8.0,84.0,26.0,11.0,1.0,77.0,13.0,13.0,13.0,AMERICAN SIGN LANG & ENG SECONDAR,800000046858.0,40.738374,-73.981329,10010,Gramercy Park - Murray Hill
71M135,The Urban Assembly School for Emergency Management,Living Environment,Living_Env,2022,60.33,47,42.55,57.45,0.0,0.0,25,Career Technical,1.0,0.0,8.0,77.0,22.0,11.0,1.0,79.0,15.0,29.0,29.0,URBAN ASSEMBLY-EMERGENCY MANAGEMENT,800000077806.0,40.711441,-74.000851,10038,Lower Manhattam
71M135,The Urban Assembly School for Emergency Management,Common Core Algebra,Algebra_I,2022,59.62,56,33.93,66.07,0.0,0.0,25,Career Technical,1.0,0.0,8.0,77.0,22.0,11.0,1.0,79.0,15.0,29.0,15.0,URBAN ASSEMBLY-EMERGENCY MANAGEMENT,800000077806.0,40.711441,-74.000851,10038,Lower Manhattam
71M135,The Urban Assembly School for Emergency Management,Common Core English,ELA,2022,67.14,71,32.39,59.15,8.45,0.0,25,Career Technical,1.0,0.0,8.0,77.0,22.0,11.0,1.0,79.0,15.0,29.0,22.0,URBAN ASSEMBLY-EMERGENCY MANAGEMENT,800000077806.0,40.711441,-74.000851,10038,Lower Manhattam
71M139,Stephen T. Mather Building Arts & Craftsmanship High School,Common Core English,ELA,2022,63.37,70,30.0,70.0,0.0,0.0,35,Career Technical,1.0,0.0,8.0,84.0,29.0,7.0,1.0,79.0,22.0,25.0,23.5,STEPHEN T MATHER BLDG ARTS-CRAFTSMAN,800000077807.0,40.763655,-73.990318,10019,Chelsea - Clinton
71M139,Stephen T. Mather Building Arts & Craftsmanship High School,Living Environment,Living_Env,2022,63.63,88,27.27,72.73,0.0,0.0,35,Career Technical,1.0,0.0,8.0,84.0,29.0,7.0,1.0,79.0,22.0,25.0,25.0,STEPHEN T MATHER BLDG ARTS-CRAFTSMAN,800000077807.0,40.763655,-73.990318,10019,Chelsea - Clinton
71M139,Stephen T. Mather Building Arts & Craftsmanship High School,Common Core Algebra,Algebra_I,2022,57.04,136,27.21,72.79,0.0,0.0,35,Career Technical,1.0,0.0,8.0,84.0,29.0,7.0,1.0,79.0,22.0,25.0,22.0,STEPHEN T MATHER BLDG ARTS-CRAFTSMAN,800000077807.0,40.763655,-73.990318,10019,Chelsea - Clinton
71M157,The Urban Assembly School for Global Commerce,Living Environment,Living_Env,2022,54.6,10,0.0,100.0,0.0,0.0,21,Career Technical,1.0,0.0,11.0,92.0,40.0,18.0,1.0,75.0,16.0,12.0,12.0,URBAN ASSEMBLY-GLOBAL COMMERCE,800000077810.0,40.807019,-73.938714,10035,East Harlem
71M157,The Urban Assembly School for Global Commerce,Common Core English,ELA,2022,60.71,38,60.53,39.47,0.0,0.0,21,Career Technical,1.0,0.0,11.0,92.0,40.0,18.0,1.0,75.0,16.0,12.0,14.0,URBAN ASSEMBLY-GLOBAL COMMERCE,800000077810.0,40.807019,-73.938714,10035,East Harlem
71M157,The Urban Assembly School for Global Commerce,Common Core Algebra,Algebra_I,2022,59.28,43,48.84,51.16,0.0,0.0,21,Career Technical,1.0,0.0,11.0,92.0,40.0,18.0,1.0,75.0,16.0,12.0,16.0,URBAN ASSEMBLY-GLOBAL COMMERCE,800000077810.0,40.807019,-73.938714,10035,East Harlem
71M211,Inwood Early College For Health And Information Technologies,Living Environment,Living_Env,2022,63.9,56,0.0,100.0,0.0,0.0,37,Career Technical,1.0,0.0,14.0,87.0,22.0,14.0,1.0,91.0,18.0,19.0,19.0,INWOOD EARLY COLLEGE FOR HEALTH-INFO,800000083449.0,40.865556,-73.925464,10034,Washington Heights - Inwood
71M211,Inwood Early College For Health And Information Technologies,Common Core Algebra,Algebra_I,2022,59.0,65,0.0,100.0,0.0,0.0,37,Career Technical,1.0,0.0,14.0,87.0,22.0,14.0,1.0,91.0,18.0,19.0,18.0,INWOOD EARLY COLLEGE FOR HEALTH-INFO,800000083449.0,40.865556,-73.925464,10034,Washington Heights - Inwood
71M211,Inwood Early College For Health And Information Technologies,Common Core English,ELA,2022,67.65,140,6.43,93.57,0.0,0.0,37,Career Technical,1.0,0.0,14.0,87.0,22.0,14.0,1.0,91.0,18.0,19.0,18.5,INWOOD EARLY COLLEGE FOR HEALTH-INFO,800000083449.0,40.865556,-73.925464,10034,Washington Heights - Inwood
71M280,Manhattan Early College School for Advertising,Living Environment,Living_Env,2022,77.14,53,39.62,49.06,11.32,0.0,38,Career Technical,1.0,0.0,6.0,78.0,18.0,7.0,1.0,80.0,22.0,24.0,24.0,MANHATTAN EARLY COLLEGE SCH-ADVERTIS,800000083451.0,40.711441,-74.000851,10038,Lower Manhattam
71M280,Manhattan Early College School for Advertising,Common Core Algebra,Algebra_I,2022,65.99,60,38.33,61.67,0.0,0.0,38,Career Technical,1.0,0.0,6.0,78.0,18.0,7.0,1.0,80.0,22.0,24.0,22.0,MANHATTAN EARLY COLLEGE SCH-ADVERTIS,800000083451.0,40.711441,-74.000851,10038,Lower Manhattam
71M280,Manhattan Early College School for Advertising,Common Core English,ELA,2022,75.03,90,32.22,50.0,17.78,0.0,38,Career Technical,1.0,0.0,6.0,78.0,18.0,7.0,1.0,80.0,22.0,24.0,23.0,MANHATTAN EARLY COLLEGE SCH-ADVERTIS,800000083451.0,40.711441,-74.000851,10038,Lower Manhattam
71M282,Urban Assembly Maker Academy,Common Core English,ELA,2022,73.31,53,52.83,47.17,0.0,0.0,46,Career Technical,1.0,0.0,6.0,71.0,24.0,8.0,1.0,80.0,23.0,28.0,25.5,URBAN ASSEMBLY MAKER ACADEMY,800000083463.0,40.711441,-74.000851,10038,Lower Manhattam
71M282,Urban Assembly Maker Academy,Living Environment,Living_Env,2022,64.18,63,39.68,46.03,0.0,14.29,46,Career Technical,1.0,0.0,6.0,71.0,24.0,8.0,1.0,80.0,23.0,28.0,28.0,URBAN ASSEMBLY MAKER ACADEMY,800000083463.0,40.711441,-74.000851,10038,Lower Manhattam
71M282,Urban Assembly Maker Academy,Common Core Algebra,Algebra_I,2022,59.41,108,35.19,49.07,0.0,15.74,46,Career Technical,1.0,0.0,6.0,71.0,24.0,8.0,1.0,80.0,23.0,28.0,23.0,URBAN ASSEMBLY MAKER ACADEMY,800000083463.0,40.711441,-74.000851,10038,Lower Manhattam
71M285,Harlem Renaissance High School,Common Core English,ELA,2022,59.36,17,52.94,47.06,0.0,0.0,13,Transfer School,0.0,1.0,14.0,85.0,28.0,15.0,1.0,48.0,6.0,4.0,5.0,HARLEM RENAISSANCE HIGH SCHOOL,800000058112.0,40.807692,-73.939974,10035,East Harlem
71M288,Food and Finance High School,Common Core English,ELA,2022,65.7,12,0.0,100.0,0.0,0.0,32,Career Technical,1.0,0.0,5.0,82.0,25.0,10.0,1.0,81.0,30.0,26.0,28.0,FOOD AND FINANCE HIGH SCHOOL,800000058014.0,40.765474,-73.9927,10019,Chelsea - Clinton
71M288,Food and Finance High School,Living Environment,Living_Env,2022,64.58,72,30.56,69.44,0.0,0.0,32,Career Technical,1.0,0.0,5.0,82.0,25.0,10.0,1.0,81.0,30.0,26.0,26.0,FOOD AND FINANCE HIGH SCHOOL,800000058014.0,40.765474,-73.9927,10019,Chelsea - Clinton
71M288,Food and Finance High School,Common Core Algebra,Algebra_I,2022,57.93,76,31.58,68.42,0.0,0.0,32,Career Technical,1.0,0.0,5.0,82.0,25.0,10.0,1.0,81.0,30.0,26.0,30.0,FOOD AND FINANCE HIGH SCHOOL,800000058014.0,40.765474,-73.9927,10019,Chelsea - Clinton
71M292,Orchard Collegiate Academy,Common Core English,ELA,2022,85.2,12,0.0,100.0,0.0,0.0,25,General Academic,0.0,0.0,5.0,82.0,27.0,11.0,1.0,77.0,20.0,19.0,19.5,ORCHARD COLLEGIATE ACADEMY,800000058020.0,40.713362,-73.986051,10002,Union Square - Lower East Side
71M292,Orchard Collegiate Academy,Living Environment,Living_Env,2022,74.12,30,0.0,56.67,43.33,0.0,25,General Academic,0.0,0.0,5.0,82.0,27.0,11.0,1.0,77.0,20.0,19.0,19.0,ORCHARD COLLEGIATE ACADEMY,800000058020.0,40.713362,-73.986051,10002,Union Square - Lower East Side
71M292,Orchard Collegiate Academy,Common Core Algebra,Algebra_I,2022,63.08,52,25.0,51.92,23.08,0.0,25,General Academic,0.0,0.0,5.0,82.0,27.0,11.0,1.0,77.0,20.0,19.0,20.0,ORCHARD COLLEGIATE ACADEMY,800000058020.0,40.713362,-73.986051,10002,Union Square - Lower East Side
71M296,High School of Hospitality Management,Common Core Algebra,Algebra_I,2022,64.7,23,0.0,100.0,0.0,0.0,20,General Academic,0.0,0.0,9.0,92.0,21.0,11.0,1.0,80.0,12.0,16.0,12.0,HIGH SCHOOL OF HOSPITALITY MGMNT,800000058029.0,40.765474,-73.9927,10019,Chelsea - Clinton
71M296,High School of Hospitality Management,Living Environment,Living_Env,2022,65.13,36,16.67,83.33,0.0,0.0,20,General Academic,0.0,0.0,9.0,92.0,21.0,11.0,1.0,80.0,12.0,16.0,16.0,HIGH SCHOOL OF HOSPITALITY MGMNT,800000058029.0,40.765474,-73.9927,10019,Chelsea - Clinton
71M298,Pace High School,Living Environment,Living_Env,2022,63.78,58,31.03,48.28,20.69,0.0,45,General Academic,0.0,0.0,7.0,79.0,24.0,6.0,1.0,80.0,26.0,25.0,25.0,PACE HIGH SCHOOL,800000058064.0,40.716231,-73.993607,10002,Union Square - Lower East Side
71M298,Pace High School,Common Core English,ELA,2022,67.37,81,39.51,51.85,8.64,0.0,45,General Academic,0.0,0.0,7.0,79.0,24.0,6.0,1.0,80.0,26.0,25.0,25.5,PACE HIGH SCHOOL,800000058064.0,40.716231,-73.993607,10002,Union Square - Lower East Side
71M298,Pace High School,Common Core Algebra,Algebra_I,2022,60.88,114,34.21,50.88,14.91,0.0,45,General Academic,0.0,0.0,7.0,79.0,24.0,6.0,1.0,80.0,26.0,25.0,26.0,PACE HIGH SCHOOL,800000058064.0,40.716231,-73.993607,10002,Union Square - Lower East Side
71M479,Pace High School,Living Environment,Living_Env,2022,63.78,58,31.03,48.28,20.69,0.0,84,General Academic,0.0,0.0,0.0,37.0,19.0,1.0,1.0,95.0,20.0,26.0,26.0,BEACON HIGH SCHOOL,800000046819.0,40.716231,-73.993607,10002,Union Square - Lower East Side
71M479,Pace High School,Common Core English,ELA,2022,67.37,81,39.51,51.85,8.64,0.0,84,General Academic,0.0,0.0,0.0,37.0,19.0,1.0,1.0,95.0,20.0,26.0,23.0,BEACON HIGH SCHOOL,800000046819.0,40.716231,-73.993607,10002,Union Square - Lower East Side
71M479,Pace High School,Common Core Algebra,Algebra_I,2022,60.88,114,34.21,50.88,14.91,0.0,84,General Academic,0.0,0.0,0.0,37.0,19.0,1.0,1.0,95.0,20.0,26.0,20.0,BEACON HIGH SCHOOL,800000046819.0,40.716231,-73.993607,10002,Union Square - Lower East Side
71M299,The Maxine Greene HS for Imaginative Inquiry,Common Core English,ELA,2022,67.6,26,30.77,69.23,0.0,0.0,14,General Academic,0.0,0.0,15.0,91.0,25.0,8.0,1.0,76.0,14.0,16.0,15.0,MAXINE GREENE HS-IMAGINATIVE INQUIRY,800000059116.0,40.774891,-73.985608,10023,Upper West Side
71M300,Urban Assembly School of Design and Construction,Common Core Algebra,Algebra_I,2022,54.0,25,0.0,100.0,0.0,0.0,26,General Academic,0.0,0.0,6.0,86.0,28.0,11.0,1.0,82.0,14.0,19.0,14.0,URBAN ASSMBLY SCH-DESIGN & CONST,800000058095.0,40.765474,-73.9927,10019,Chelsea - Clinton
71M300,Urban Assembly School of Design and Construction,Living Environment,Living_Env,2022,64.3,27,0.0,100.0,0.0,0.0,26,General Academic,0.0,0.0,6.0,86.0,28.0,11.0,1.0,82.0,14.0,19.0,19.0,URBAN ASSMBLY SCH-DESIGN & CONST,800000058095.0,40.765474,-73.9927,10019,Chelsea - Clinton
71M303,The Facing History School,Common Core English,ELA,2022,62.28,71,32.39,67.61,0.0,0.0,31,General Academic,0.0,0.0,12.0,83.0,29.0,14.0,1.0,79.0,24.0,24.0,24.0,FACING HISTORY SCHOOL (THE),800000059107.0,40.765474,-73.9927,10019,Chelsea - Clinton
71M304,Mott Hall High School,Common Core English,ELA,2022,74.3,25,0.0,100.0,0.0,0.0,17,General Academic,0.0,0.0,20.0,88.0,28.0,18.0,1.0,73.0,24.0,25.0,24.5,MOTT HALL HIGH SCHOOL,800000058049.0,40.817228,-73.947151,10030,Central Harlem - Morningside Heights
71M304,Mott Hall High School,Living Environment,Living_Env,2022,56.6,28,60.71,39.29,0.0,0.0,17,General Academic,0.0,0.0,20.0,88.0,28.0,18.0,1.0,73.0,24.0,25.0,25.0,MOTT HALL HIGH SCHOOL,800000058049.0,40.817228,-73.947151,10030,Central Harlem - Morningside Heights
71M304,Mott Hall High School,Common Core Algebra,Algebra_I,2022,53.99,30,63.33,36.67,0.0,0.0,17,General Academic,0.0,0.0,20.0,88.0,28.0,18.0,1.0,73.0,24.0,25.0,24.0,MOTT HALL HIGH SCHOOL,800000058049.0,40.817228,-73.947151,10030,Central Harlem - Morningside Heights
71M305,The Urban Assembly Academy of Government and Law,Common Core Algebra,Algebra_I,2022,61.21,31,41.94,58.06,0.0,0.0,24,General Academic,0.0,0.0,5.0,88.0,18.0,10.0,1.0,79.0,11.0,16.0,11.0,URBAN ACADEMY-GOVERNMENT & LAW,800000059120.0,40.717329,-73.989329,10002,Union Square - Lower East Side
71M305,The Urban Assembly Academy of Government and Law,Living Environment,Living_Env,2022,71.99,44,31.82,45.45,22.73,0.0,24,General Academic,0.0,0.0,5.0,88.0,18.0,10.0,1.0,79.0,11.0,16.0,16.0,URBAN ACADEMY-GOVERNMENT & LAW,800000059120.0,40.717329,-73.989329,10002,Union Square - Lower East Side
71M307,The Urban Assembly School for Media Studies (UAM),Common Core Algebra,Algebra_I,2022,54.76,55,30.91,69.09,0.0,0.0,30,General Academic,0.0,0.0,6.0,83.0,18.0,13.0,1.0,76.0,18.0,16.0,18.0,URBAN ASSMBLY SCH-MEDIA STUDIES,800000058091.0,40.774891,-73.985608,10023,Upper West Side
71M307,The Urban Assembly School for Media Studies (UAM),Living Environment,Living_Env,2022,59.98,55,36.36,63.64,0.0,0.0,30,General Academic,0.0,0.0,6.0,83.0,18.0,13.0,1.0,76.0,18.0,16.0,16.0,URBAN ASSMBLY SCH-MEDIA STUDIES,800000058091.0,40.774891,-73.985608,10023,Upper West Side
71M307,The Urban Assembly School for Media Studies (UAM),Common Core English,ELA,2022,61.78,133,30.83,62.41,0.0,6.77,30,General Academic,0.0,0.0,6.0,83.0,18.0,13.0,1.0,76.0,18.0,16.0,17.0,URBAN ASSMBLY SCH-MEDIA STUDIES,800000058091.0,40.774891,-73.985608,10023,Upper West Side
71M308,Lower Manhattan Arts Academy,Living Environment,Living_Env,2022,67.25,20,50.0,50.0,0.0,0.0,26,General Academic,0.0,0.0,7.0,82.0,30.0,13.0,1.0,78.0,20.0,19.0,19.0,LOWER MANHATTAN ARTS ACADEMY,800000059086.0,40.717329,-73.989329,10002,Union Square - Lower East Side
71M308,Lower Manhattan Arts Academy,Common Core Algebra,Algebra_I,2022,52.91,52,34.62,65.38,0.0,0.0,26,General Academic,0.0,0.0,7.0,82.0,30.0,13.0,1.0,78.0,20.0,19.0,20.0,LOWER MANHATTAN ARTS ACADEMY,800000059086.0,40.717329,-73.989329,10002,Union Square - Lower East Side
71M308,Lower Manhattan Arts Academy,Common Core English,ELA,2022,70.78,66,27.27,72.73,0.0,0.0,26,General Academic,0.0,0.0,7.0,82.0,30.0,13.0,1.0,78.0,20.0,19.0,19.5,LOWER MANHATTAN ARTS ACADEMY,800000059086.0,40.717329,-73.989329,10002,Union Square - Lower East Side
71M316,Urban Assembly School of Business for Young Women,Common Core Algebra,Algebra_I,2022,59.5,10,0.0,100.0,0.0,0.0,9,General Academic,0.0,0.0,11.0,90.0,17.0,14.0,1.0,75.0,10.0,15.0,10.0,URBAN SCH-BUSINESS-YNG WOMEN,800000059122.0,40.705688,-74.013303,10004,Lower Manhattan
71M369,Urban Assembly School for the Performing Arts,Common Core English,ELA,2022,71.26,20,70.0,30.0,0.0,0.0,24,General Academic,0.0,0.0,6.0,87.0,26.0,15.0,1.0,76.0,14.0,20.0,17.0,URBAN ASSEMBLY FOR THE PERFORM ARTS,800000059618.0,40.815747,-73.95552,10027,Central Harlem - Morningside Heights
71M369,Urban Assembly School for the Performing Arts,Common Core Algebra,Algebra_I,2022,53.9,28,100.0,0.0,0.0,0.0,24,General Academic,0.0,0.0,6.0,87.0,26.0,15.0,1.0,76.0,14.0,20.0,14.0,URBAN ASSEMBLY FOR THE PERFORM ARTS,800000059618.0,40.815747,-73.95552,10027,Central Harlem - Morningside Heights
71M369,Urban Assembly School for the Performing Arts,Living Environment,Living_Env,2022,55.74,41,51.22,48.78,0.0,0.0,24,General Academic,0.0,0.0,6.0,87.0,26.0,15.0,1.0,76.0,14.0,20.0,20.0,URBAN ASSEMBLY FOR THE PERFORM ARTS,800000059618.0,40.815747,-73.95552,10027,Central Harlem - Morningside Heights
71M374,Gramercy Arts High School,Common Core English,ELA,2022,79.35,47,34.04,53.19,12.77,0.0,37,General Academic,0.0,0.0,3.0,82.0,19.0,5.0,1.0,82.0,25.0,28.0,26.5,GRAMERCY ARTS HIGH SCHOOL,800000062347.0,40.735361,-73.987064,10003,Union Square - Lower East Side
71M374,Gramercy Arts High School,Common Core Algebra,Algebra_I,2022,65.71,126,28.57,64.29,0.0,7.14,37,General Academic,0.0,0.0,3.0,82.0,19.0,5.0,1.0,82.0,25.0,28.0,25.0,GRAMERCY ARTS HIGH SCHOOL,800000062347.0,40.735361,-73.987064,10003,Union Square - Lower East Side
71M374,Gramercy Arts High School,Living Environment,Living_Env,2022,68.62,127,29.92,62.2,0.0,7.87,37,General Academic,0.0,0.0,3.0,82.0,19.0,5.0,1.0,82.0,25.0,28.0,28.0,GRAMERCY ARTS HIGH SCHOOL,800000062347.0,40.735361,-73.987064,10003,Union Square - Lower East Side
71M376,NYC iSchool,Living Environment,Living_Env,2022,71.6,18,0.0,55.56,0.0,44.44,37,General Academic,0.0,0.0,1.0,50.0,25.0,4.0,1.0,87.0,36.0,27.0,27.0,NYC ISCHOOL,800000062349.0,40.72463,-74.005058,10013,Greenwich Village - SoHo
71M376,NYC iSchool,Common Core Algebra,Algebra_I,2022,72.8,49,20.41,38.78,12.24,28.57,37,General Academic,0.0,0.0,1.0,50.0,25.0,4.0,1.0,87.0,36.0,27.0,36.0,NYC ISCHOOL,800000062349.0,40.72463,-74.005058,10013,Greenwich Village - SoHo
71M376,NYC iSchool,Common Core English,ELA,2022,85.31,102,17.65,27.45,8.82,46.08,37,General Academic,0.0,0.0,1.0,50.0,25.0,4.0,1.0,87.0,36.0,27.0,31.5,NYC ISCHOOL,800000062349.0,40.72463,-74.005058,10013,Greenwich Village - SoHo
71M392,Manhattan Business Academy,Living Environment,Living_Env,2022,60.03,62,32.26,67.74,0.0,0.0,32,General Academic,0.0,0.0,11.0,90.0,23.0,13.0,1.0,77.0,28.0,27.0,27.0,MANHATTAN BUSINESS ACADEMY,800000065452.0,40.743407,-74.00254,10011,Chelsea - Clinton
71M392,Manhattan Business Academy,Common Core Algebra,Algebra_I,2022,60.97,87,33.33,57.47,9.2,0.0,32,General Academic,0.0,0.0,11.0,90.0,23.0,13.0,1.0,77.0,28.0,27.0,28.0,MANHATTAN BUSINESS ACADEMY,800000065452.0,40.743407,-74.00254,10011,Chelsea - Clinton
71M393,Business Of Sports School,Common Core English,ELA,2022,67.15,18,38.89,61.11,0.0,0.0,37,Career Technical,1.0,0.0,9.0,85.0,23.0,13.0,1.0,81.0,18.0,20.0,19.0,BUSINESS OF SPORTS SCHOOL,800000065453.0,40.763655,-73.990318,10019,Chelsea - Clinton
71M393,Business Of Sports School,Living Environment,Living_Env,2022,57.44,80,33.75,66.25,0.0,0.0,37,Career Technical,1.0,0.0,9.0,85.0,23.0,13.0,1.0,81.0,18.0,20.0,20.0,BUSINESS OF SPORTS SCHOOL,800000065453.0,40.763655,-73.990318,10019,Chelsea - Clinton
71M393,Business Of Sports School,Common Core Algebra,Algebra_I,2022,55.29,85,34.12,65.88,0.0,0.0,37,Career Technical,1.0,0.0,9.0,85.0,23.0,13.0,1.0,81.0,18.0,20.0,18.0,BUSINESS OF SPORTS SCHOOL,800000065453.0,40.763655,-73.990318,10019,Chelsea - Clinton
71M394,Emma Lazarus High School,Living Environment,Living_Env,2022,82.8,14,0.0,0.0,100.0,0.0,18,Transfer School,0.0,1.0,93.0,87.0,1.0,14.0,1.0,91.0,15.0,23.0,23.0,EMMA LAZARUS HIGH SCHOOL,800000065454.0,40.716231,-73.993607,10002,Union Square - Lower East Side
71M394,Emma Lazarus High School,Common Core English,ELA,2022,71.7,22,50.0,0.0,50.0,0.0,18,Transfer School,0.0,1.0,93.0,87.0,1.0,14.0,1.0,91.0,15.0,23.0,19.0,EMMA LAZARUS HIGH SCHOOL,800000065454.0,40.716231,-73.993607,10002,Union Square - Lower East Side
71M394,Emma Lazarus High School,Common Core Algebra,Algebra_I,2022,74.92,27,0.0,48.15,51.85,0.0,18,Transfer School,0.0,1.0,93.0,87.0,1.0,14.0,1.0,91.0,15.0,23.0,15.0,EMMA LAZARUS HIGH SCHOOL,800000065454.0,40.716231,-73.993607,10002,Union Square - Lower East Side
71M399,The High School For Language And Diplomacy,Living Environment,Living_Env,2022,68.3,10,0.0,100.0,0.0,0.0,15,General Academic,0.0,0.0,10.0,76.0,19.0,12.0,1.0,77.0,14.0,16.0,16.0,HIGH SCHOOL-LANGUAGE AND DIPLOMACY,800000065456.0,40.735361,-73.987064,10003,Union Square - Lower East Side
71M399,The High School For Language And Diplomacy,Common Core Algebra,Algebra_I,2022,60.0,11,0.0,100.0,0.0,0.0,15,General Academic,0.0,0.0,10.0,76.0,19.0,12.0,1.0,77.0,14.0,16.0,14.0,HIGH SCHOOL-LANGUAGE AND DIPLOMACY,800000065456.0,40.735361,-73.987064,10003,Union Square - Lower East Side
71M400,High School for Environmental Studies,Living Environment,Living_Env,2022,70.81,155,13.55,60.0,12.9,13.55,72,General Academic,0.0,0.0,7.0,77.0,19.0,5.0,1.0,80.0,22.0,19.0,19.0,HS FOR ENVIRONMENTAL STUDIES ,800000046779.0,40.767848,-73.98861,10019,Chelsea - Clinton
71M400,High School for Environmental Studies,Common Core Algebra,Algebra_I,2022,63.87,168,14.88,63.1,11.31,10.71,72,General Academic,0.0,0.0,7.0,77.0,19.0,5.0,1.0,80.0,22.0,19.0,22.0,HS FOR ENVIRONMENTAL STUDIES ,800000046779.0,40.767848,-73.98861,10019,Chelsea - Clinton
71M400,High School for Environmental Studies,Common Core English,ELA,2022,79.8,223,9.87,61.43,12.56,16.14,72,General Academic,0.0,0.0,7.0,77.0,19.0,5.0,1.0,80.0,22.0,19.0,20.5,HS FOR ENVIRONMENTAL STUDIES ,800000046779.0,40.767848,-73.98861,10019,Chelsea - Clinton
71M402,The Urban Assembly School for Green Careers,Common Core Algebra,Algebra_I,2022,52.0,21,0.0,100.0,0.0,0.0,28,Career Technical,1.0,0.0,11.0,87.0,29.0,11.0,1.0,74.0,27.0,24.0,27.0,URBAN ASSEMBLY FOR GREEN CAREERS,800000065458.0,40.786134,-73.974483,10024,Upper West Side
71M402,The Urban Assembly School for Green Careers,Living Environment,Living_Env,2022,56.85,33,36.36,63.64,0.0,0.0,28,Career Technical,1.0,0.0,11.0,87.0,29.0,11.0,1.0,74.0,27.0,24.0,24.0,URBAN ASSEMBLY FOR GREEN CAREERS,800000065458.0,40.786134,-73.974483,10024,Upper West Side
71M403,The Global Learning Collaborative,Living Environment,Living_Env,2022,72.39,46,26.09,73.91,0.0,0.0,34,General Academic,0.0,0.0,13.0,86.0,23.0,14.0,1.0,77.0,14.0,11.0,11.0,GLOBAL LEARNING COLLABORATIVE (THE),800000065459.0,40.786134,-73.974483,10024,Upper West Side
71M403,The Global Learning Collaborative,Common Core Algebra,Algebra_I,2022,53.82,74,24.32,75.68,0.0,0.0,34,General Academic,0.0,0.0,13.0,86.0,23.0,14.0,1.0,77.0,14.0,11.0,14.0,GLOBAL LEARNING COLLABORATIVE (THE),800000065459.0,40.786134,-73.974483,10024,Upper West Side
71M403,The Global Learning Collaborative,Common Core English,ELA,2022,61.03,108,14.81,85.19,0.0,0.0,34,General Academic,0.0,0.0,13.0,86.0,23.0,14.0,1.0,77.0,14.0,11.0,12.5,GLOBAL LEARNING COLLABORATIVE (THE),800000065459.0,40.786134,-73.974483,10024,Upper West Side
71M404,Innovation Diploma Plus,Common Core English,ELA,2022,58.0,20,0.0,100.0,0.0,0.0,12,Transfer School,0.0,1.0,13.0,90.0,22.0,14.0,1.0,50.0,,6.0,6.0,INNOVATION DIPLOMA PLUS,800000065460.0,40.786134,-73.974483,10024,Upper West Side
71M411,Baruch College Campus High School,Common Core Algebra,Algebra_I,2022,77.69,39,0.0,64.1,35.9,0.0,30,General Academic,0.0,0.0,1.0,48.0,18.0,0.0,1.0,94.0,28.0,22.0,28.0,BARUCH COLLEGE CAMPUS HIGH SCHOOL,800000048359.0,40.741888,-73.985723,10010,Gramercy Park - Murray Hill
71M411,Baruch College Campus High School,Living Environment,Living_Env,2022,80.09,70,11.43,40.0,34.29,14.29,30,General Academic,0.0,0.0,1.0,48.0,18.0,0.0,1.0,94.0,28.0,22.0,22.0,BARUCH COLLEGE CAMPUS HIGH SCHOOL,800000048359.0,40.741888,-73.985723,10010,Gramercy Park - Murray Hill
71M411,Baruch College Campus High School,Common Core English,ELA,2022,89.91,106,0.0,15.09,29.25,55.66,30,General Academic,0.0,0.0,1.0,48.0,18.0,0.0,1.0,94.0,28.0,22.0,25.0,BARUCH COLLEGE CAMPUS HIGH SCHOOL,800000048359.0,40.741888,-73.985723,10010,Gramercy Park - Murray Hill
71M414,N.Y.C. Museum School,Common Core English,ELA,2022,88.35,14,0.0,0.0,50.0,50.0,32,General Academic,0.0,0.0,1.0,48.0,20.0,2.0,1.0,90.0,29.0,35.0,32.0,NYC MUSEUM SCHOOL,800000048362.0,40.742512,-74.002222,10011,Chelsea - Clinton
71M414,N.Y.C. Museum School,Common Core Algebra,Algebra_I,2022,73.33,76,11.84,35.53,30.26,22.37,32,General Academic,0.0,0.0,1.0,48.0,20.0,2.0,1.0,90.0,29.0,35.0,29.0,NYC MUSEUM SCHOOL,800000048362.0,40.742512,-74.002222,10011,Chelsea - Clinton
71M414,N.Y.C. Museum School,Living Environment,Living_Env,2022,78.46,93,10.75,34.41,29.03,25.81,32,General Academic,0.0,0.0,1.0,48.0,20.0,2.0,1.0,90.0,29.0,35.0,35.0,NYC MUSEUM SCHOOL,800000048362.0,40.742512,-74.002222,10011,Chelsea - Clinton
71M416,Eleanor Roosevelt High School,Common Core Algebra,Algebra_I,2022,78.01,43,0.0,39.53,34.88,25.58,34,General Academic,0.0,0.0,1.0,32.0,16.0,1.0,1.0,91.0,27.0,23.0,27.0,ELEANOR ROOSEVELT HIGH SCHOOL,800000056094.0,40.770288,-73.953276,10021,Upper East Side
71M416,Eleanor Roosevelt High School,Living Environment,Living_Env,2022,83.77,86,12.79,32.56,26.74,27.91,34,General Academic,0.0,0.0,1.0,32.0,16.0,1.0,1.0,91.0,27.0,23.0,23.0,ELEANOR ROOSEVELT HIGH SCHOOL,800000056094.0,40.770288,-73.953276,10021,Upper East Side
71M416,Eleanor Roosevelt High School,Common Core English,ELA,2022,89.8,103,0.0,0.0,20.39,79.61,34,General Academic,0.0,0.0,1.0,32.0,16.0,1.0,1.0,91.0,27.0,23.0,25.0,ELEANOR ROOSEVELT HIGH SCHOOL,800000056094.0,40.770288,-73.953276,10021,Upper East Side
71M417,Frank McCourt High School,Common Core Algebra,Algebra_I,2022,68.31,68,13.24,61.76,0.0,25.0,31,General Academic,0.0,0.0,2.0,67.0,24.0,3.0,1.0,87.0,,,,FRANK MCCOURT HIGH SCHOOL,800000069142.0,40.786134,-73.974483,10024,Upper West Side
71M417,Frank McCourt High School,Living Environment,Living_Env,2022,69.29,72,12.5,59.72,0.0,27.78,31,General Academic,0.0,0.0,2.0,67.0,24.0,3.0,1.0,87.0,,,,FRANK MCCOURT HIGH SCHOOL,800000069142.0,40.786134,-73.974483,10024,Upper West Side
71M419,Landmark High School,Common Core English,ELA,2022,69.16,96,28.12,71.88,0.0,0.0,32,General Academic,0.0,0.0,11.0,85.0,25.0,9.0,1.0,72.0,23.0,25.0,24.0,LANDMARK HIGH SCHOOL,800000046830.0,40.743407,-74.00254,10011,Chelsea - Clinton
71M449,Landmark High School,Common Core English,ELA,2022,69.16,96,28.12,71.88,0.0,0.0,33,General Academic,0.0,0.0,4.0,76.0,24.0,7.0,1.0,73.0,21.0,20.0,20.5,VANGUARD HIGH SCHOOL,800000046816.0,40.743407,-74.00254,10011,Chelsea - Clinton
76K572,Landmark High School,Common Core English,ELA,2022,69.16,96,28.12,71.88,0.0,0.0,30,General Academic,0.0,0.0,14.0,76.0,20.0,7.0,1.0,81.0,15.0,,15.0,LEADERS HIGH SCHOOL,800000060387.0,40.743407,-74.00254,10011,Chelsea - Clinton
71M420,High School for Health Professions and Human Services,Common Core Algebra,Algebra_I,2022,64.82,232,12.5,65.95,15.52,6.03,97,General Academic,0.0,0.0,6.0,80.0,16.0,7.0,1.0,84.0,28.0,30.0,28.0,HS-HEALTH PROFESSIONS & HUMAN SVCS,800000046769.0,40.732665,-73.98259,10003,Union Square - Lower East Side
71M420,High School for Health Professions and Human Services,Living Environment,Living_Env,2022,72.62,251,11.95,59.36,20.72,7.97,97,General Academic,0.0,0.0,6.0,80.0,16.0,7.0,1.0,84.0,28.0,30.0,30.0,HS-HEALTH PROFESSIONS & HUMAN SVCS,800000046769.0,40.732665,-73.98259,10003,Union Square - Lower East Side
71M423,High School for Excellence and Innovation,Common Core English,ELA,2022,58.2,21,0.0,100.0,0.0,0.0,15,Transfer School,0.0,1.0,60.0,99.0,15.0,21.0,1.0,70.0,15.0,18.0,16.5,HS-EXCELLENCE AND INNOVATION,800000065465.0,40.865556,-73.925464,10034,Washington Heights - Inwood
71M425,Leadership and Public Service High School,Common Core English,ELA,2022,54.6,11,0.0,100.0,0.0,0.0,20,General Academic,0.0,0.0,4.0,88.0,15.0,9.0,1.0,76.0,32.0,26.0,29.0,LEADERSHIP & PUBLIC SERVICE HS,800000046770.0,40.708971,-74.012465,10006,Lower Manhattan
71M425,Leadership and Public Service High School,Common Core Algebra,Algebra_I,2022,58.57,55,25.45,60.0,14.55,0.0,20,General Academic,0.0,0.0,4.0,88.0,15.0,9.0,1.0,76.0,32.0,26.0,32.0,LEADERSHIP & PUBLIC SERVICE HS,800000046770.0,40.708971,-74.012465,10006,Lower Manhattan
71M425,Leadership and Public Service High School,Living Environment,Living_Env,2022,69.31,57,24.56,59.65,15.79,0.0,20,General Academic,0.0,0.0,4.0,88.0,15.0,9.0,1.0,76.0,32.0,26.0,26.0,LEADERSHIP & PUBLIC SERVICE HS,800000046770.0,40.708971,-74.012465,10006,Lower Manhattan
71M427,Manhattan Academy For Arts & Language,Common Core English,ELA,2022,56.9,24,0.0,100.0,0.0,0.0,15,General Academic,0.0,0.0,60.0,95.0,9.0,29.0,1.0,82.0,11.0,23.0,17.0,MANHATTAN ACAD-ARTS AND LANGUAGE,800000069136.0,40.74651,-73.98107,10016,Gramercy Park - Murray Hill
71M427,Manhattan Academy For Arts & Language,Living Environment,Living_Env,2022,65.1,42,0.0,100.0,0.0,0.0,15,General Academic,0.0,0.0,60.0,95.0,9.0,29.0,1.0,82.0,11.0,23.0,23.0,MANHATTAN ACAD-ARTS AND LANGUAGE,800000069136.0,40.74651,-73.98107,10016,Gramercy Park - Murray Hill
71M427,Manhattan Academy For Arts & Language,Common Core Algebra,Algebra_I,2022,54.8,44,0.0,100.0,0.0,0.0,15,General Academic,0.0,0.0,60.0,95.0,9.0,29.0,1.0,82.0,11.0,23.0,11.0,MANHATTAN ACAD-ARTS AND LANGUAGE,800000069136.0,40.74651,-73.98107,10016,Gramercy Park - Murray Hill
71M432,Murray Hill Academy,Living Environment,Living_Env,2022,72.91,32,31.25,68.75,0.0,0.0,20,Transfer School,0.0,1.0,2.0,84.0,25.0,10.0,1.0,77.0,15.0,11.0,11.0,MURRAY HILL ACADEMY,800000069137.0,40.74651,-73.98107,10016,Gramercy Park - Murray Hill
71M432,Murray Hill Academy,Common Core Algebra,Algebra_I,2022,66.95,42,40.48,59.52,0.0,0.0,20,Transfer School,0.0,1.0,2.0,84.0,25.0,10.0,1.0,77.0,15.0,11.0,15.0,MURRAY HILL ACADEMY,800000069137.0,40.74651,-73.98107,10016,Gramercy Park - Murray Hill
71M432,Murray Hill Academy,Common Core English,ELA,2022,66.85,44,31.82,47.73,20.45,0.0,20,Transfer School,0.0,1.0,2.0,84.0,25.0,10.0,1.0,77.0,15.0,11.0,13.0,MURRAY HILL ACADEMY,800000069137.0,40.74651,-73.98107,10016,Gramercy Park - Murray Hill
71M435,Manhattan Center for Science and Mathematics,Common Core Algebra,Algebra_I,2022,77.73,147,19.05,57.82,14.97,8.16,88,General Academic,0.0,0.0,8.0,78.0,16.0,5.0,1.0,96.0,24.0,27.0,24.0,MANHATTAN CENTER-SCIENCE & MATH,800000046781.0,40.794184,-73.932868,10029,East Harlem
71M435,Manhattan Center for Science and Mathematics,Living Environment,Living_Env,2022,79.28,193,16.58,48.7,18.65,16.06,88,General Academic,0.0,0.0,8.0,78.0,16.0,5.0,1.0,96.0,24.0,27.0,27.0,MANHATTAN CENTER-SCIENCE & MATH,800000046781.0,40.794184,-73.932868,10029,East Harlem
71M435,Manhattan Center for Science and Mathematics,Common Core English,ELA,2022,84.4,329,22.49,52.58,24.92,0.0,88,General Academic,0.0,0.0,8.0,78.0,16.0,5.0,1.0,96.0,24.0,27.0,25.5,MANHATTAN CENTER-SCIENCE & MATH,800000046781.0,40.794184,-73.932868,10029,East Harlem
71M437,Hudson High School of Learning Technologies,Living Environment,Living_Env,2022,62.87,31,19.35,80.65,0.0,0.0,18,General Academic,0.0,0.0,9.0,85.0,25.0,13.0,1.0,78.0,18.0,28.0,28.0,HUDSON HS OF LEARNING TECHNOLOGIES,800000069139.0,40.743407,-74.00254,10011,Chelsea - Clinton
71M437,Hudson High School of Learning Technologies,Common Core Algebra,Algebra_I,2022,52.78,38,28.95,71.05,0.0,0.0,18,General Academic,0.0,0.0,9.0,85.0,25.0,13.0,1.0,78.0,18.0,28.0,18.0,HUDSON HS OF LEARNING TECHNOLOGIES,800000069139.0,40.743407,-74.00254,10011,Chelsea - Clinton
71M437,Hudson High School of Learning Technologies,Common Core English,ELA,2022,65.27,75,32.0,68.0,0.0,0.0,18,General Academic,0.0,0.0,9.0,85.0,25.0,13.0,1.0,78.0,18.0,28.0,23.0,HUDSON HS OF LEARNING TECHNOLOGIES,800000069139.0,40.743407,-74.00254,10011,Chelsea - Clinton
71M448,University Neighborhood High School,Common Core Algebra,Algebra_I,2022,70.95,60,16.67,61.67,21.67,0.0,39,General Academic,0.0,0.0,14.0,84.0,21.0,8.0,1.0,84.0,17.0,18.0,17.0,UNIVERSITY NEIGHBORHOOD HIGH SCHOOL,800000046773.0,40.712269,-73.984128,10002,Union Square - Lower East Side
71M448,University Neighborhood High School,Living Environment,Living_Env,2022,76.82,66,13.64,48.48,37.88,0.0,39,General Academic,0.0,0.0,14.0,84.0,21.0,8.0,1.0,84.0,17.0,18.0,18.0,UNIVERSITY NEIGHBORHOOD HIGH SCHOOL,800000046773.0,40.712269,-73.984128,10002,Union Square - Lower East Side
71M448,University Neighborhood High School,Common Core English,ELA,2022,62.71,134,19.4,49.25,26.12,5.22,39,General Academic,0.0,0.0,14.0,84.0,21.0,8.0,1.0,84.0,17.0,18.0,17.5,UNIVERSITY NEIGHBORHOOD HIGH SCHOOL,800000046773.0,40.712269,-73.984128,10002,Union Square - Lower East Side
71M459,Manhattan International High School,Common Core English,ELA,2022,57.28,67,20.9,49.25,14.93,14.93,23,General Academic,0.0,0.0,81.0,67.0,3.0,15.0,1.0,86.0,,,,MANHATTAN INTERNATIONAL HIGH SCHOOL,800000046817.0,40.765638,-73.959777,10065,Upper East Side
71M462,The College Academy,Common Core Algebra,Algebra_I,2022,66.2,54,0.0,100.0,0.0,0.0,28,General Academic,0.0,0.0,52.0,97.0,25.0,24.0,1.0,83.0,14.0,20.0,14.0,COLLEGE ACADEMY (THE),800000046759.0,40.856532,-73.92606,10040,Washington Heights - Inwood
71M462,The College Academy,Common Core English,ELA,2022,55.12,66,12.12,87.88,0.0,0.0,28,General Academic,0.0,0.0,52.0,97.0,25.0,24.0,1.0,83.0,14.0,20.0,17.0,COLLEGE ACADEMY (THE),800000046759.0,40.856532,-73.92606,10040,Washington Heights - Inwood
71M462,The College Academy,Living Environment,Living_Env,2022,62.2,74,0.0,100.0,0.0,0.0,28,General Academic,0.0,0.0,52.0,97.0,25.0,24.0,1.0,83.0,14.0,20.0,20.0,COLLEGE ACADEMY (THE),800000046759.0,40.856532,-73.92606,10040,Washington Heights - Inwood
71M463,High School for Media and Communications,Common Core English,ELA,2022,57.05,75,10.67,89.33,0.0,0.0,28,General Academic,0.0,0.0,38.0,95.0,22.0,30.0,1.0,89.0,14.0,17.0,15.5,HIGH SCHOOL-MEDIA & COMMUNICATIONS ,800000046760.0,40.856532,-73.92606,10040,Washington Heights - Inwood
71M463,High School for Media and Communications,Living Environment,Living_Env,2022,61.81,81,8.64,91.36,0.0,0.0,28,General Academic,0.0,0.0,38.0,95.0,22.0,30.0,1.0,89.0,14.0,17.0,17.0,HIGH SCHOOL-MEDIA & COMMUNICATIONS ,800000046760.0,40.856532,-73.92606,10040,Washington Heights - Inwood
71M463,High School for Media and Communications,Common Core Algebra,Algebra_I,2022,61.22,96,13.54,86.46,0.0,0.0,28,General Academic,0.0,0.0,38.0,95.0,22.0,30.0,1.0,89.0,14.0,17.0,14.0,HIGH SCHOOL-MEDIA & COMMUNICATIONS ,800000046760.0,40.856532,-73.92606,10040,Washington Heights - Inwood
71M467,High School for Law and Public Service,Common Core Algebra,Algebra_I,2022,54.05,65,15.38,84.62,0.0,0.0,37,General Academic,0.0,0.0,31.0,94.0,27.0,16.0,1.0,74.0,21.0,20.0,21.0,HIGH SCHOOL-LAW & PUBLIC SERVICE ,800000046762.0,40.856532,-73.92606,10040,Washington Heights - Inwood
71M467,High School for Law and Public Service,Living Environment,Living_Env,2022,62.45,69,13.04,86.96,0.0,0.0,37,General Academic,0.0,0.0,31.0,94.0,27.0,16.0,1.0,74.0,21.0,20.0,20.0,HIGH SCHOOL-LAW & PUBLIC SERVICE ,800000046762.0,40.856532,-73.92606,10040,Washington Heights - Inwood
71M467,High School for Law and Public Service,Common Core English,ELA,2022,61.66,107,20.56,79.44,0.0,0.0,37,General Academic,0.0,0.0,31.0,94.0,27.0,16.0,1.0,74.0,21.0,20.0,20.5,HIGH SCHOOL-LAW & PUBLIC SERVICE ,800000046762.0,40.856532,-73.92606,10040,Washington Heights - Inwood
71M468,High School for Health Careers and Sciences,Common Core Algebra,Algebra_I,2022,54.6,82,12.2,87.8,0.0,0.0,29,General Academic,0.0,0.0,40.0,91.0,20.0,16.0,1.0,85.0,23.0,28.0,23.0,HIGH SCHOOL-HEALTH CAREERS & SCIES,800000046756.0,40.856532,-73.92606,10040,Washington Heights - Inwood
71M468,High School for Health Careers and Sciences,Common Core English,ELA,2022,63.97,91,13.19,86.81,0.0,0.0,29,General Academic,0.0,0.0,40.0,91.0,20.0,16.0,1.0,85.0,23.0,28.0,25.5,HIGH SCHOOL-HEALTH CAREERS & SCIES,800000046756.0,40.856532,-73.92606,10040,Washington Heights - Inwood
71M468,High School for Health Careers and Sciences,Living Environment,Living_Env,2022,59.81,99,13.13,86.87,0.0,0.0,29,General Academic,0.0,0.0,40.0,91.0,20.0,16.0,1.0,85.0,23.0,28.0,28.0,HIGH SCHOOL-HEALTH CAREERS & SCIES,800000046756.0,40.856532,-73.92606,10040,Washington Heights - Inwood
71M475,Stuyvesant High School,Common Core Algebra,Algebra_I,2022,89.36,169,4.73,5.33,59.76,30.18,154,General Academic,0.0,0.0,0.0,48.0,1.0,2.0,1.0,96.0,,29.0,,STUYVESANT HIGH SCHOOL,800000046741.0,40.718025,-74.013921,10282,Lower Manhattan
71M475,Stuyvesant High School,Living Environment,Living_Env,2022,92.54,305,2.62,3.61,73.11,20.66,154,General Academic,0.0,0.0,0.0,48.0,1.0,2.0,1.0,96.0,,29.0,29.0,STUYVESANT HIGH SCHOOL,800000046741.0,40.718025,-74.013921,10282,Lower Manhattan
71M475,Stuyvesant High School,Common Core English,ELA,2022,92.39,815,0.0,3.93,75.09,20.98,154,General Academic,0.0,0.0,0.0,48.0,1.0,2.0,1.0,96.0,,29.0,29.0,STUYVESANT HIGH SCHOOL,800000046741.0,40.718025,-74.013921,10282,Lower Manhattan
71M489,High School of Economics and Finance,Common Core Algebra,Algebra_I,2022,64.66,99,23.23,61.62,15.15,0.0,47,General Academic,0.0,0.0,5.0,82.0,18.0,9.0,1.0,84.0,19.0,23.0,19.0,HS OF ECONOMICS & FINANCE,800000046744.0,40.70927,-74.012328,10006,Lower Manhattan
71M489,High School of Economics and Finance,Living Environment,Living_Env,2022,71.46,104,21.15,57.69,21.15,0.0,47,General Academic,0.0,0.0,5.0,82.0,18.0,9.0,1.0,84.0,19.0,23.0,23.0,HS OF ECONOMICS & FINANCE,800000046744.0,40.70927,-74.012328,10006,Lower Manhattan
71M489,High School of Economics and Finance,Common Core English,ELA,2022,75.53,152,16.45,56.58,26.97,0.0,47,General Academic,0.0,0.0,5.0,82.0,18.0,9.0,1.0,84.0,19.0,23.0,21.0,HS OF ECONOMICS & FINANCE,800000046744.0,40.70927,-74.012328,10006,Lower Manhattan
71M492,"High School for Law, Advocacy and Community Justice",Common Core Algebra,Algebra_I,2022,56.16,59,27.12,72.88,0.0,0.0,31,General Academic,0.0,0.0,7.0,88.0,19.0,11.0,1.0,81.0,21.0,21.0,21.0,HS FOR LAW ADVCY & COMM JUST,800000056077.0,40.774891,-73.985608,10023,Upper West Side
71M492,"High School for Law, Advocacy and Community Justice",Living Environment,Living_Env,2022,63.19,68,27.94,72.06,0.0,0.0,31,General Academic,0.0,0.0,7.0,88.0,19.0,11.0,1.0,81.0,21.0,21.0,21.0,HS FOR LAW ADVCY & COMM JUST,800000056077.0,40.774891,-73.985608,10023,Upper West Side
71M494,High School of Arts and Technology,Common Core Algebra,Algebra_I,2022,55.06,71,23.94,76.06,0.0,0.0,36,General Academic,0.0,0.0,9.0,87.0,24.0,7.0,1.0,80.0,19.0,19.0,19.0,HIGH SCHOOL OF ARTS AND TECHNOLOGY,800000056078.0,40.774891,-73.985608,10023,Upper West Side
71M494,High School of Arts and Technology,Living Environment,Living_Env,2022,57.17,71,25.35,74.65,0.0,0.0,36,General Academic,0.0,0.0,9.0,87.0,24.0,7.0,1.0,80.0,19.0,19.0,19.0,HIGH SCHOOL OF ARTS AND TECHNOLOGY,800000056078.0,40.774891,-73.985608,10023,Upper West Side
71M494,High School of Arts and Technology,Common Core English,ELA,2022,63.91,89,28.09,71.91,0.0,0.0,36,General Academic,0.0,0.0,9.0,87.0,24.0,7.0,1.0,80.0,19.0,19.0,19.0,HIGH SCHOOL OF ARTS AND TECHNOLOGY,800000056078.0,40.774891,-73.985608,10023,Upper West Side
71M495,Park East High School,Common Core English,ELA,2022,87.53,31,25.81,74.19,0.0,0.0,35,General Academic,0.0,0.0,4.0,81.0,24.0,4.0,1.0,94.0,8.0,12.0,10.0,PARK EAST HIGH SCHOOL,800000046822.0,40.790191,-73.944092,10029,East Harlem
71M495,Park East High School,Common Core Algebra,Algebra_I,2022,76.29,37,24.32,75.68,0.0,0.0,35,General Academic,0.0,0.0,4.0,81.0,24.0,4.0,1.0,94.0,8.0,12.0,8.0,PARK EAST HIGH SCHOOL,800000046822.0,40.790191,-73.944092,10029,East Harlem
71M495,Park East High School,Living Environment,Living_Env,2022,81.27,41,19.51,80.49,0.0,0.0,35,General Academic,0.0,0.0,4.0,81.0,24.0,4.0,1.0,94.0,8.0,12.0,12.0,PARK EAST HIGH SCHOOL,800000046822.0,40.790191,-73.944092,10029,East Harlem
71M505,Edward A. Reynolds West Side High School,Common Core English,ELA,2022,54.2,23,0.0,100.0,0.0,0.0,24,Transfer School,0.0,1.0,9.0,89.0,50.0,10.0,1.0,51.0,15.0,13.0,14.0,EDWARD A REYNOLDS WEST SIDE HS,800000046826.0,40.797136,-73.966779,10025,Upper West Side
71M507,Urban Assembly Gateway School for Technology,Living Environment,Living_Env,2022,78.13,67,22.39,64.18,0.0,13.43,38,Career Technical,1.0,0.0,6.0,67.0,28.0,7.0,1.0,86.0,19.0,31.0,31.0,URBAN ASSEMBLY GATEWAY SCHOOL-TECH,800000070863.0,40.763655,-73.990318,10019,Chelsea - Clinton
71M507,Urban Assembly Gateway School for Technology,Common Core Algebra,Algebra_I,2022,66.47,77,29.87,61.04,0.0,9.09,38,Career Technical,1.0,0.0,6.0,67.0,28.0,7.0,1.0,86.0,19.0,31.0,19.0,URBAN ASSEMBLY GATEWAY SCHOOL-TECH,800000070863.0,40.763655,-73.990318,10019,Chelsea - Clinton
71M507,Urban Assembly Gateway School for Technology,Common Core English,ELA,2022,76.54,104,26.92,59.62,0.0,13.46,38,Career Technical,1.0,0.0,6.0,67.0,28.0,7.0,1.0,86.0,19.0,31.0,25.0,URBAN ASSEMBLY GATEWAY SCHOOL-TECH,800000070863.0,40.763655,-73.990318,10019,Chelsea - Clinton
71M515,Lower East Side Preparatory High School,Common Core Algebra,Algebra_I,2022,80.2,18,0.0,0.0,100.0,0.0,36,Transfer School,0.0,1.0,71.0,67.0,10.0,13.0,1.0,70.0,18.0,18.0,18.0,LOWER EAST SIDE PREP HS,800000046828.0,40.72004,-73.986038,10002,Union Square - Lower East Side
71M515,Lower East Side Preparatory High School,Common Core English,ELA,2022,55.43,21,0.0,42.86,57.14,0.0,36,Transfer School,0.0,1.0,71.0,67.0,10.0,13.0,1.0,70.0,18.0,18.0,18.0,LOWER EAST SIDE PREP HS,800000046828.0,40.72004,-73.986038,10002,Union Square - Lower East Side
71M515,Lower East Side Preparatory High School,Living Environment,Living_Env,2022,64.91,29,0.0,55.17,44.83,0.0,36,Transfer School,0.0,1.0,71.0,67.0,10.0,13.0,1.0,70.0,18.0,18.0,18.0,LOWER EAST SIDE PREP HS,800000046828.0,40.72004,-73.986038,10002,Union Square - Lower East Side
71M519,Talent Unlimited High School,Living Environment,Living_Env,2022,69.54,63,28.57,71.43,0.0,0.0,34,General Academic,0.0,0.0,1.0,61.0,18.0,3.0,1.0,84.0,29.0,26.0,26.0,TALENT UNLIMITED HIGH SCHOOL,800000046746.0,40.765638,-73.959777,10065,Upper East Side
71M519,Talent Unlimited High School,Common Core Algebra,Algebra_I,2022,70.07,84,21.43,59.52,8.33,10.71,34,General Academic,0.0,0.0,1.0,61.0,18.0,3.0,1.0,84.0,29.0,26.0,29.0,TALENT UNLIMITED HIGH SCHOOL,800000046746.0,40.765638,-73.959777,10065,Upper East Side
71M519,Talent Unlimited High School,Common Core English,ELA,2022,78.49,89,28.09,48.31,0.0,23.6,34,General Academic,0.0,0.0,1.0,61.0,18.0,3.0,1.0,84.0,29.0,26.0,27.5,TALENT UNLIMITED HIGH SCHOOL,800000046746.0,40.765638,-73.959777,10065,Upper East Side
71M520,Murry Bergtraum High School for Business Careers,Common Core English,ELA,2022,76.1,18,50.0,50.0,0.0,0.0,15,General Academic,0.0,0.0,2.0,87.0,16.0,11.0,1.0,78.0,13.0,20.0,16.5,MURRY BERGTRAUM HS FOR BUS CAR,800000046747.0,40.711441,-74.000851,10038,Lower Manhattam
71M520,Murry Bergtraum High School for Business Careers,Living Environment,Living_Env,2022,66.69,19,47.37,52.63,0.0,0.0,15,General Academic,0.0,0.0,2.0,87.0,16.0,11.0,1.0,78.0,13.0,20.0,20.0,MURRY BERGTRAUM HS FOR BUS CAR,800000046747.0,40.711441,-74.000851,10038,Lower Manhattam
71M520,Murry Bergtraum High School for Business Careers,Common Core Algebra,Algebra_I,2022,54.98,21,52.38,47.62,0.0,0.0,15,General Academic,0.0,0.0,2.0,87.0,16.0,11.0,1.0,78.0,13.0,20.0,13.0,MURRY BERGTRAUM HS FOR BUS CAR,800000046747.0,40.711441,-74.000851,10038,Lower Manhattam
71M529,Jacqueline Kennedy Onassis High School,Living Environment,Living_Env,2022,72.86,46,30.43,69.57,0.0,0.0,20,General Academic,0.0,0.0,7.0,80.0,25.0,10.0,1.0,83.0,16.0,19.0,19.0,JACQUELINE KENNEDY-ONASSIS HS,800000046748.0,40.757626,-73.98346,10036,Chelsea - Clinton
71M529,Jacqueline Kennedy Onassis High School,Common Core Algebra,Algebra_I,2022,57.69,53,30.19,69.81,0.0,0.0,20,General Academic,0.0,0.0,7.0,80.0,25.0,10.0,1.0,83.0,16.0,19.0,16.0,JACQUELINE KENNEDY-ONASSIS HS,800000046748.0,40.757626,-73.98346,10036,Chelsea - Clinton
71M533,Union Square Academy for Health Sciences,Common Core Algebra,Algebra_I,2022,60.91,83,16.87,57.83,15.66,9.64,34,Career Technical,1.0,0.0,7.0,86.0,18.0,9.0,1.0,80.0,24.0,28.0,24.0,UNION SQUARE ACAD FOR HEALTH SCIENCE,800000075015.0,40.735361,-73.987064,10003,Union Square - Lower East Side
71M533,Union Square Academy for Health Sciences,Living Environment,Living_Env,2022,66.51,90,18.89,51.11,20.0,10.0,34,Career Technical,1.0,0.0,7.0,86.0,18.0,9.0,1.0,80.0,24.0,28.0,28.0,UNION SQUARE ACAD FOR HEALTH SCIENCE,800000075015.0,40.735361,-73.987064,10003,Union Square - Lower East Side
71M533,Union Square Academy for Health Sciences,Common Core English,ELA,2022,73.32,101,23.76,62.38,6.93,6.93,34,Career Technical,1.0,0.0,7.0,86.0,18.0,9.0,1.0,80.0,24.0,28.0,26.0,UNION SQUARE ACAD FOR HEALTH SCIENCE,800000075015.0,40.735361,-73.987064,10003,Union Square - Lower East Side
71M534,Harvest Collegiate High School,Common Core English,ELA,2022,70.01,72,19.44,63.89,0.0,16.67,37,General Academic,0.0,0.0,6.0,72.0,22.0,7.0,1.0,71.0,3.0,16.0,9.5,HARVEST COLLEGIATE HIGH SCHOOL,800000075017.0,40.736416,-73.995731,10011,Chelsea - Clinton
71M540,A. Philip Randolph Campus High School,Common Core English,ELA,2022,62.83,21,33.33,66.67,0.0,0.0,83,General Academic,0.0,0.0,16.0,87.0,18.0,13.0,1.0,80.0,21.0,22.0,21.5,A PHILIP RANDOLPH CAMPUS HIGH SCHOOL,800000046751.0,40.8185,-73.949929,10031,Washington Heights - Inwood
71M540,A. Philip Randolph Campus High School,Common Core Algebra,Algebra_I,2022,70.2,163,33.13,60.74,6.13,0.0,83,General Academic,0.0,0.0,16.0,87.0,18.0,13.0,1.0,80.0,21.0,22.0,21.0,A PHILIP RANDOLPH CAMPUS HIGH SCHOOL,800000046751.0,40.8185,-73.949929,10031,Washington Heights - Inwood
71M540,A. Philip Randolph Campus High School,Living Environment,Living_Env,2022,68.33,255,29.41,65.49,5.1,0.0,83,General Academic,0.0,0.0,16.0,87.0,18.0,13.0,1.0,80.0,21.0,22.0,22.0,A PHILIP RANDOLPH CAMPUS HIGH SCHOOL,800000046751.0,40.8185,-73.949929,10031,Washington Heights - Inwood
71M543,New Design High School,Common Core Algebra,Algebra_I,2022,55.55,118,26.27,67.8,5.93,0.0,47,General Academic,0.0,0.0,4.0,84.0,25.0,10.0,1.0,79.0,,28.0,,NEW DESIGN HIGH SCHOOL,800000057133.0,40.717329,-73.989329,10002,Union Square - Lower East Side
71M543,New Design High School,Common Core English,ELA,2022,67.22,123,27.64,60.98,11.38,0.0,47,General Academic,0.0,0.0,4.0,84.0,25.0,10.0,1.0,79.0,,28.0,28.0,NEW DESIGN HIGH SCHOOL,800000057133.0,40.717329,-73.989329,10002,Union Square - Lower East Side
71M544,Independence High School,Common Core English,ELA,2022,64.2,17,0.0,100.0,0.0,0.0,23,Transfer School,0.0,1.0,8.0,86.0,37.0,13.0,1.0,38.0,24.0,32.0,28.0,INDEPENDENCE HIGH SCHOOL,800000057165.0,40.767848,-73.98861,10019,Chelsea - Clinton
71M545,High School for Dual Language and Asian Studies,Common Core Algebra,Algebra_I,2022,87.3,38,0.0,0.0,100.0,0.0,23,General Academic,0.0,0.0,28.0,85.0,5.0,12.0,1.0,95.0,20.0,13.0,20.0,HS-DUAL LANGUAGE & ASIAN STUDIES,800000057134.0,40.717329,-73.989329,10002,Union Square - Lower East Side
71M545,High School for Dual Language and Asian Studies,Living Environment,Living_Env,2022,82.7,57,0.0,0.0,100.0,0.0,23,General Academic,0.0,0.0,28.0,85.0,5.0,12.0,1.0,95.0,20.0,13.0,13.0,HS-DUAL LANGUAGE & ASIAN STUDIES,800000057134.0,40.717329,-73.989329,10002,Union Square - Lower East Side
71M550,Liberty High School Academy for Newcomers,Living Environment,Living_Env,2022,62.3,12,0.0,100.0,0.0,0.0,29,Transfer School,0.0,1.0,91.0,81.0,3.0,32.0,1.0,81.0,16.0,19.0,19.0,LIBERTY HIGH SCH ACAD-NEWCOMERS,800000046811.0,40.74182,-74.000238,10011,Chelsea - Clinton
71M550,Liberty High School Academy for Newcomers,Common Core Algebra,Algebra_I,2022,61.27,30,36.67,63.33,0.0,0.0,29,Transfer School,0.0,1.0,91.0,81.0,3.0,32.0,1.0,81.0,16.0,19.0,16.0,LIBERTY HIGH SCH ACAD-NEWCOMERS,800000046811.0,40.74182,-74.000238,10011,Chelsea - Clinton
71M550,Liberty High School Academy for Newcomers,Common Core English,ELA,2022,61.7,33,63.64,36.36,0.0,0.0,29,Transfer School,0.0,1.0,91.0,81.0,3.0,32.0,1.0,81.0,16.0,19.0,17.5,LIBERTY HIGH SCH ACAD-NEWCOMERS,800000046811.0,40.74182,-74.000238,10011,Chelsea - Clinton
71M551,Urban Assembly New York Harbor School,Common Core Algebra,Algebra_I,2022,62.7,73,23.29,54.79,0.0,21.92,41,Career Technical,1.0,0.0,4.0,62.0,25.0,5.0,1.0,86.0,23.0,26.0,23.0,URBAN ASSEMBLY NY HARBOR SCHOOL,800000057158.0,40.689493,-74.018941,10004,Lower Manhattan
71M551,Urban Assembly New York Harbor School,Living Environment,Living_Env,2022,73.32,77,20.78,46.75,9.09,23.38,41,Career Technical,1.0,0.0,4.0,62.0,25.0,5.0,1.0,86.0,23.0,26.0,26.0,URBAN ASSEMBLY NY HARBOR SCHOOL,800000057158.0,40.689493,-74.018941,10004,Lower Manhattan
71M552,Gregorio Luperon High School for Science and Mathematics,Common Core English,ELA,2022,73.5,48,0.0,100.0,0.0,0.0,38,General Academic,0.0,0.0,87.0,88.0,4.0,37.0,1.0,88.0,23.0,23.0,23.0,GREGORIO LUPERON HS-SCI & MATH,800000046812.0,40.8381,-73.9383,10032,Washington Heights - Inwood
71M552,Gregorio Luperon High School for Science and Mathematics,Living Environment,Living_Env,2022,74.2,50,0.0,100.0,0.0,0.0,38,General Academic,0.0,0.0,87.0,88.0,4.0,37.0,1.0,88.0,23.0,23.0,23.0,GREGORIO LUPERON HS-SCI & MATH,800000046812.0,40.8381,-73.9383,10032,Washington Heights - Inwood
71M552,Gregorio Luperon High School for Science and Mathematics,Common Core Algebra,Algebra_I,2022,62.4,54,0.0,100.0,0.0,0.0,38,General Academic,0.0,0.0,87.0,88.0,4.0,37.0,1.0,88.0,23.0,23.0,23.0,GREGORIO LUPERON HS-SCI & MATH,800000046812.0,40.8381,-73.9383,10032,Washington Heights - Inwood
71M555,Central Park East High School,Common Core Algebra,Algebra_I,2022,72.13,36,33.33,66.67,0.0,0.0,34,General Academic,0.0,0.0,2.0,82.0,20.0,7.0,1.0,95.0,,20.0,,CENTRAL PARK EAST HIGH SCHOOL,800000046813.0,40.793649,-73.948488,10029,East Harlem
71M555,Central Park East High School,Living Environment,Living_Env,2022,77.54,92,20.65,64.13,15.22,0.0,34,General Academic,0.0,0.0,2.0,82.0,20.0,7.0,1.0,95.0,,20.0,20.0,CENTRAL PARK EAST HIGH SCHOOL,800000046813.0,40.793649,-73.948488,10029,East Harlem
71M555,Central Park East High School,Common Core English,ELA,2022,83.61,111,27.93,54.95,17.12,0.0,34,General Academic,0.0,0.0,2.0,82.0,20.0,7.0,1.0,95.0,,20.0,20.0,CENTRAL PARK EAST HIGH SCHOOL,800000046813.0,40.793649,-73.948488,10029,East Harlem
71M565,Urban Academy Laboratory High School,Common Core English,ELA,2022,83.04,38,26.32,36.84,0.0,36.84,15,Transfer School,0.0,1.0,4.0,52.0,25.0,8.0,1.0,85.0,,,,URBAN ACAD LABORATORY HIGH SCHOOL,800000046798.0,40.765638,-73.959777,10065,Upper East Side
71M570,Brownsville Academy High School,Common Core English,ELA,2022,58.56,21,71.43,28.57,0.0,0.0,12,Transfer School,0.0,1.0,11.0,87.0,21.0,11.0,1.0,47.0,32.0,25.0,28.5,SATELLITE ACADEMY HIGH SCHOOL,800000046799.0,40.666251,-73.923881,11212,Bedford Stuyvesant - Crown Heights
73K553,Brownsville Academy High School,Common Core English,ELA,2022,58.56,21,71.43,28.57,0.0,0.0,11,Transfer School,0.0,1.0,2.0,81.0,31.0,15.0,1.0,46.0,8.0,8.0,8.0,BROOKLYN ACADEMY HIGH SCHOOL,800000057160.0,40.666251,-73.923881,11212,Bedford Stuyvesant - Crown Heights
76K568,Brownsville Academy High School,Common Core English,ELA,2022,58.56,21,71.43,28.57,0.0,0.0,6,Transfer School,0.0,1.0,2.0,83.0,32.0,15.0,1.0,45.0,3.0,4.0,3.5,BROWNSVILLE ACADEMY HIGH SCHOOL,800000057990.0,40.666251,-73.923881,11212,Bedford Stuyvesant - Crown Heights
71M575,Manhattan Comprehensive Night and Day High School,Common Core English,ELA,2022,72.28,18,61.11,0.0,38.89,0.0,44,Transfer School,0.0,1.0,57.0,81.0,8.0,8.0,1.0,65.0,23.0,19.0,21.0,MANHATTAN COMP NIGHT AND DAY HS,800000046725.0,40.732699,-73.984333,10003,Union Square - Lower East Side
71M575,Manhattan Comprehensive Night and Day High School,Living Environment,Living_Env,2022,62.5,33,66.67,33.33,0.0,0.0,44,Transfer School,0.0,1.0,57.0,81.0,8.0,8.0,1.0,65.0,23.0,19.0,19.0,MANHATTAN COMP NIGHT AND DAY HS,800000046725.0,40.732699,-73.984333,10003,Union Square - Lower East Side
71M575,Manhattan Comprehensive Night and Day High School,Common Core Algebra,Algebra_I,2022,64.69,51,37.25,62.75,0.0,0.0,44,Transfer School,0.0,1.0,57.0,81.0,8.0,8.0,1.0,65.0,23.0,19.0,23.0,MANHATTAN COMP NIGHT AND DAY HS,800000046725.0,40.732699,-73.984333,10003,Union Square - Lower East Side
71M580,Richard R. Green High School of Teaching,Common Core English,ELA,2022,78.99,35,28.57,40.0,31.43,0.0,22,General Academic,0.0,0.0,5.0,78.0,19.0,7.0,1.0,82.0,18.0,21.0,19.5,RICHARD R GREEN HS OF TEACHING,800000046726.0,40.705688,-74.013303,10004,Lower Manhattan
71M580,Richard R. Green High School of Teaching,Common Core Algebra,Algebra_I,2022,59.49,57,28.07,57.89,14.04,0.0,22,General Academic,0.0,0.0,5.0,78.0,19.0,7.0,1.0,82.0,18.0,21.0,18.0,RICHARD R GREEN HS OF TEACHING,800000046726.0,40.705688,-74.013303,10004,Lower Manhattan
71M580,Richard R. Green High School of Teaching,Living Environment,Living_Env,2022,66.55,59,23.73,54.24,22.03,0.0,22,General Academic,0.0,0.0,5.0,78.0,19.0,7.0,1.0,82.0,18.0,21.0,21.0,RICHARD R GREEN HS OF TEACHING,800000046726.0,40.705688,-74.013303,10004,Lower Manhattan
71M586,Harvey Milk High School,Living Environment,Living_Env,2022,81.5,10,0.0,100.0,0.0,0.0,10,Transfer School,0.0,1.0,3.0,78.0,32.0,13.0,1.0,61.0,10.0,11.0,11.0,HARVEY MILK HIGH SCHOOL,800000057167.0,40.729661,-73.992343,10003,Union Square - Lower East Side
71M600,The High School of Fashion Industries,Common Core English,ELA,2022,64.97,79,31.65,68.35,0.0,0.0,110,Career Technical,1.0,0.0,5.0,81.0,22.0,9.0,1.0,84.0,13.0,18.0,15.5,HIGH SCHOOL OF FASHION INDUSTRIES,800000046728.0,40.745677,-73.996354,10011,Chelsea - Clinton
71M600,The High School of Fashion Industries,Living Environment,Living_Env,2022,66.92,297,31.65,58.25,3.03,7.07,110,Career Technical,1.0,0.0,5.0,81.0,22.0,9.0,1.0,84.0,13.0,18.0,18.0,HIGH SCHOOL OF FASHION INDUSTRIES,800000046728.0,40.745677,-73.996354,10011,Chelsea - Clinton
71M600,The High School of Fashion Industries,Common Core Algebra,Algebra_I,2022,63.2,307,33.55,58.96,2.93,4.56,110,Career Technical,1.0,0.0,5.0,81.0,22.0,9.0,1.0,84.0,13.0,18.0,13.0,HIGH SCHOOL OF FASHION INDUSTRIES,800000046728.0,40.745677,-73.996354,10011,Chelsea - Clinton
71M605,Humanities Preparatory Academy,Common Core English,ELA,2022,79.45,24,0.0,75.0,25.0,0.0,21,Transfer School,0.0,1.0,6.0,73.0,21.0,9.0,1.0,82.0,28.0,27.0,27.5,HUMANITIES PREP ACADEMY,800000046729.0,40.743407,-74.00254,10011,Chelsea - Clinton
71M615,Chelsea Career and Technical Education High School,Living Environment,Living_Env,2022,72.5,45,17.78,68.89,13.33,0.0,34,Career Technical,1.0,0.0,4.0,83.0,28.0,6.0,1.0,73.0,13.0,15.0,15.0,CHELSEA CAREER AND TECH ED HS,800000046731.0,40.72463,-74.005058,10013,Greenwich Village - SoHo
71M615,Chelsea Career and Technical Education High School,Common Core Algebra,Algebra_I,2022,58.69,56,21.43,64.29,14.29,0.0,34,Career Technical,1.0,0.0,4.0,83.0,28.0,6.0,1.0,73.0,13.0,15.0,13.0,CHELSEA CAREER AND TECH ED HS,800000046731.0,40.72463,-74.005058,10013,Greenwich Village - SoHo
71M615,Chelsea Career and Technical Education High School,Common Core English,ELA,2022,74.6,101,23.76,62.38,13.86,0.0,34,Career Technical,1.0,0.0,4.0,83.0,28.0,6.0,1.0,73.0,13.0,15.0,14.0,CHELSEA CAREER AND TECH ED HS,800000046731.0,40.72463,-74.005058,10013,Greenwich Village - SoHo
71M630,Art and Design High School,Common Core Algebra,Algebra_I,2022,71.73,145,14.48,51.72,12.41,21.38,97,Career Technical,1.0,0.0,1.0,56.0,23.0,3.0,1.0,85.0,17.0,26.0,17.0,ART AND DESIGN HIGH SCHOOL,800000046734.0,40.759248,-73.967204,10022,Gramercy Park - Murray Hill
71M630,Art and Design High School,Living Environment,Living_Env,2022,76.13,159,13.84,49.06,11.95,25.16,97,Career Technical,1.0,0.0,1.0,56.0,23.0,3.0,1.0,85.0,17.0,26.0,26.0,ART AND DESIGN HIGH SCHOOL,800000046734.0,40.759248,-73.967204,10022,Gramercy Park - Murray Hill
71M630,Art and Design High School,Common Core English,ELA,2022,83.36,425,15.29,45.18,11.29,28.24,97,Career Technical,1.0,0.0,1.0,56.0,23.0,3.0,1.0,85.0,17.0,26.0,21.5,ART AND DESIGN HIGH SCHOOL,800000046734.0,40.759248,-73.967204,10022,Gramercy Park - Murray Hill
71M650,Cascades High School,Common Core English,ELA,2022,64.0,11,100.0,0.0,0.0,0.0,13,Transfer School,0.0,1.0,7.0,89.0,40.0,8.0,1.0,50.0,3.0,4.0,3.5,CASCADES HIGH SCHOOL,800000046808.0,40.722415,-73.990468,10002,Union Square - Lower East Side
71M655,The High School for Climate Justice,Living Environment,Living_Env,2022,60.5,13,0.0,100.0,0.0,0.0,27,General Academic,0.0,0.0,11.0,83.0,27.0,13.0,1.0,79.0,23.0,30.0,30.0,HIGH SCHOOL FOR CLIMATE JUSTICE ,800000046737.0,40.78358769,-73.9458592,10128,Upper East Side
71M655,The High School for Climate Justice,Common Core English,ELA,2022,64.4,59,38.98,50.85,10.17,0.0,27,General Academic,0.0,0.0,11.0,83.0,27.0,13.0,1.0,79.0,23.0,30.0,26.5,HIGH SCHOOL FOR CLIMATE JUSTICE ,800000046737.0,40.78358769,-73.9458592,10128,Upper East Side
71M655,The High School for Climate Justice,Common Core Algebra,Algebra_I,2022,56.03,71,23.94,64.79,11.27,0.0,27,General Academic,0.0,0.0,11.0,83.0,27.0,13.0,1.0,79.0,23.0,30.0,23.0,HIGH SCHOOL FOR CLIMATE JUSTICE ,800000046737.0,40.78358769,-73.9458592,10128,Upper East Side
72X213,Bronx Engineering and Technology Academy,Living Environment,Living_Env,2022,65.54,64,37.5,62.5,0.0,0.0,31,General Academic,0.0,0.0,13.0,90.0,30.0,8.0,1.0,80.0,24.0,24.0,24.0,BRONX ENG & TECH ACADEMY,800000057979.0,40.877379,-73.912686,10463,Kingsbridge - Riverdale
72X213,Bronx Engineering and Technology Academy,Common Core Algebra,Algebra_I,2022,57.19,78,32.05,67.95,0.0,0.0,31,General Academic,0.0,0.0,13.0,90.0,30.0,8.0,1.0,80.0,24.0,24.0,24.0,BRONX ENG & TECH ACADEMY,800000057979.0,40.877379,-73.912686,10463,Kingsbridge - Riverdale
72X213,Bronx Engineering and Technology Academy,Common Core English,ELA,2022,62.34,88,31.82,68.18,0.0,0.0,31,General Academic,0.0,0.0,13.0,90.0,30.0,8.0,1.0,80.0,24.0,24.0,24.0,BRONX ENG & TECH ACADEMY,800000057979.0,40.877379,-73.912686,10463,Kingsbridge - Riverdale
72X227,Bronx Collegiate Academy,Living Environment,Living_Env,2022,68.05,110,27.27,72.73,0.0,0.0,27,General Academic,0.0,0.0,18.0,89.0,22.0,13.0,1.0,87.0,18.0,15.0,15.0,BRONX COLLEGIATE ACADEMY,800000057984.0,40.839307,-73.911366,10457,Crotona - Tremont
72X227,Bronx Collegiate Academy,Common Core Algebra,Algebra_I,2022,61.58,113,26.55,73.45,0.0,0.0,27,General Academic,0.0,0.0,18.0,89.0,22.0,13.0,1.0,87.0,18.0,15.0,18.0,BRONX COLLEGIATE ACADEMY,800000057984.0,40.839307,-73.911366,10457,Crotona - Tremont
72X227,Bronx Collegiate Academy,Common Core English,ELA,2022,64.4,241,30.29,69.71,0.0,0.0,27,General Academic,0.0,0.0,18.0,89.0,22.0,13.0,1.0,87.0,18.0,15.0,16.5,BRONX COLLEGIATE ACADEMY,800000057984.0,40.839307,-73.911366,10457,Crotona - Tremont
73K555,Bronx Collegiate Academy,Living Environment,Living_Env,2022,68.05,110,27.27,72.73,0.0,0.0,34,General Academic,0.0,0.0,2.0,74.0,18.0,3.0,1.0,90.0,20.0,21.0,21.0,BROOKLYN COLLEGE ACADEMY,800000043532.0,40.839307,-73.911366,10457,Crotona - Tremont
73K555,Bronx Collegiate Academy,Common Core Algebra,Algebra_I,2022,61.58,113,26.55,73.45,0.0,0.0,34,General Academic,0.0,0.0,2.0,74.0,18.0,3.0,1.0,90.0,20.0,21.0,20.0,BROOKLYN COLLEGE ACADEMY,800000043532.0,40.839307,-73.911366,10457,Crotona - Tremont
73K555,Bronx Collegiate Academy,Common Core English,ELA,2022,64.4,241,30.29,69.71,0.0,0.0,34,General Academic,0.0,0.0,2.0,74.0,18.0,3.0,1.0,90.0,20.0,21.0,20.5,BROOKLYN COLLEGE ACADEMY,800000043532.0,40.839307,-73.911366,10457,Crotona - Tremont
72X237,"The Marie Curie School for Medicine, Nursing, and Health Professions",Living Environment,Living_Env,2022,59.87,44,27.27,72.73,0.0,0.0,25,General Academic,0.0,0.0,12.0,87.0,23.0,12.0,1.0,76.0,19.0,18.0,18.0,MARIE CURIE HIGH SCHOOL-NURSING,800000058085.0,40.875636,-73.901565,10463,Kingsbridge - Riverdale
72X237,"The Marie Curie School for Medicine, Nursing, and Health Professions",Common Core Algebra,Algebra_I,2022,53.38,73,26.03,73.97,0.0,0.0,25,General Academic,0.0,0.0,12.0,87.0,23.0,12.0,1.0,76.0,19.0,18.0,19.0,MARIE CURIE HIGH SCHOOL-NURSING,800000058085.0,40.875636,-73.901565,10463,Kingsbridge - Riverdale
72X237,"The Marie Curie School for Medicine, Nursing, and Health Professions",Common Core English,ELA,2022,58.16,127,29.92,70.08,0.0,0.0,25,General Academic,0.0,0.0,12.0,87.0,23.0,12.0,1.0,76.0,19.0,18.0,18.5,MARIE CURIE HIGH SCHOOL-NURSING,800000058085.0,40.875636,-73.901565,10463,Kingsbridge - Riverdale
72X249,Bronx Health Sciences High School,Living Environment,Living_Env,2022,65.62,68,60.29,39.71,0.0,0.0,25,General Academic,0.0,0.0,8.0,86.0,18.0,12.0,1.0,85.0,25.0,25.0,25.0,BRONX HEALTH SCIENCES HIGH SCHOOL,800000057980.0,40.874035,-73.831669,10475,Northeast Bronx
72X249,Bronx Health Sciences High School,Common Core Algebra,Algebra_I,2022,51.96,70,57.14,42.86,0.0,0.0,25,General Academic,0.0,0.0,8.0,86.0,18.0,12.0,1.0,85.0,25.0,25.0,25.0,BRONX HEALTH SCIENCES HIGH SCHOOL,800000057980.0,40.874035,-73.831669,10475,Northeast Bronx
72X250,Eximius College Preparatory Academy: A College Board School,Common Core Algebra,Algebra_I,2022,60.1,60,0.0,100.0,0.0,0.0,28,General Academic,0.0,0.0,10.0,89.0,25.0,11.0,1.0,89.0,24.0,22.0,24.0,EXIMIUS COLLEGE PREP ACADEMY,800000059076.0,40.833884,-73.902794,10456,High Bridge - Morrisania
72X250,Eximius College Preparatory Academy: A College Board School,Living Environment,Living_Env,2022,61.95,83,28.92,71.08,0.0,0.0,28,General Academic,0.0,0.0,10.0,89.0,25.0,11.0,1.0,89.0,24.0,22.0,22.0,EXIMIUS COLLEGE PREP ACADEMY,800000059076.0,40.833884,-73.902794,10456,High Bridge - Morrisania
72X250,Eximius College Preparatory Academy: A College Board School,Common Core English,ELA,2022,71.86,98,42.86,57.14,0.0,0.0,28,General Academic,0.0,0.0,10.0,89.0,25.0,11.0,1.0,89.0,24.0,22.0,23.0,EXIMIUS COLLEGE PREP ACADEMY,800000059076.0,40.833884,-73.902794,10456,High Bridge - Morrisania
72X251,Explorations Academy High School,Common Core English,ELA,2022,49.7,29,0.0,100.0,0.0,0.0,27,General Academic,0.0,0.0,20.0,89.0,31.0,18.0,1.0,83.0,20.0,19.0,19.5,EXPLORATIONS ACADEMY HS,800000059077.0,40.836245,-73.890591,10460,Crotona - Tremont
72X251,Explorations Academy High School,Common Core Algebra,Algebra_I,2022,57.5,42,0.0,100.0,0.0,0.0,27,General Academic,0.0,0.0,20.0,89.0,31.0,18.0,1.0,83.0,20.0,19.0,20.0,EXPLORATIONS ACADEMY HS,800000059077.0,40.836245,-73.890591,10460,Crotona - Tremont
72X251,Explorations Academy High School,Living Environment,Living_Env,2022,58.2,46,0.0,100.0,0.0,0.0,27,General Academic,0.0,0.0,20.0,89.0,31.0,18.0,1.0,83.0,20.0,19.0,19.0,EXPLORATIONS ACADEMY HS,800000059077.0,40.836245,-73.890591,10460,Crotona - Tremont
72X252,Mott Hall Bronx High School,Living Environment,Living_Env,2022,63.8,53,0.0,100.0,0.0,0.0,31,General Academic,0.0,0.0,13.0,92.0,26.0,10.0,1.0,79.0,33.0,30.0,30.0,MOTT HALL BRONX HIGH SCHOOL,800000059091.0,40.839508,-73.901774,10457,Crotona - Tremont
72X252,Mott Hall Bronx High School,Common Core Algebra,Algebra_I,2022,54.7,59,0.0,100.0,0.0,0.0,31,General Academic,0.0,0.0,13.0,92.0,26.0,10.0,1.0,79.0,33.0,30.0,33.0,MOTT HALL BRONX HIGH SCHOOL,800000059091.0,40.839508,-73.901774,10457,Crotona - Tremont
72X253,Bronx High School for Writing and Communication Arts,Common Core English,ELA,2022,65.1,21,57.14,42.86,0.0,0.0,18,General Academic,0.0,0.0,17.0,85.0,25.0,10.0,1.0,86.0,20.0,19.0,19.5,BRONX HIGH SCH-WRITING & COMM ARTS,800000057981.0,40.875172,-73.861649,10467,Fordham - Bronx Park
72X253,Bronx High School for Writing and Communication Arts,Living Environment,Living_Env,2022,59.15,45,62.22,37.78,0.0,0.0,18,General Academic,0.0,0.0,17.0,85.0,25.0,10.0,1.0,86.0,20.0,19.0,19.0,BRONX HIGH SCH-WRITING & COMM ARTS,800000057981.0,40.875172,-73.861649,10467,Fordham - Bronx Park
72X253,Bronx High School for Writing and Communication Arts,Common Core Algebra,Algebra_I,2022,58.27,50,68.0,32.0,0.0,0.0,18,General Academic,0.0,0.0,17.0,85.0,25.0,10.0,1.0,86.0,20.0,19.0,20.0,BRONX HIGH SCH-WRITING & COMM ARTS,800000057981.0,40.875172,-73.861649,10467,Fordham - Bronx Park
72X260,Bronx Center for Science and Mathematics,Living Environment,Living_Env,2022,68.45,62,32.26,67.74,0.0,0.0,30,General Academic,0.0,0.0,9.0,90.0,23.0,4.0,1.0,85.0,8.0,16.0,16.0,BRONX CENTER FOR SCI & MATH,800000059106.0,40.833884,-73.902794,10456,High Bridge - Morrisania
72X260,Bronx Center for Science and Mathematics,Common Core Algebra,Algebra_I,2022,61.45,77,31.17,68.83,0.0,0.0,30,General Academic,0.0,0.0,9.0,90.0,23.0,4.0,1.0,85.0,8.0,16.0,8.0,BRONX CENTER FOR SCI & MATH,800000059106.0,40.833884,-73.902794,10456,High Bridge - Morrisania
72X263,Validus Preparatory Academy,Living Environment,Living_Env,2022,58.16,59,50.85,49.15,0.0,0.0,24,General Academic,0.0,0.0,14.0,91.0,27.0,12.0,1.0,77.0,17.0,15.0,15.0,VALIDUS PREP ACADEMY,800000059128.0,40.839508,-73.901774,10457,Crotona - Tremont
72X263,Validus Preparatory Academy,Common Core Algebra,Algebra_I,2022,55.07,72,52.78,47.22,0.0,0.0,24,General Academic,0.0,0.0,14.0,91.0,27.0,12.0,1.0,77.0,17.0,15.0,17.0,VALIDUS PREP ACADEMY,800000059128.0,40.839508,-73.901774,10457,Crotona - Tremont
72X263,Validus Preparatory Academy,Common Core English,ELA,2022,61.48,98,41.84,58.16,0.0,0.0,24,General Academic,0.0,0.0,14.0,91.0,27.0,12.0,1.0,77.0,17.0,15.0,16.0,VALIDUS PREP ACADEMY,800000059128.0,40.839508,-73.901774,10457,Crotona - Tremont
72X264,Bronx Academy for Software Engineering (BASE),Common Core English,ELA,2022,67.2,13,0.0,100.0,0.0,0.0,39,Career Technical,1.0,0.0,12.0,85.0,29.0,12.0,1.0,76.0,14.0,14.0,14.0,BRONX ACAD FOR SOFTWARE ENGINEERING,800000077822.0,40.855392,-73.882487,10458,Fordham - Bronx Park
72X264,Bronx Academy for Software Engineering (BASE),Living Environment,Living_Env,2022,64.82,59,22.03,77.97,0.0,0.0,39,Career Technical,1.0,0.0,12.0,85.0,29.0,12.0,1.0,76.0,14.0,14.0,14.0,BRONX ACAD FOR SOFTWARE ENGINEERING,800000077822.0,40.855392,-73.882487,10458,Fordham - Bronx Park
72X264,Bronx Academy for Software Engineering (BASE),Common Core Algebra,Algebra_I,2022,53.77,75,24.0,76.0,0.0,0.0,39,Career Technical,1.0,0.0,12.0,85.0,29.0,12.0,1.0,76.0,14.0,14.0,14.0,BRONX ACAD FOR SOFTWARE ENGINEERING,800000077822.0,40.855392,-73.882487,10458,Fordham - Bronx Park
72X265,Brooklyn Lab School,Living Environment,Living_Env,2022,57.65,65,23.08,76.92,0.0,0.0,23,General Academic,0.0,0.0,15.0,87.0,31.0,8.0,1.0,76.0,,19.0,19.0,BRONX LAB SCHOOL,800000057982.0,40.693002,-73.869305,11208,East New York
72X265,Brooklyn Lab School,Common Core Algebra,Algebra_I,2022,55.46,98,33.67,66.33,0.0,0.0,23,General Academic,0.0,0.0,15.0,87.0,31.0,8.0,1.0,76.0,,19.0,,BRONX LAB SCHOOL,800000057982.0,40.693002,-73.869305,11208,East New York
72X265,Brooklyn Lab School,Common Core English,ELA,2022,57.13,136,25.0,61.03,13.97,0.0,23,General Academic,0.0,0.0,15.0,87.0,31.0,8.0,1.0,76.0,,19.0,19.0,BRONX LAB SCHOOL,800000057982.0,40.693002,-73.869305,11208,East New York
73K639,Brooklyn Lab School,Living Environment,Living_Env,2022,57.65,65,23.08,76.92,0.0,0.0,27,General Academic,0.0,0.0,27.0,86.0,23.0,12.0,1.0,85.0,21.0,19.0,19.0,BROOKLYN LAB SCHOOL,800000062339.0,40.693002,-73.869305,11208,East New York
73K639,Brooklyn Lab School,Common Core Algebra,Algebra_I,2022,55.46,98,33.67,66.33,0.0,0.0,27,General Academic,0.0,0.0,27.0,86.0,23.0,12.0,1.0,85.0,21.0,19.0,21.0,BROOKLYN LAB SCHOOL,800000062339.0,40.693002,-73.869305,11208,East New York
73K639,Brooklyn Lab School,Common Core English,ELA,2022,57.13,136,25.0,61.03,13.97,0.0,27,General Academic,0.0,0.0,27.0,86.0,23.0,12.0,1.0,85.0,21.0,19.0,20.0,BROOKLYN LAB SCHOOL,800000062339.0,40.693002,-73.869305,11208,East New York
72X268,Kingsbridge International High School,Common Core Algebra,Algebra_I,2022,53.5,71,0.0,100.0,0.0,0.0,18,General Academic,0.0,0.0,95.0,97.0,6.0,39.0,1.0,80.0,18.0,17.0,18.0,KINGSBRIDGE INTERNATIONAL HS,800000059085.0,40.869061,-73.897066,10468,Fordham - Bronx Park
72X270,Academy for Scholarship and Entrepreneurship: A College Board School,Living Environment,Living_Env,2022,61.2,28,100.0,0.0,0.0,0.0,28,General Academic,0.0,0.0,4.0,87.0,20.0,9.0,1.0,92.0,14.0,9.0,9.0,ACAD-SCHOLARSHIP & ENTREPRENEURSHIP,800000059071.0,40.888242,-73.852714,10466,Northeast Bronx
72X270,Academy for Scholarship and Entrepreneurship: A College Board School,Common Core English,ELA,2022,67.8,80,75.0,25.0,0.0,0.0,28,General Academic,0.0,0.0,4.0,87.0,20.0,9.0,1.0,92.0,14.0,9.0,11.5,ACAD-SCHOLARSHIP & ENTREPRENEURSHIP,800000059071.0,40.888242,-73.852714,10466,Northeast Bronx
72X270,Academy for Scholarship and Entrepreneurship: A College Board School,Common Core Algebra,Algebra_I,2022,56.14,82,65.85,34.15,0.0,0.0,28,General Academic,0.0,0.0,4.0,87.0,20.0,9.0,1.0,92.0,14.0,9.0,14.0,ACAD-SCHOLARSHIP & ENTREPRENEURSHIP,800000059071.0,40.888242,-73.852714,10466,Northeast Bronx
72X275,High School of Computers and Technology,Common Core English,ELA,2022,66.44,86,39.53,52.33,8.14,0.0,35,Career Technical,1.0,0.0,11.0,80.0,29.0,7.0,1.0,86.0,18.0,23.0,20.5,HIGH SCHOOL-COMPUTERS & TECHNOLOGY,800000058028.0,40.875172,-73.861649,10467,Fordham - Bronx Park
72X275,High School of Computers and Technology,Living Environment,Living_Env,2022,64.25,94,31.91,61.7,6.38,0.0,35,Career Technical,1.0,0.0,11.0,80.0,29.0,7.0,1.0,86.0,18.0,23.0,23.0,HIGH SCHOOL-COMPUTERS & TECHNOLOGY,800000058028.0,40.875172,-73.861649,10467,Fordham - Bronx Park
72X275,High School of Computers and Technology,Common Core Algebra,Algebra_I,2022,60.96,105,39.05,60.95,0.0,0.0,35,Career Technical,1.0,0.0,11.0,80.0,29.0,7.0,1.0,86.0,18.0,23.0,18.0,HIGH SCHOOL-COMPUTERS & TECHNOLOGY,800000058028.0,40.875172,-73.861649,10467,Fordham - Bronx Park
72X282,Women's Academy of Excellence,Living Environment,Living_Env,2022,57.6,14,0.0,100.0,0.0,0.0,17,General Academic,0.0,0.0,25.0,92.0,21.0,13.0,1.0,82.0,5.0,13.0,13.0,WOMEN'S ACADEMY OF EXCELLENCE,800000058110.0,40.815043,-73.85607,10473,Pelham - Throgs Neck
72X282,Women's Academy of Excellence,Common Core Algebra,Algebra_I,2022,52.66,41,26.83,53.66,19.51,0.0,17,General Academic,0.0,0.0,25.0,92.0,21.0,13.0,1.0,82.0,5.0,13.0,5.0,WOMEN'S ACADEMY OF EXCELLENCE,800000058110.0,40.815043,-73.85607,10473,Pelham - Throgs Neck
72X282,Women's Academy of Excellence,Common Core English,ELA,2022,51.8,64,39.06,43.75,0.0,17.19,17,General Academic,0.0,0.0,25.0,92.0,21.0,13.0,1.0,82.0,5.0,13.0,9.0,WOMEN'S ACADEMY OF EXCELLENCE,800000058110.0,40.815043,-73.85607,10473,Pelham - Throgs Neck
72X284,Bronx School of Law and Finance,Common Core English,ELA,2022,69.57,57,17.54,82.46,0.0,0.0,25,General Academic,0.0,0.0,15.0,90.0,22.0,15.0,1.0,79.0,18.0,20.0,19.0,BRONX SCHOOL OF LAW & FINANCE,800000057985.0,40.877379,-73.912686,10463,Kingsbridge - Riverdale
72X284,Bronx School of Law and Finance,Living Environment,Living_Env,2022,60.08,63,26.98,73.02,0.0,0.0,25,General Academic,0.0,0.0,15.0,90.0,22.0,15.0,1.0,79.0,18.0,20.0,20.0,BRONX SCHOOL OF LAW & FINANCE,800000057985.0,40.877379,-73.912686,10463,Kingsbridge - Riverdale
72X284,Bronx School of Law and Finance,Common Core Algebra,Algebra_I,2022,57.74,65,29.23,70.77,0.0,0.0,25,General Academic,0.0,0.0,15.0,90.0,22.0,15.0,1.0,79.0,18.0,20.0,18.0,BRONX SCHOOL OF LAW & FINANCE,800000057985.0,40.877379,-73.912686,10463,Kingsbridge - Riverdale
72X288,Collegiate Institute for Math and Science,Living Environment,Living_Env,2022,73.57,84,34.52,50.0,0.0,15.48,32,General Academic,0.0,0.0,7.0,80.0,21.0,8.0,1.0,90.0,27.0,25.0,25.0,COLLEGIATE INST FOR MATH & SCI,800000058009.0,40.860443,-73.860729,10469,Northeast Bronx
72X288,Collegiate Institute for Math and Science,Common Core English,ELA,2022,79.0,89,37.08,41.57,0.0,21.35,32,General Academic,0.0,0.0,7.0,80.0,21.0,8.0,1.0,90.0,27.0,25.0,26.0,COLLEGIATE INST FOR MATH & SCI,800000058009.0,40.860443,-73.860729,10469,Northeast Bronx
72X288,Collegiate Institute for Math and Science,Common Core Algebra,Algebra_I,2022,66.14,95,32.63,51.58,15.79,0.0,32,General Academic,0.0,0.0,7.0,80.0,21.0,8.0,1.0,90.0,27.0,25.0,27.0,COLLEGIATE INST FOR MATH & SCI,800000058009.0,40.860443,-73.860729,10469,Northeast Bronx
72X290,Bronx Academy of Health Careers,Living Environment,Living_Env,2022,62.81,67,41.79,58.21,0.0,0.0,26,General Academic,0.0,0.0,15.0,89.0,23.0,14.0,1.0,88.0,27.0,26.0,26.0,BRONX ACADEMY OF HEALTH CAREERS,800000057978.0,40.875172,-73.861649,10467,Fordham - Bronx Park
72X290,Bronx Academy of Health Careers,Common Core Algebra,Algebra_I,2022,54.51,72,41.67,58.33,0.0,0.0,26,General Academic,0.0,0.0,15.0,89.0,23.0,14.0,1.0,88.0,27.0,26.0,27.0,BRONX ACADEMY OF HEALTH CAREERS,800000057978.0,40.875172,-73.861649,10467,Fordham - Bronx Park
72X290,Bronx Academy of Health Careers,Common Core English,ELA,2022,62.03,80,36.25,63.75,0.0,0.0,26,General Academic,0.0,0.0,15.0,89.0,23.0,14.0,1.0,88.0,27.0,26.0,26.5,BRONX ACADEMY OF HEALTH CAREERS,800000057978.0,40.875172,-73.861649,10467,Fordham - Bronx Park
72X293,Renaissance High School for Musical Theater and the Arts,Living Environment,Living_Env,2022,64.39,72,22.22,77.78,0.0,0.0,34,General Academic,0.0,0.0,6.0,80.0,27.0,5.0,1.0,79.0,17.0,18.0,18.0,RENAISSANCE HIGH SCHOOL-MTA,800000058068.0,40.839775,-73.839583,10461,Pelham - Throgs Neck
72X293,Renaissance High School for Musical Theater and the Arts,Common Core Algebra,Algebra_I,2022,55.75,75,22.67,77.33,0.0,0.0,34,General Academic,0.0,0.0,6.0,80.0,27.0,5.0,1.0,79.0,17.0,18.0,17.0,RENAISSANCE HIGH SCHOOL-MTA,800000058068.0,40.839775,-73.839583,10461,Pelham - Throgs Neck
72X297,Morris Academy for Collaborative Studies,Living Environment,Living_Env,2022,71.02,79,24.05,75.95,0.0,0.0,38,General Academic,0.0,0.0,12.0,95.0,27.0,8.0,1.0,81.0,17.0,22.0,22.0,MORRIS ACADEMY FOR COLLA STUDIES,800000058048.0,40.827455,-73.90392,10456,High Bridge - Morrisania
72X297,Morris Academy for Collaborative Studies,Common Core Algebra,Algebra_I,2022,64.28,150,24.67,75.33,0.0,0.0,38,General Academic,0.0,0.0,12.0,95.0,27.0,8.0,1.0,81.0,17.0,22.0,17.0,MORRIS ACADEMY FOR COLLA STUDIES,800000058048.0,40.827455,-73.90392,10456,High Bridge - Morrisania
72X297,Morris Academy for Collaborative Studies,Common Core English,ELA,2022,72.84,179,22.91,77.09,0.0,0.0,38,General Academic,0.0,0.0,12.0,95.0,27.0,8.0,1.0,81.0,17.0,22.0,19.5,MORRIS ACADEMY FOR COLLA STUDIES,800000058048.0,40.827455,-73.90392,10456,High Bridge - Morrisania
72X299,Astor Collegiate Academy,Living Environment,Living_Env,2022,69.74,44,36.36,38.64,25.0,0.0,32,General Academic,0.0,0.0,13.0,84.0,22.0,9.0,1.0,84.0,23.0,24.0,24.0,ASTOR COLLEGIATE ACADEMY,800000057977.0,40.860443,-73.860729,10469,Northeast Bronx
72X299,Astor Collegiate Academy,Common Core English,ELA,2022,65.77,85,40.0,43.53,0.0,16.47,32,General Academic,0.0,0.0,13.0,84.0,22.0,9.0,1.0,84.0,23.0,24.0,23.5,ASTOR COLLEGIATE ACADEMY,800000057977.0,40.860443,-73.860729,10469,Northeast Bronx
72X299,Astor Collegiate Academy,Common Core Algebra,Algebra_I,2022,62.83,92,25.0,58.7,16.3,0.0,32,General Academic,0.0,0.0,13.0,84.0,22.0,9.0,1.0,84.0,23.0,24.0,23.0,ASTOR COLLEGIATE ACADEMY,800000057977.0,40.860443,-73.860729,10469,Northeast Bronx
72X312,Millennium Art Academy,Common Core English,ELA,2022,62.21,46,30.43,69.57,0.0,0.0,36,General Academic,0.0,0.0,5.0,83.0,23.0,10.0,1.0,78.0,18.0,28.0,23.0,MILLENIUM ART ACADEMY,800000058047.0,40.821218,-73.85593,10473,Pelham - Throgs Neck
72X312,Millennium Art Academy,Common Core Algebra,Algebra_I,2022,67.69,68,22.06,77.94,0.0,0.0,36,General Academic,0.0,0.0,5.0,83.0,23.0,10.0,1.0,78.0,18.0,28.0,18.0,MILLENIUM ART ACADEMY,800000058047.0,40.821218,-73.85593,10473,Pelham - Throgs Neck
72X320,Pelham Lab High School,Living Environment,Living_Env,2022,65.31,51,23.53,76.47,0.0,0.0,29,General Academic,0.0,0.0,12.0,80.0,28.0,4.0,1.0,80.0,20.0,21.0,21.0,PELHAM LAB HIGH SCHOOL,800000077814.0,40.839775,-73.839583,10461,Pelham - Throgs Neck
72X320,Pelham Lab High School,Common Core Algebra,Algebra_I,2022,51.48,61,21.31,78.69,0.0,0.0,29,General Academic,0.0,0.0,12.0,80.0,28.0,4.0,1.0,80.0,20.0,21.0,20.0,PELHAM LAB HIGH SCHOOL,800000077814.0,40.839775,-73.839583,10461,Pelham - Throgs Neck
72X329,DreamYard Preparatory School,Living Environment,Living_Env,2022,63.1,71,30.99,69.01,0.0,0.0,26,General Academic,0.0,0.0,22.0,93.0,30.0,20.0,1.0,80.0,23.0,23.0,23.0,DREAMYARD PREPARATORY SCHOOL,800000059616.0,40.839307,-73.911366,10457,Crotona - Tremont
72X329,DreamYard Preparatory School,Common Core Algebra,Algebra_I,2022,57.73,93,31.18,68.82,0.0,0.0,26,General Academic,0.0,0.0,22.0,93.0,30.0,20.0,1.0,80.0,23.0,23.0,23.0,DREAMYARD PREPARATORY SCHOOL,800000059616.0,40.839307,-73.911366,10457,Crotona - Tremont
72X329,DreamYard Preparatory School,Common Core English,ELA,2022,73.24,110,28.18,71.82,0.0,0.0,26,General Academic,0.0,0.0,22.0,93.0,30.0,20.0,1.0,80.0,23.0,23.0,23.0,DREAMYARD PREPARATORY SCHOOL,800000059616.0,40.839307,-73.911366,10457,Crotona - Tremont
72X334,International Community High School,Common Core English,ELA,2022,54.57,77,18.18,81.82,0.0,0.0,27,General Academic,0.0,0.0,95.0,98.0,10.0,30.0,1.0,83.0,17.0,,17.0,INTERNATIONAL COMMUNITY HIGH SCHOOL,800000059630.0,40.810314,-73.918774,10454,Hunts Point - Mott Haven
72X348,Schuylerville Preparatory High School,Living Environment,Living_Env,2022,59.06,62,25.81,61.29,0.0,12.9,27,General Academic,0.0,0.0,21.0,77.0,24.0,6.0,1.0,78.0,30.0,30.0,30.0,SCHUYLERVILLE PREP HS,800000077815.0,40.839775,-73.839583,10461,Pelham - Throgs Neck
72X348,Schuylerville Preparatory High School,Common Core Algebra,Algebra_I,2022,52.39,66,30.3,56.06,0.0,13.64,27,General Academic,0.0,0.0,21.0,77.0,24.0,6.0,1.0,78.0,30.0,30.0,30.0,SCHUYLERVILLE PREP HS,800000077815.0,40.839775,-73.839583,10461,Pelham - Throgs Neck
72X348,Schuylerville Preparatory High School,Common Core English,ELA,2022,64.36,133,23.31,63.16,0.0,13.53,27,General Academic,0.0,0.0,21.0,77.0,24.0,6.0,1.0,78.0,30.0,30.0,30.0,SCHUYLERVILLE PREP HS,800000077815.0,40.839775,-73.839583,10461,Pelham - Throgs Neck
72X349,Bronx River High School,Living Environment,Living_Env,2022,62.72,84,13.1,75.0,11.9,0.0,35,General Academic,0.0,0.0,13.0,80.0,24.0,4.0,1.0,88.0,16.0,11.0,11.0,BRONX RIVER HIGH SCHOOL,800000077816.0,40.839775,-73.839583,10461,Pelham - Throgs Neck
72X349,Bronx River High School,Common Core Algebra,Algebra_I,2022,62.53,95,14.74,73.68,11.58,0.0,35,General Academic,0.0,0.0,13.0,80.0,24.0,4.0,1.0,88.0,16.0,11.0,16.0,BRONX RIVER HIGH SCHOOL,800000077816.0,40.839775,-73.839583,10461,Pelham - Throgs Neck
72X351,Bronx Collaborative High School,Common Core English,ELA,2022,55.96,102,26.47,73.53,0.0,0.0,38,General Academic,0.0,0.0,20.0,88.0,29.0,13.0,1.0,68.0,24.0,26.0,25.0,BRONX COLLABORATIVE HIGH SCHOOL,800000077823.0,40.879958,-73.889011,10468,Fordham - Bronx Park
72X353,World View High School,Common Core English,ELA,2022,74.28,92,23.91,67.39,8.7,0.0,48,General Academic,0.0,0.0,28.0,85.0,20.0,12.0,1.0,87.0,18.0,18.0,18.0,WORLD VIEW HIGH SCHOOL,800000077824.0,40.879958,-73.889011,10468,Fordham - Bronx Park
72X353,World View High School,Living Environment,Living_Env,2022,72.88,102,13.73,86.27,0.0,0.0,48,General Academic,0.0,0.0,28.0,85.0,20.0,12.0,1.0,87.0,18.0,18.0,18.0,WORLD VIEW HIGH SCHOOL,800000077824.0,40.879958,-73.889011,10468,Fordham - Bronx Park
72X353,World View High School,Common Core Algebra,Algebra_I,2022,67.14,145,14.48,80.69,4.83,0.0,48,General Academic,0.0,0.0,28.0,85.0,20.0,12.0,1.0,87.0,18.0,18.0,18.0,WORLD VIEW HIGH SCHOOL,800000077824.0,40.879958,-73.889011,10468,Fordham - Bronx Park
72X365,Academy for Language and Technology,Living Environment,Living_Env,2022,64.1,112,0.0,100.0,0.0,0.0,23,General Academic,0.0,0.0,91.0,100.0,4.0,51.0,1.0,87.0,,,,ACADEMY FOR LANGUAGE AND TECHNOLOGY,800000060383.0,40.849416,-73.915217,10453,Crotona - Tremont
72X365,Academy for Language and Technology,Common Core English,ELA,2022,67.9,115,0.0,100.0,0.0,0.0,23,General Academic,0.0,0.0,91.0,100.0,4.0,51.0,1.0,87.0,,,,ACADEMY FOR LANGUAGE AND TECHNOLOGY,800000060383.0,40.849416,-73.915217,10453,Crotona - Tremont
72X365,Academy for Language and Technology,Common Core Algebra,Algebra_I,2022,64.2,189,0.0,100.0,0.0,0.0,23,General Academic,0.0,0.0,91.0,100.0,4.0,51.0,1.0,87.0,,,,ACADEMY FOR LANGUAGE AND TECHNOLOGY,800000060383.0,40.849416,-73.915217,10453,Crotona - Tremont
72X374,Knowledge and Power Preparatory Academy International High School,Living Environment,Living_Env,2022,65.22,82,36.59,63.41,0.0,0.0,32,General Academic,0.0,0.0,15.0,91.0,23.0,10.0,1.0,82.0,20.0,19.0,19.0,"KNOWLEDGE, POWER PREP ACAD INTER HS",800000060390.0,40.859466,-73.888625,10458,Fordham - Bronx Park
72X374,Knowledge and Power Preparatory Academy International High School,Common Core Algebra,Algebra_I,2022,59.74,85,35.29,64.71,0.0,0.0,32,General Academic,0.0,0.0,15.0,91.0,23.0,10.0,1.0,82.0,20.0,19.0,20.0,"KNOWLEDGE, POWER PREP ACAD INTER HS",800000060390.0,40.859466,-73.888625,10458,Fordham - Bronx Park
72X374,Knowledge and Power Preparatory Academy International High School,Common Core English,ELA,2022,72.75,122,22.13,71.31,6.56,0.0,32,General Academic,0.0,0.0,15.0,91.0,23.0,10.0,1.0,82.0,20.0,19.0,19.5,"KNOWLEDGE, POWER PREP ACAD INTER HS",800000060390.0,40.859466,-73.888625,10458,Fordham - Bronx Park
72X377,South Brooklyn Community High School,Common Core English,ELA,2022,68.6,13,0.0,100.0,0.0,0.0,11,Transfer School,0.0,1.0,9.0,85.0,31.0,5.0,1.0,53.0,4.0,16.0,10.0,BRONX COMMUNITY HIGH SCHOOL,800000060399.0,40.677968,-74.014363,11232,Downtown - Heights - Park Slope
76K529,South Brooklyn Community High School,Common Core English,ELA,2022,68.6,13,0.0,100.0,0.0,0.0,16,Transfer School,0.0,1.0,14.0,82.0,37.0,9.0,1.0,46.0,14.0,14.0,14.0,WEST BROOKLYN COMMUNITY HIGH SCHOOL,800000059701.0,40.677968,-74.014363,11232,Downtown - Heights - Park Slope
76K673,South Brooklyn Community High School,Common Core English,ELA,2022,68.6,13,0.0,100.0,0.0,0.0,18,Transfer School,0.0,1.0,4.0,81.0,33.0,7.0,1.0,51.0,17.0,15.0,16.0,EAST BROOKLYN COMMUNITY HS,800000065486.0,40.677968,-74.014363,11232,Downtown - Heights - Park Slope
76K698,South Brooklyn Community High School,Common Core English,ELA,2022,68.6,13,0.0,100.0,0.0,0.0,12,Transfer School,0.0,1.0,18.0,96.0,50.0,9.0,1.0,41.0,10.0,15.0,12.5,SOUTH BROOKLYN COMM HIGH SCHOOL,800000056057.0,40.677968,-74.014363,11232,Downtown - Heights - Park Slope
72X379,Jill Chaifetz Transfer High School,Common Core English,ELA,2022,58.7,15,0.0,100.0,0.0,0.0,18,Transfer School,0.0,1.0,15.0,87.0,32.0,16.0,1.0,50.0,12.0,15.0,13.5,JILL CHAIFETZ TRANSFER HIGH SCHOOL,800000060401.0,40.818703,-73.905389,10456,High Bridge - Morrisania
72X381,Bronx Haven High School,Common Core English,ELA,2022,57.2,20,0.0,100.0,0.0,0.0,13,Transfer School,0.0,1.0,8.0,95.0,42.0,11.0,1.0,57.0,10.0,8.0,9.0,BRONX HAVEN HIGH SCHOOL,800000062370.0,40.818645,-73.919949,10451,High Bridge - Morrisania
72X388,Pan American International High School,Common Core English,ELA,2022,54.8,17,0.0,100.0,0.0,0.0,26,General Academic,0.0,0.0,98.0,93.0,3.0,37.0,1.0,80.0,9.0,22.0,15.5,PAN AMERICAN INTERNATIONAL HS-MONROE,800000062376.0,40.743228,-73.871505,11373,West Queens
72X388,Pan American International High School,Common Core Algebra,Algebra_I,2022,68.1,56,0.0,100.0,0.0,0.0,26,General Academic,0.0,0.0,98.0,93.0,3.0,37.0,1.0,80.0,9.0,22.0,9.0,PAN AMERICAN INTERNATIONAL HS-MONROE,800000062376.0,40.743228,-73.871505,11373,West Queens
77Q296,Pan American International High School,Common Core English,ELA,2022,54.8,17,0.0,100.0,0.0,0.0,31,General Academic,0.0,0.0,92.0,87.0,1.0,34.0,1.0,94.0,13.0,20.0,16.5,PAN AMERICAN INTERNATIONAL HS,800000063714.0,40.743228,-73.871505,11373,West Queens
77Q296,Pan American International High School,Common Core Algebra,Algebra_I,2022,68.1,56,0.0,100.0,0.0,0.0,31,General Academic,0.0,0.0,92.0,87.0,1.0,34.0,1.0,94.0,13.0,20.0,13.0,PAN AMERICAN INTERNATIONAL HS,800000063714.0,40.743228,-73.871505,11373,West Queens
72X403,Bronx International High School,Common Core English,ELA,2022,66.0,15,0.0,100.0,0.0,0.0,25,General Academic,0.0,0.0,91.0,88.0,5.0,31.0,1.0,68.0,8.0,2.0,5.0,BRONX INTERNATIONAL HIGH SCHOOL,800000045617.0,40.827455,-73.90392,10456,High Bridge - Morrisania
73K439,Bronx International High School,Common Core English,ELA,2022,66.0,15,0.0,100.0,0.0,0.0,25,General Academic,0.0,0.0,91.0,75.0,3.0,21.0,1.0,85.0,,15.0,15.0,BROOKLYN INTERNATIONAL HS,800000043556.0,40.827455,-73.90392,10456,High Bridge - Morrisania
72X404,School for Excellence,Living Environment,Living_Env,2022,54.2,21,0.0,100.0,0.0,0.0,16,General Academic,0.0,0.0,22.0,97.0,24.0,17.0,1.0,81.0,14.0,14.0,14.0,SCHOOL FOR EXCELLENCE ,800000056059.0,40.827455,-73.90392,10456,High Bridge - Morrisania
72X404,School for Excellence,Common Core English,ELA,2022,51.42,39,43.59,56.41,0.0,0.0,16,General Academic,0.0,0.0,22.0,97.0,24.0,17.0,1.0,81.0,14.0,14.0,14.0,SCHOOL FOR EXCELLENCE ,800000056059.0,40.827455,-73.90392,10456,High Bridge - Morrisania
72X404,School for Excellence,Common Core Algebra,Algebra_I,2022,52.52,42,38.1,61.9,0.0,0.0,16,General Academic,0.0,0.0,22.0,97.0,24.0,17.0,1.0,81.0,14.0,14.0,14.0,SCHOOL FOR EXCELLENCE ,800000056059.0,40.827455,-73.90392,10456,High Bridge - Morrisania
72X405,Herbert H. Lehman High School,Living Environment,Living_Env,2022,73.1,64,18.75,67.19,14.06,0.0,80,General Academic,0.0,0.0,12.0,82.0,26.0,4.0,1.0,87.0,15.0,18.0,18.0,HERBERT H LEHMAN HIGH SCHOOL,800000045618.0,40.839775,-73.839583,10461,Pelham - Throgs Neck
72X405,Herbert H. Lehman High School,Common Core Algebra,Algebra_I,2022,61.44,70,25.71,62.86,0.0,11.43,80,General Academic,0.0,0.0,12.0,82.0,26.0,4.0,1.0,87.0,15.0,18.0,15.0,HERBERT H LEHMAN HIGH SCHOOL,800000045618.0,40.839775,-73.839583,10461,Pelham - Throgs Neck
72X405,Herbert H. Lehman High School,Common Core English,ELA,2022,60.46,195,28.21,58.46,7.69,5.64,80,General Academic,0.0,0.0,12.0,82.0,26.0,4.0,1.0,87.0,15.0,18.0,16.5,HERBERT H LEHMAN HIGH SCHOOL,800000045618.0,40.839775,-73.839583,10461,Pelham - Throgs Neck
72X412,Bronx High School of Business,Living Environment,Living_Env,2022,56.7,63,34.92,65.08,0.0,0.0,30,General Academic,0.0,0.0,34.0,93.0,26.0,17.0,1.0,78.0,25.0,26.0,26.0,BRONX HIGH SCHOOL OF BUSINESS,800000056068.0,40.839307,-73.911366,10457,Crotona - Tremont
72X412,Bronx High School of Business,Common Core Algebra,Algebra_I,2022,53.82,65,30.77,69.23,0.0,0.0,30,General Academic,0.0,0.0,34.0,93.0,26.0,17.0,1.0,78.0,25.0,26.0,25.0,BRONX HIGH SCHOOL OF BUSINESS,800000056068.0,40.839307,-73.911366,10457,Crotona - Tremont
72X412,Bronx High School of Business,Common Core English,ELA,2022,63.61,97,34.02,65.98,0.0,0.0,30,General Academic,0.0,0.0,34.0,93.0,26.0,17.0,1.0,78.0,25.0,26.0,25.5,BRONX HIGH SCHOOL OF BUSINESS,800000056068.0,40.839307,-73.911366,10457,Crotona - Tremont
72X418,Bronx High School for the Visual Arts,Living Environment,Living_Env,2022,68.63,74,28.38,60.81,0.0,10.81,33,General Academic,0.0,0.0,9.0,86.0,26.0,11.0,1.0,80.0,25.0,24.0,24.0,BRONX HIGH SCHOOL FOR THE VISUAL ART,800000056060.0,40.851577,-73.864438,10462,Pelham - Throgs Neck
72X418,Bronx High School for the Visual Arts,Common Core English,ELA,2022,74.5,83,24.1,75.9,0.0,0.0,33,General Academic,0.0,0.0,9.0,86.0,26.0,11.0,1.0,80.0,25.0,24.0,24.5,BRONX HIGH SCHOOL FOR THE VISUAL ART,800000056060.0,40.851577,-73.864438,10462,Pelham - Throgs Neck
72X418,Bronx High School for the Visual Arts,Common Core Algebra,Algebra_I,2022,65.12,125,30.4,57.6,0.0,12.0,33,General Academic,0.0,0.0,9.0,86.0,26.0,11.0,1.0,80.0,25.0,24.0,25.0,BRONX HIGH SCHOOL FOR THE VISUAL ART,800000056060.0,40.851577,-73.864438,10462,Pelham - Throgs Neck
72X427,Community School for Social Justice,Common Core English,ELA,2022,57.4,16,0.0,100.0,0.0,0.0,19,General Academic,0.0,0.0,21.0,92.0,28.0,21.0,1.0,71.0,5.0,,5.0,COMMUNITY SCHOOL-SOCIAL JUSTICE,800000056061.0,40.815712,-73.92996,10451,High Bridge - Morrisania
72X432,Bronx Bridges High School,Common Core English,ELA,2022,53.46,39,17.95,82.05,0.0,0.0,30,General Academic,0.0,0.0,79.0,90.0,14.0,19.0,1.0,80.0,25.0,18.0,21.5,BRONX BRIDGES HIGH SCHOOL,800000069143.0,40.821218,-73.85593,10473,Pelham - Throgs Neck
72X432,Bronx Bridges High School,Living Environment,Living_Env,2022,62.03,69,8.7,78.26,13.04,0.0,30,General Academic,0.0,0.0,79.0,90.0,14.0,19.0,1.0,80.0,25.0,18.0,18.0,BRONX BRIDGES HIGH SCHOOL,800000069143.0,40.821218,-73.85593,10473,Pelham - Throgs Neck
72X432,Bronx Bridges High School,Common Core Algebra,Algebra_I,2022,65.53,69,13.04,73.91,13.04,0.0,30,General Academic,0.0,0.0,79.0,90.0,14.0,19.0,1.0,80.0,25.0,18.0,25.0,BRONX BRIDGES HIGH SCHOOL,800000069143.0,40.821218,-73.85593,10473,Pelham - Throgs Neck
72X433,High School for Teaching and the Professions,Living Environment,Living_Env,2022,55.89,61,18.03,81.97,0.0,0.0,36,General Academic,0.0,0.0,29.0,88.0,25.0,13.0,1.0,86.0,16.0,14.0,14.0,HS FOR TEACHING AND PROFESSIONS,800000056062.0,40.869061,-73.897066,10468,Fordham - Bronx Park
72X433,High School for Teaching and the Professions,Common Core Algebra,Algebra_I,2022,55.72,68,17.65,82.35,0.0,0.0,36,General Academic,0.0,0.0,29.0,88.0,25.0,13.0,1.0,86.0,16.0,14.0,16.0,HS FOR TEACHING AND PROFESSIONS,800000056062.0,40.869061,-73.897066,10468,Fordham - Bronx Park
72X433,High School for Teaching and the Professions,Common Core English,ELA,2022,64.18,110,11.82,88.18,0.0,0.0,36,General Academic,0.0,0.0,29.0,88.0,25.0,13.0,1.0,86.0,16.0,14.0,15.0,HS FOR TEACHING AND PROFESSIONS,800000056062.0,40.869061,-73.897066,10468,Fordham - Bronx Park
72X434,Belmont Preparatory High School,Living Environment,Living_Env,2022,73.03,58,20.69,79.31,0.0,0.0,25,General Academic,0.0,0.0,10.0,87.0,23.0,7.0,1.0,89.0,17.0,21.0,21.0,BELMONT PREPARATORY HIGH SCHOOL,800000056071.0,40.859466,-73.888625,10458,Fordham - Bronx Park
72X434,Belmont Preparatory High School,Common Core Algebra,Algebra_I,2022,60.02,65,20.0,80.0,0.0,0.0,25,General Academic,0.0,0.0,10.0,87.0,23.0,7.0,1.0,89.0,17.0,21.0,17.0,BELMONT PREPARATORY HIGH SCHOOL,800000056071.0,40.859466,-73.888625,10458,Fordham - Bronx Park
72X434,Belmont Preparatory High School,Common Core English,ELA,2022,70.61,88,26.14,73.86,0.0,0.0,25,General Academic,0.0,0.0,10.0,87.0,23.0,7.0,1.0,89.0,17.0,21.0,19.0,BELMONT PREPARATORY HIGH SCHOOL,800000056071.0,40.859466,-73.888625,10458,Fordham - Bronx Park
72X437,Fordham High School for the Arts,Living Environment,Living_Env,2022,65.53,96,31.25,68.75,0.0,0.0,29,General Academic,0.0,0.0,4.0,81.0,25.0,7.0,1.0,90.0,24.0,23.0,23.0,FORDHAM HIGH SCHOOL FOR THE ARTS,800000056072.0,40.859466,-73.888625,10458,Fordham - Bronx Park
72X437,Fordham High School for the Arts,Common Core English,ELA,2022,71.17,215,30.23,66.05,0.0,3.72,29,General Academic,0.0,0.0,4.0,81.0,25.0,7.0,1.0,90.0,24.0,23.0,23.5,FORDHAM HIGH SCHOOL FOR THE ARTS,800000056072.0,40.859466,-73.888625,10458,Fordham - Bronx Park
72X437,Fordham High School for the Arts,Common Core Algebra,Algebra_I,2022,62.1,242,33.47,62.81,3.72,0.0,29,General Academic,0.0,0.0,4.0,81.0,25.0,7.0,1.0,90.0,24.0,23.0,24.0,FORDHAM HIGH SCHOOL FOR THE ARTS,800000056072.0,40.859466,-73.888625,10458,Fordham - Bronx Park
72X438,Fordham Leadership Academy,Living Environment,Living_Env,2022,61.65,80,23.75,76.25,0.0,0.0,33,General Academic,0.0,0.0,14.0,88.0,29.0,8.0,1.0,87.0,19.0,23.0,23.0,FORDHAM LEADERSHIP ACADEMY,800000056073.0,40.859466,-73.888625,10458,Fordham - Bronx Park
72X438,Fordham Leadership Academy,Common Core Algebra,Algebra_I,2022,58.78,81,23.46,76.54,0.0,0.0,33,General Academic,0.0,0.0,14.0,88.0,29.0,8.0,1.0,87.0,19.0,23.0,19.0,FORDHAM LEADERSHIP ACADEMY,800000056073.0,40.859466,-73.888625,10458,Fordham - Bronx Park
72X438,Fordham Leadership Academy,Common Core English,ELA,2022,65.67,179,20.67,79.33,0.0,0.0,33,General Academic,0.0,0.0,14.0,88.0,29.0,8.0,1.0,87.0,19.0,23.0,21.0,FORDHAM LEADERSHIP ACADEMY,800000056073.0,40.859466,-73.888625,10458,Fordham - Bronx Park
72X439,Bronx High School for Law and Community Service,Common Core English,ELA,2022,71.52,17,47.06,52.94,0.0,0.0,34,General Academic,0.0,0.0,18.0,92.0,28.0,13.0,1.0,82.0,17.0,20.0,18.5,BRONX HIGH SCHOOL-LAW & COMM SVC,800000056074.0,40.859466,-73.888625,10458,Fordham - Bronx Park
72X439,Bronx High School for Law and Community Service,Living Environment,Living_Env,2022,63.37,72,31.94,68.06,0.0,0.0,34,General Academic,0.0,0.0,18.0,92.0,28.0,13.0,1.0,82.0,17.0,20.0,20.0,BRONX HIGH SCHOOL-LAW & COMM SVC,800000056074.0,40.859466,-73.888625,10458,Fordham - Bronx Park
72X439,Bronx High School for Law and Community Service,Common Core Algebra,Algebra_I,2022,60.77,83,31.33,68.67,0.0,0.0,34,General Academic,0.0,0.0,18.0,92.0,28.0,13.0,1.0,82.0,17.0,20.0,17.0,BRONX HIGH SCHOOL-LAW & COMM SVC,800000056074.0,40.859466,-73.888625,10458,Fordham - Bronx Park
72X440,DeWitt Clinton High School,Living Environment,Living_Env,2022,63.29,197,27.92,66.5,5.58,0.0,74,General Academic,0.0,0.0,10.0,88.0,23.0,15.0,1.0,82.0,23.0,26.0,26.0,DEWITT CLINTON HIGH SCHOOL,800000045624.0,40.879958,-73.889011,10468,Fordham - Bronx Park
72X440,DeWitt Clinton High School,Common Core Algebra,Algebra_I,2022,62.75,211,26.54,67.3,6.16,0.0,74,General Academic,0.0,0.0,10.0,88.0,23.0,15.0,1.0,82.0,23.0,26.0,23.0,DEWITT CLINTON HIGH SCHOOL,800000045624.0,40.879958,-73.889011,10468,Fordham - Bronx Park
72X440,DeWitt Clinton High School,Common Core English,ELA,2022,71.17,324,37.65,48.15,14.2,0.0,74,General Academic,0.0,0.0,10.0,88.0,23.0,15.0,1.0,82.0,23.0,26.0,24.5,DEWITT CLINTON HIGH SCHOOL,800000045624.0,40.879958,-73.889011,10468,Fordham - Bronx Park
72X442,The Celia Cruz Bronx High School of Music,Living Environment,Living_Env,2022,70.28,71,21.13,78.87,0.0,0.0,32,General Academic,0.0,0.0,4.0,79.0,21.0,9.0,1.0,91.0,11.0,12.0,12.0,CELIA CRUZ BRONX HS OF MUSIC (THE),800000057135.0,40.869061,-73.897066,10468,Fordham - Bronx Park
72X442,The Celia Cruz Bronx High School of Music,Common Core Algebra,Algebra_I,2022,70.03,83,21.69,78.31,0.0,0.0,32,General Academic,0.0,0.0,4.0,79.0,21.0,9.0,1.0,91.0,11.0,12.0,11.0,CELIA CRUZ BRONX HS OF MUSIC (THE),800000057135.0,40.869061,-73.897066,10468,Fordham - Bronx Park
72X442,The Celia Cruz Bronx High School of Music,Common Core English,ELA,2022,77.73,238,30.67,66.39,0.0,2.94,32,General Academic,0.0,0.0,4.0,79.0,21.0,9.0,1.0,91.0,11.0,12.0,11.5,CELIA CRUZ BRONX HS OF MUSIC (THE),800000057135.0,40.869061,-73.897066,10468,Fordham - Bronx Park
72X445,The Bronx High School of Science,Common Core Algebra,Algebra_I,2022,85.94,57,17.54,26.32,56.14,0.0,138,General Academic,0.0,0.0,0.0,49.0,2.0,1.0,1.0,95.0,31.0,32.0,31.0,BRONX HIGH SCHOOL OF SCIENCE,800000045625.0,40.879958,-73.889011,10468,Fordham - Bronx Park
72X445,The Bronx High School of Science,Living Environment,Living_Env,2022,91.53,292,6.16,11.3,50.0,32.53,138,General Academic,0.0,0.0,0.0,49.0,2.0,1.0,1.0,95.0,31.0,32.0,32.0,BRONX HIGH SCHOOL OF SCIENCE,800000045625.0,40.879958,-73.889011,10468,Fordham - Bronx Park
72X445,The Bronx High School of Science,Common Core English,ELA,2022,93.73,707,5.66,9.62,65.91,18.81,138,General Academic,0.0,0.0,0.0,49.0,2.0,1.0,1.0,95.0,31.0,32.0,31.5,BRONX HIGH SCHOOL OF SCIENCE,800000045625.0,40.879958,-73.889011,10468,Fordham - Bronx Park
72X446,Arturo A. Schomburg Satellite Academy Bronx,Common Core English,ELA,2022,60.31,20,30.0,70.0,0.0,0.0,14,Transfer School,0.0,1.0,13.0,90.0,36.0,14.0,1.0,56.0,7.0,3.0,5.0,ARTURO A SCHOMBURG SATELLITE-BRONX,800000069146.0,40.823124,-73.898265,10459,Hunts Point - Mott Haven
72X452,Gotham Collaborative High School,Living Environment,Living_Env,2022,64.1,24,0.0,100.0,0.0,0.0,31,General Academic,0.0,0.0,16.0,93.0,26.0,16.0,1.0,81.0,13.0,18.0,18.0,GOTHAM COLLABORATIVE HIGH SCHOOL,800000056063.0,40.821218,-73.85593,10473,Pelham - Throgs Neck
72X452,Gotham Collaborative High School,Common Core Algebra,Algebra_I,2022,54.28,46,34.78,65.22,0.0,0.0,31,General Academic,0.0,0.0,16.0,93.0,26.0,16.0,1.0,81.0,13.0,18.0,13.0,GOTHAM COLLABORATIVE HIGH SCHOOL,800000056063.0,40.821218,-73.85593,10473,Pelham - Throgs Neck
72X452,Gotham Collaborative High School,Common Core English,ELA,2022,61.46,69,44.93,55.07,0.0,0.0,31,General Academic,0.0,0.0,16.0,93.0,26.0,16.0,1.0,81.0,13.0,18.0,15.5,GOTHAM COLLABORATIVE HIGH SCHOOL,800000056063.0,40.821218,-73.85593,10473,Pelham - Throgs Neck
72X455,Harry S Truman High School,Living Environment,Living_Env,2022,61.92,367,49.05,43.6,3.27,4.09,130,General Academic,0.0,0.0,8.0,81.0,28.0,11.0,1.0,79.0,14.0,13.0,13.0,HARRY S TRUMAN HIGH SCHOOL,800000045627.0,40.874035,-73.831669,10475,Northeast Bronx
72X455,Harry S Truman High School,Common Core Algebra,Algebra_I,2022,61.07,415,50.84,43.37,3.13,2.65,130,General Academic,0.0,0.0,8.0,81.0,28.0,11.0,1.0,79.0,14.0,13.0,14.0,HARRY S TRUMAN HIGH SCHOOL,800000045627.0,40.874035,-73.831669,10475,Northeast Bronx
72X455,Harry S Truman High School,Common Core English,ELA,2022,70.47,478,48.74,44.14,3.14,3.97,130,General Academic,0.0,0.0,8.0,81.0,28.0,11.0,1.0,79.0,14.0,13.0,13.5,HARRY S TRUMAN HIGH SCHOOL,800000045627.0,40.874035,-73.831669,10475,Northeast Bronx
72X473,Mott Haven Village Preparatory High School,Common Core Algebra,Algebra_I,2022,57.8,41,0.0,100.0,0.0,0.0,17,General Academic,0.0,0.0,16.0,98.0,31.0,13.0,1.0,78.0,17.0,4.0,17.0,MOTT HAVEN VILLAGE PREP HIGH SCHOOL,800000056064.0,40.818041,-73.911633,10455,Hunts Point - Mott Haven
72X473,Mott Haven Village Preparatory High School,Common Core English,ELA,2022,58.4,51,0.0,100.0,0.0,0.0,17,General Academic,0.0,0.0,16.0,98.0,31.0,13.0,1.0,78.0,17.0,4.0,10.5,MOTT HAVEN VILLAGE PREP HIGH SCHOOL,800000056064.0,40.818041,-73.911633,10455,Hunts Point - Mott Haven
72X477,Marble Hill High School for International Studies,Living Environment,Living_Env,2022,65.29,66,9.09,90.91,0.0,0.0,33,General Academic,0.0,0.0,34.0,87.0,18.0,12.0,1.0,90.0,20.0,18.0,18.0,MARBLE HILL HS-INTRNTNL STUDIES,800000056065.0,40.877379,-73.912686,10463,Kingsbridge - Riverdale
72X477,Marble Hill High School for International Studies,Common Core Algebra,Algebra_I,2022,66.72,92,10.87,82.61,6.52,0.0,33,General Academic,0.0,0.0,34.0,87.0,18.0,12.0,1.0,90.0,20.0,18.0,20.0,MARBLE HILL HS-INTRNTNL STUDIES,800000056065.0,40.877379,-73.912686,10463,Kingsbridge - Riverdale
72X478,The Cinema School,Common Core Algebra,Algebra_I,2022,61.3,53,0.0,100.0,0.0,0.0,26,General Academic,0.0,0.0,8.0,88.0,25.0,10.0,1.0,87.0,25.0,28.0,25.0,CINEMA SCHOOL (THE),800000065477.0,40.832508,-73.878191,10472,Pelham - Throgs Neck
72X478,The Cinema School,Living Environment,Living_Env,2022,69.59,71,25.35,74.65,0.0,0.0,26,General Academic,0.0,0.0,8.0,88.0,25.0,10.0,1.0,87.0,25.0,28.0,28.0,CINEMA SCHOOL (THE),800000065477.0,40.832508,-73.878191,10472,Pelham - Throgs Neck
72X478,The Cinema School,Common Core English,ELA,2022,67.97,101,22.77,77.23,0.0,0.0,26,General Academic,0.0,0.0,8.0,88.0,25.0,10.0,1.0,87.0,25.0,28.0,26.5,CINEMA SCHOOL (THE),800000065477.0,40.832508,-73.878191,10472,Pelham - Throgs Neck
02M260,The Cinema School,Common Core Algebra,Algebra_I,2022,61.3,53,0.0,100.0,0.0,0.0,56,General Academic,0.0,0.0,0.0,18.0,19.0,1.0,1.0,90.0,,22.0,,CLINTON SCHOOL (THE),800000048380.0,40.832508,-73.878191,10472,Pelham - Throgs Neck
02M260,The Cinema School,Living Environment,Living_Env,2022,69.59,71,25.35,74.65,0.0,0.0,56,General Academic,0.0,0.0,0.0,18.0,19.0,1.0,1.0,90.0,,22.0,22.0,CLINTON SCHOOL (THE),800000048380.0,40.832508,-73.878191,10472,Pelham - Throgs Neck
02M260,The Cinema School,Common Core English,ELA,2022,67.97,101,22.77,77.23,0.0,0.0,56,General Academic,0.0,0.0,0.0,18.0,19.0,1.0,1.0,90.0,,22.0,22.0,CLINTON SCHOOL (THE),800000048380.0,40.832508,-73.878191,10472,Pelham - Throgs Neck
72X479,Bronx Career and College Preparatory High School,Living Environment,Living_Env,2022,55.1,48,37.5,62.5,0.0,0.0,17,General Academic,0.0,0.0,20.0,92.0,25.0,15.0,1.0,74.0,22.0,26.0,26.0,BRONX CAREER AND COLLEGE PREP HS,800000065478.0,40.826933,-73.900593,10456,High Bridge - Morrisania
72X479,Bronx Career and College Preparatory High School,Common Core Algebra,Algebra_I,2022,57.0,54,33.33,66.67,0.0,0.0,17,General Academic,0.0,0.0,20.0,92.0,25.0,15.0,1.0,74.0,22.0,26.0,22.0,BRONX CAREER AND COLLEGE PREP HS,800000065478.0,40.826933,-73.900593,10456,High Bridge - Morrisania
72X479,Bronx Career and College Preparatory High School,Common Core English,ELA,2022,51.01,104,37.5,62.5,0.0,0.0,17,General Academic,0.0,0.0,20.0,92.0,25.0,15.0,1.0,74.0,22.0,26.0,24.0,BRONX CAREER AND COLLEGE PREP HS,800000065478.0,40.826933,-73.900593,10456,High Bridge - Morrisania
72X480,Bronx Regional High School,Common Core English,ELA,2022,68.8,11,0.0,100.0,0.0,0.0,8,Transfer School,0.0,1.0,5.0,94.0,17.0,14.0,1.0,48.0,10.0,7.0,8.5,BRONX REGIONAL HIGH SCHOOL,800000045659.0,40.823124,-73.898265,10459,Hunts Point - Mott Haven
72X509,High School of Language and Innovation,Living Environment,Living_Env,2022,50.41,85,0.0,74.12,9.41,16.47,30,General Academic,0.0,0.0,85.0,88.0,4.0,19.0,1.0,88.0,22.0,22.0,22.0,HS FOR LANGUAGE-INNOVATION,800000070872.0,40.860443,-73.860729,10469,Northeast Bronx
72X509,High School of Language and Innovation,Common Core English,ELA,2022,54.6,85,16.47,62.35,0.0,21.18,30,General Academic,0.0,0.0,85.0,88.0,4.0,19.0,1.0,88.0,22.0,22.0,22.0,HS FOR LANGUAGE-INNOVATION,800000070872.0,40.860443,-73.860729,10469,Northeast Bronx
72X509,High School of Language and Innovation,Common Core Algebra,Algebra_I,2022,59.63,103,0.0,73.79,8.74,17.48,30,General Academic,0.0,0.0,85.0,88.0,4.0,19.0,1.0,88.0,22.0,22.0,22.0,HS FOR LANGUAGE-INNOVATION,800000070872.0,40.860443,-73.860729,10469,Northeast Bronx
72X511,Bronx Envision Academy,Living Environment,Living_Env,2022,55.71,84,29.76,70.24,0.0,0.0,35,General Academic,0.0,0.0,21.0,90.0,29.0,21.0,1.0,80.0,12.0,17.0,17.0,BRONX ENVISION ACADEMY,800000070875.0,40.836245,-73.890591,10460,Crotona - Tremont
72X511,Bronx Envision Academy,Common Core English,ELA,2022,68.76,92,29.35,70.65,0.0,0.0,35,General Academic,0.0,0.0,21.0,90.0,29.0,21.0,1.0,80.0,12.0,17.0,14.5,BRONX ENVISION ACADEMY,800000070875.0,40.836245,-73.890591,10460,Crotona - Tremont
72X511,Bronx Envision Academy,Common Core Algebra,Algebra_I,2022,54.29,121,33.88,66.12,0.0,0.0,35,General Academic,0.0,0.0,21.0,90.0,29.0,21.0,1.0,80.0,12.0,17.0,12.0,BRONX ENVISION ACADEMY,800000070875.0,40.836245,-73.890591,10460,Crotona - Tremont
72X513,New World High School,Living Environment,Living_Env,2022,60.01,54,14.81,85.19,0.0,0.0,22,General Academic,0.0,0.0,74.0,94.0,8.0,9.0,1.0,89.0,9.0,10.0,10.0,NEW WORLD HIGH SCHOOL,800000059094.0,40.888242,-73.852714,10466,Northeast Bronx
72X513,New World High School,Common Core English,ELA,2022,55.17,94,17.02,74.47,8.51,0.0,22,General Academic,0.0,0.0,74.0,94.0,8.0,9.0,1.0,89.0,9.0,10.0,9.5,NEW WORLD HIGH SCHOOL,800000059094.0,40.888242,-73.852714,10466,Northeast Bronx
72X513,New World High School,Common Core Algebra,Algebra_I,2022,61.27,131,19.08,71.76,9.16,0.0,22,General Academic,0.0,0.0,74.0,94.0,8.0,9.0,1.0,89.0,9.0,10.0,9.0,NEW WORLD HIGH SCHOOL,800000059094.0,40.888242,-73.852714,10466,Northeast Bronx
72X514,The Bronxwood Preparatory Academy,Living Environment,Living_Env,2022,56.67,74,60.81,39.19,0.0,0.0,26,General Academic,0.0,0.0,8.0,84.0,27.0,11.0,1.0,81.0,27.0,29.0,29.0,BRONXWOOD PREP ACADEMY (THE),800000059101.0,40.888242,-73.852714,10466,Northeast Bronx
72X514,The Bronxwood Preparatory Academy,Common Core Algebra,Algebra_I,2022,55.49,81,58.02,41.98,0.0,0.0,26,General Academic,0.0,0.0,8.0,84.0,27.0,11.0,1.0,81.0,27.0,29.0,27.0,BRONXWOOD PREP ACADEMY (THE),800000059101.0,40.888242,-73.852714,10466,Northeast Bronx
72X514,The Bronxwood Preparatory Academy,Common Core English,ELA,2022,59.25,96,55.21,44.79,0.0,0.0,26,General Academic,0.0,0.0,8.0,84.0,27.0,11.0,1.0,81.0,27.0,29.0,28.0,BRONXWOOD PREP ACADEMY (THE),800000059101.0,40.888242,-73.852714,10466,Northeast Bronx
72X517,Frederick Douglass Academy VII High School,Common Core English,ELA,2022,73.1,38,100.0,0.0,0.0,0.0,24,General Academic,0.0,0.0,19.0,92.0,31.0,16.0,1.0,79.0,17.0,21.0,19.0,FREDERICK DOUGLASS ACAD III,800000058016.0,40.665568,-73.912102,11212,Bedford Stuyvesant - Crown Heights
72X517,Frederick Douglass Academy VII High School,Living Environment,Living_Env,2022,58.72,62,85.48,14.52,0.0,0.0,24,General Academic,0.0,0.0,19.0,92.0,31.0,16.0,1.0,79.0,17.0,21.0,21.0,FREDERICK DOUGLASS ACAD III,800000058016.0,40.665568,-73.912102,11212,Bedford Stuyvesant - Crown Heights
72X517,Frederick Douglass Academy VII High School,Common Core Algebra,Algebra_I,2022,52.24,63,87.3,12.7,0.0,0.0,24,General Academic,0.0,0.0,19.0,92.0,31.0,16.0,1.0,79.0,17.0,21.0,17.0,FREDERICK DOUGLASS ACAD III,800000058016.0,40.665568,-73.912102,11212,Bedford Stuyvesant - Crown Heights
73K514,Frederick Douglass Academy VII High School,Common Core English,ELA,2022,73.1,38,100.0,0.0,0.0,0.0,18,General Academic,0.0,0.0,2.0,90.0,35.0,14.0,1.0,95.0,10.0,11.0,10.5,FREDERICK DOUGLASS ACADEMY VII,800000058227.0,40.665568,-73.912102,11212,Bedford Stuyvesant - Crown Heights
73K514,Frederick Douglass Academy VII High School,Living Environment,Living_Env,2022,58.72,62,85.48,14.52,0.0,0.0,18,General Academic,0.0,0.0,2.0,90.0,35.0,14.0,1.0,95.0,10.0,11.0,11.0,FREDERICK DOUGLASS ACADEMY VII,800000058227.0,40.665568,-73.912102,11212,Bedford Stuyvesant - Crown Heights
73K514,Frederick Douglass Academy VII High School,Common Core Algebra,Algebra_I,2022,52.24,63,87.3,12.7,0.0,0.0,18,General Academic,0.0,0.0,2.0,90.0,35.0,14.0,1.0,95.0,10.0,11.0,10.0,FREDERICK DOUGLASS ACADEMY VII,800000058227.0,40.665568,-73.912102,11212,Bedford Stuyvesant - Crown Heights
03M860,Frederick Douglass Academy VII High School,Common Core English,ELA,2022,73.1,38,100.0,0.0,0.0,0.0,38,General Academic,0.0,0.0,12.0,91.0,30.0,16.0,1.0,84.0,18.0,20.0,19.0,FREDERICK DOUGLASS ACADEMY II,800000058015.0,40.665568,-73.912102,11212,Bedford Stuyvesant - Crown Heights
03M860,Frederick Douglass Academy VII High School,Living Environment,Living_Env,2022,58.72,62,85.48,14.52,0.0,0.0,38,General Academic,0.0,0.0,12.0,91.0,30.0,16.0,1.0,84.0,18.0,20.0,20.0,FREDERICK DOUGLASS ACADEMY II,800000058015.0,40.665568,-73.912102,11212,Bedford Stuyvesant - Crown Heights
03M860,Frederick Douglass Academy VII High School,Common Core Algebra,Algebra_I,2022,52.24,63,87.3,12.7,0.0,0.0,38,General Academic,0.0,0.0,12.0,91.0,30.0,16.0,1.0,84.0,18.0,20.0,18.0,FREDERICK DOUGLASS ACADEMY II,800000058015.0,40.665568,-73.912102,11212,Bedford Stuyvesant - Crown Heights
72X521,The Metropolitan Soundview High School,Living Environment,Living_Env,2022,60.71,69,24.64,75.36,0.0,0.0,36,General Academic,0.0,0.0,17.0,94.0,29.0,12.0,1.0,86.0,19.0,19.0,19.0,METROPOLITAN SOUNDVIEW HS ,800000070893.0,40.832508,-73.878191,10472,Pelham - Throgs Neck
72X521,The Metropolitan Soundview High School,Common Core Algebra,Algebra_I,2022,56.8,88,26.14,73.86,0.0,0.0,36,General Academic,0.0,0.0,17.0,94.0,29.0,12.0,1.0,86.0,19.0,19.0,19.0,METROPOLITAN SOUNDVIEW HS ,800000070893.0,40.832508,-73.878191,10472,Pelham - Throgs Neck
72X521,The Metropolitan Soundview High School,Common Core English,ELA,2022,60.4,101,0.0,100.0,0.0,0.0,36,General Academic,0.0,0.0,17.0,94.0,29.0,12.0,1.0,86.0,19.0,19.0,19.0,METROPOLITAN SOUNDVIEW HS ,800000070893.0,40.832508,-73.878191,10472,Pelham - Throgs Neck
72X522,Bronx Design and Construction Academy,Living Environment,Living_Env,2022,60.7,27,0.0,100.0,0.0,0.0,27,Career Technical,1.0,0.0,13.0,92.0,42.0,11.0,1.0,82.0,15.0,17.0,17.0,BRONX DESIGN-CONSTRUCTION ACADEMY,800000070866.0,40.818645,-73.919949,10451,High Bridge - Morrisania
72X522,Bronx Design and Construction Academy,Common Core Algebra,Algebra_I,2022,55.3,33,0.0,100.0,0.0,0.0,27,Career Technical,1.0,0.0,13.0,92.0,42.0,11.0,1.0,82.0,15.0,17.0,15.0,BRONX DESIGN-CONSTRUCTION ACADEMY,800000070866.0,40.818645,-73.919949,10451,High Bridge - Morrisania
72X522,Bronx Design and Construction Academy,Common Core English,ELA,2022,52.5,157,31.85,68.15,0.0,0.0,27,Career Technical,1.0,0.0,13.0,92.0,42.0,11.0,1.0,82.0,15.0,17.0,16.0,BRONX DESIGN-CONSTRUCTION ACADEMY,800000070866.0,40.818645,-73.919949,10451,High Bridge - Morrisania
72X524,Crotona International High School,Common Core Algebra,Algebra_I,2022,46.3,40,0.0,100.0,0.0,0.0,24,Career Technical,1.0,0.0,91.0,78.0,7.0,37.0,1.0,77.0,15.0,16.0,15.0,CROTONA INTERNATIONAL HIGH SCHOOL,800000070868.0,40.855392,-73.882487,10458,Fordham - Bronx Park
72X525,Bronx Leadership Academy High School,Common Core English,ELA,2022,50.0,44,0.0,100.0,0.0,0.0,28,General Academic,0.0,0.0,15.0,94.0,34.0,15.0,1.0,85.0,16.0,20.0,18.0,BRONX LEADERSHIP ACAD HIGH SCHOOL,800000045630.0,40.84325,-73.902969,10457,Crotona - Tremont
72X525,Bronx Leadership Academy High School,Common Core Algebra,Algebra_I,2022,48.12,59,38.98,61.02,0.0,0.0,28,General Academic,0.0,0.0,15.0,94.0,34.0,15.0,1.0,85.0,16.0,20.0,16.0,BRONX LEADERSHIP ACAD HIGH SCHOOL,800000045630.0,40.84325,-73.902969,10457,Crotona - Tremont
72X525,Bronx Leadership Academy High School,Living Environment,Living_Env,2022,52.06,63,38.1,61.9,0.0,0.0,28,General Academic,0.0,0.0,15.0,94.0,34.0,15.0,1.0,85.0,16.0,20.0,20.0,BRONX LEADERSHIP ACAD HIGH SCHOOL,800000045630.0,40.84325,-73.902969,10457,Crotona - Tremont
72X527,Bronx Leadership Academy II High School,Living Environment,Living_Env,2022,65.7,59,0.0,100.0,0.0,0.0,39,General Academic,0.0,0.0,13.0,93.0,28.0,15.0,1.0,77.0,15.0,,,BRONX LEADERSHIP ACAD II HIGH SCHOOL,800000056066.0,40.821828,-73.922366,10451,High Bridge - Morrisania
72X527,Bronx Leadership Academy II High School,Common Core Algebra,Algebra_I,2022,61.36,96,34.38,65.62,0.0,0.0,39,General Academic,0.0,0.0,13.0,93.0,28.0,15.0,1.0,77.0,15.0,,15.0,BRONX LEADERSHIP ACAD II HIGH SCHOOL,800000056066.0,40.821828,-73.922366,10451,High Bridge - Morrisania
72X527,Bronx Leadership Academy II High School,Common Core English,ELA,2022,59.13,136,28.68,71.32,0.0,0.0,39,General Academic,0.0,0.0,13.0,93.0,28.0,15.0,1.0,77.0,15.0,,15.0,BRONX LEADERSHIP ACAD II HIGH SCHOOL,800000056066.0,40.821828,-73.922366,10451,High Bridge - Morrisania
72X530,Longwood Preparatory Academy,Living Environment,Living_Env,2022,63.2,46,0.0,100.0,0.0,0.0,34,General Academic,0.0,0.0,16.0,93.0,29.0,7.0,1.0,85.0,24.0,17.0,17.0,LONGWOOD PREPARATORY ACADEMY,800000045631.0,40.817741,-73.897876,10459,Hunts Point - Mott Haven
72X530,Longwood Preparatory Academy,Common Core English,ELA,2022,53.69,79,34.18,65.82,0.0,0.0,34,General Academic,0.0,0.0,16.0,93.0,29.0,7.0,1.0,85.0,24.0,17.0,20.5,LONGWOOD PREPARATORY ACADEMY,800000045631.0,40.817741,-73.897876,10459,Hunts Point - Mott Haven
72X530,Longwood Preparatory Academy,Common Core Algebra,Algebra_I,2022,60.91,86,34.88,65.12,0.0,0.0,34,General Academic,0.0,0.0,16.0,93.0,29.0,7.0,1.0,85.0,24.0,17.0,24.0,LONGWOOD PREPARATORY ACADEMY,800000045631.0,40.817741,-73.897876,10459,Hunts Point - Mott Haven
72X542,Pelham Preparatory Academy,Common Core English,ELA,2022,71.91,40,37.5,47.5,0.0,15.0,33,General Academic,0.0,0.0,7.0,78.0,26.0,7.0,1.0,87.0,21.0,30.0,25.5,PELHAM PREPARATORY ACADEMY,800000057138.0,40.860443,-73.860729,10469,Northeast Bronx
72X542,Pelham Preparatory Academy,Living Environment,Living_Env,2022,63.2,89,42.7,50.56,0.0,6.74,33,General Academic,0.0,0.0,7.0,78.0,26.0,7.0,1.0,87.0,21.0,30.0,30.0,PELHAM PREPARATORY ACADEMY,800000057138.0,40.860443,-73.860729,10469,Northeast Bronx
72X542,Pelham Preparatory Academy,Common Core Algebra,Algebra_I,2022,55.14,90,34.44,56.67,0.0,8.89,33,General Academic,0.0,0.0,7.0,78.0,26.0,7.0,1.0,87.0,21.0,30.0,21.0,PELHAM PREPARATORY ACADEMY,800000057138.0,40.860443,-73.860729,10469,Northeast Bronx
72X543,High School for Violin and Dance,Living Environment,Living_Env,2022,54.3,23,0.0,100.0,0.0,0.0,15,General Academic,0.0,0.0,21.0,95.0,32.0,21.0,1.0,84.0,10.0,22.0,22.0,HIGH SCHOOL FOR VIOLIN AND DANCE,800000057139.0,40.827455,-73.90392,10456,High Bridge - Morrisania
72X543,High School for Violin and Dance,Common Core English,ELA,2022,57.6,25,0.0,100.0,0.0,0.0,15,General Academic,0.0,0.0,21.0,95.0,32.0,21.0,1.0,84.0,10.0,22.0,16.0,HIGH SCHOOL FOR VIOLIN AND DANCE,800000057139.0,40.827455,-73.90392,10456,High Bridge - Morrisania
72X543,High School for Violin and Dance,Common Core Algebra,Algebra_I,2022,54.5,26,0.0,100.0,0.0,0.0,15,General Academic,0.0,0.0,21.0,95.0,32.0,21.0,1.0,84.0,10.0,22.0,10.0,HIGH SCHOOL FOR VIOLIN AND DANCE,800000057139.0,40.827455,-73.90392,10456,High Bridge - Morrisania
72X544,High School for Contemporary Arts,Common Core English,ELA,2022,54.84,38,47.37,52.63,0.0,0.0,24,General Academic,0.0,0.0,19.0,87.0,34.0,9.0,1.0,72.0,21.0,22.0,21.5,HIGH SCHOOL FOR CONTEMPORARY ARTS,800000057140.0,40.875172,-73.861649,10467,Fordham - Bronx Park
72X544,High School for Contemporary Arts,Living Environment,Living_Env,2022,51.93,75,53.33,46.67,0.0,0.0,24,General Academic,0.0,0.0,19.0,87.0,34.0,9.0,1.0,72.0,21.0,22.0,22.0,HIGH SCHOOL FOR CONTEMPORARY ARTS,800000057140.0,40.875172,-73.861649,10467,Fordham - Bronx Park
72X544,High School for Contemporary Arts,Common Core Algebra,Algebra_I,2022,49.19,78,55.13,44.87,0.0,0.0,24,General Academic,0.0,0.0,19.0,87.0,34.0,9.0,1.0,72.0,21.0,22.0,21.0,HIGH SCHOOL FOR CONTEMPORARY ARTS,800000057140.0,40.875172,-73.861649,10467,Fordham - Bronx Park
72X545,Bronx Aerospace High School,Living Environment,Living_Env,2022,55.49,25,28.0,72.0,0.0,0.0,18,General Academic,0.0,0.0,15.0,84.0,26.0,13.0,1.0,89.0,15.0,30.0,30.0,BRONX AEROSPACE HIGH SCHOOL,800000057141.0,40.875172,-73.861649,10467,Fordham - Bronx Park
72X545,Bronx Aerospace High School,Common Core Algebra,Algebra_I,2022,53.39,36,44.44,55.56,0.0,0.0,18,General Academic,0.0,0.0,15.0,84.0,26.0,13.0,1.0,89.0,15.0,30.0,15.0,BRONX AEROSPACE HIGH SCHOOL,800000057141.0,40.875172,-73.861649,10467,Fordham - Bronx Park
72X545,Bronx Aerospace High School,Common Core English,ELA,2022,54.35,71,43.66,56.34,0.0,0.0,18,General Academic,0.0,0.0,15.0,84.0,26.0,13.0,1.0,89.0,15.0,30.0,22.5,BRONX AEROSPACE HIGH SCHOOL,800000057141.0,40.875172,-73.861649,10467,Fordham - Bronx Park
72X546,Bronx Theatre High School,Living Environment,Living_Env,2022,52.03,48,39.58,60.42,0.0,0.0,24,General Academic,0.0,0.0,8.0,90.0,30.0,11.0,1.0,80.0,15.0,14.0,14.0,BRONX THEATRE HIGH SCHOOL,800000057143.0,40.877379,-73.912686,10463,Kingsbridge - Riverdale
72X546,Bronx Theatre High School,Common Core Algebra,Algebra_I,2022,58.83,54,31.48,68.52,0.0,0.0,24,General Academic,0.0,0.0,8.0,90.0,30.0,11.0,1.0,80.0,15.0,14.0,15.0,BRONX THEATRE HIGH SCHOOL,800000057143.0,40.877379,-73.912686,10463,Kingsbridge - Riverdale
72X548,Careers in Sports High School,Living Environment,Living_Env,2022,55.8,85,0.0,100.0,0.0,0.0,37,General Academic,0.0,0.0,17.0,94.0,29.0,15.0,1.0,77.0,20.0,25.0,25.0,CAREERS IN SPORTS HS,800000057145.0,40.821828,-73.922366,10451,High Bridge - Morrisania
72X548,Careers in Sports High School,Common Core Algebra,Algebra_I,2022,55.39,98,21.43,78.57,0.0,0.0,37,General Academic,0.0,0.0,17.0,94.0,29.0,15.0,1.0,77.0,20.0,25.0,20.0,CAREERS IN SPORTS HS,800000057145.0,40.821828,-73.922366,10451,High Bridge - Morrisania
72X548,Careers in Sports High School,Common Core English,ELA,2022,49.39,108,28.7,71.3,0.0,0.0,37,General Academic,0.0,0.0,17.0,94.0,29.0,15.0,1.0,77.0,20.0,25.0,22.5,CAREERS IN SPORTS HS,800000057145.0,40.821828,-73.922366,10451,High Bridge - Morrisania
72X550,High School of World Cultures,Common Core English,ELA,2022,59.5,19,0.0,100.0,0.0,0.0,29,General Academic,0.0,0.0,90.0,98.0,4.0,22.0,1.0,86.0,22.0,21.0,21.5,HIGH SCHOOL OF WORLD CULTURES,800000045664.0,40.832508,-73.878191,10472,Pelham - Throgs Neck
72X550,High School of World Cultures,Living Environment,Living_Env,2022,62.0,58,0.0,100.0,0.0,0.0,29,General Academic,0.0,0.0,90.0,98.0,4.0,22.0,1.0,86.0,22.0,21.0,21.0,HIGH SCHOOL OF WORLD CULTURES,800000045664.0,40.832508,-73.878191,10472,Pelham - Throgs Neck
72X550,High School of World Cultures,Common Core Algebra,Algebra_I,2022,68.16,117,5.13,94.87,0.0,0.0,29,General Academic,0.0,0.0,90.0,98.0,4.0,22.0,1.0,86.0,22.0,21.0,22.0,HIGH SCHOOL OF WORLD CULTURES,800000045664.0,40.832508,-73.878191,10472,Pelham - Throgs Neck
72X557,Mott Haven Community High School,Common Core English,ELA,2022,44.9,15,100.0,0.0,0.0,0.0,25,Transfer School,0.0,1.0,15.0,85.0,38.0,11.0,1.0,54.0,18.0,23.0,20.5,MOTT HAVEN COMMUNITY HIGH SCHOOL,800000075020.0,40.810671,-73.907528,10455,Hunts Point - Mott Haven
77Q792,Mott Haven Community High School,Common Core English,ELA,2022,44.9,15,100.0,0.0,0.0,0.0,9,Transfer School,0.0,1.0,8.0,70.0,13.0,9.0,1.0,48.0,15.0,9.0,12.0,NORTH QUEENS COMMUNITY HIGH SCHOOL,800000060403.0,40.810671,-73.907528,10455,Hunts Point - Mott Haven
72X558,Westchester Square Academy,Common Core English,ELA,2022,64.88,78,21.79,69.23,0.0,8.97,31,General Academic,0.0,0.0,15.0,84.0,25.0,5.0,1.0,80.0,24.0,27.0,25.5,WESTCHESTER SQUARE ACADEMY,800000075021.0,40.839775,-73.839583,10461,Pelham - Throgs Neck
72X558,Westchester Square Academy,Living Environment,Living_Env,2022,56.42,100,24.0,62.0,14.0,0.0,31,General Academic,0.0,0.0,15.0,84.0,25.0,5.0,1.0,80.0,24.0,27.0,27.0,WESTCHESTER SQUARE ACADEMY,800000075021.0,40.839775,-73.839583,10461,Pelham - Throgs Neck
72X558,Westchester Square Academy,Common Core Algebra,Algebra_I,2022,57.28,106,23.58,62.26,14.15,0.0,31,General Academic,0.0,0.0,15.0,84.0,25.0,5.0,1.0,80.0,24.0,27.0,24.0,WESTCHESTER SQUARE ACADEMY,800000075021.0,40.839775,-73.839583,10461,Pelham - Throgs Neck
72X561,Bronx Compass High School,Common Core English,ELA,2022,52.4,26,0.0,100.0,0.0,0.0,32,General Academic,0.0,0.0,13.0,92.0,27.0,11.0,1.0,78.0,24.0,21.0,22.5,BRONX COMPASS HIGH SCHOOL,800000075023.0,40.821218,-73.85593,10473,Pelham - Throgs Neck
72X561,Bronx Compass High School,Living Environment,Living_Env,2022,57.03,98,31.63,68.37,0.0,0.0,32,General Academic,0.0,0.0,13.0,92.0,27.0,11.0,1.0,78.0,24.0,21.0,21.0,BRONX COMPASS HIGH SCHOOL,800000075023.0,40.821218,-73.85593,10473,Pelham - Throgs Neck
72X561,Bronx Compass High School,Common Core Algebra,Algebra_I,2022,56.6,131,29.01,64.12,6.87,0.0,32,General Academic,0.0,0.0,13.0,92.0,27.0,11.0,1.0,78.0,24.0,21.0,24.0,BRONX COMPASS HIGH SCHOOL,800000075023.0,40.821218,-73.85593,10473,Pelham - Throgs Neck
72X565,High School for Energy and Technology,Living Environment,Living_Env,2022,63.58,80,28.75,71.25,0.0,0.0,33,Career Technical,1.0,0.0,17.0,90.0,28.0,15.0,1.0,80.0,14.0,20.0,20.0,HIGH SCHOOL FOR ENERGY AND TECHNOLOG,800000075028.0,40.855392,-73.882487,10458,Fordham - Bronx Park
72X565,High School for Energy and Technology,Common Core Algebra,Algebra_I,2022,53.14,91,29.67,70.33,0.0,0.0,33,Career Technical,1.0,0.0,17.0,90.0,28.0,15.0,1.0,80.0,14.0,20.0,14.0,HIGH SCHOOL FOR ENERGY AND TECHNOLOG,800000075028.0,40.855392,-73.882487,10458,Fordham - Bronx Park
72X600,Alfred E. Smith Career and Technical Education Hig,Living Environment,Living_Env,2022,54.79,76,18.42,81.58,0.0,0.0,37,Career Technical,1.0,0.0,19.0,91.0,33.0,15.0,1.0,83.0,16.0,18.0,18.0,ALFRED E SMITH CAREER-TECH HS,800000045600.0,40.818645,-73.919949,10451,High Bridge - Morrisania
72X600,Alfred E. Smith Career and Technical Education Hig,Common Core Algebra,Algebra_I,2022,53.04,107,28.97,71.03,0.0,0.0,37,Career Technical,1.0,0.0,19.0,91.0,33.0,15.0,1.0,83.0,16.0,18.0,16.0,ALFRED E SMITH CAREER-TECH HS,800000045600.0,40.818645,-73.919949,10451,High Bridge - Morrisania
73K615,Alfred E. Smith Career and Technical Education Hig,Living Environment,Living_Env,2022,54.79,76,18.42,81.58,0.0,0.0,78,Career Technical,1.0,0.0,7.0,80.0,32.0,9.0,1.0,80.0,19.0,17.0,17.0,TRANSIT TECH CAREER AND TECH EDU,800000043461.0,40.818645,-73.919949,10451,High Bridge - Morrisania
73K615,Alfred E. Smith Career and Technical Education Hig,Common Core Algebra,Algebra_I,2022,53.04,107,28.97,71.03,0.0,0.0,78,Career Technical,1.0,0.0,7.0,80.0,32.0,9.0,1.0,80.0,19.0,17.0,19.0,TRANSIT TECH CAREER AND TECH EDU,800000043461.0,40.818645,-73.919949,10451,High Bridge - Morrisania
72X670,Health Opportunities High School,Common Core Algebra,Algebra_I,2022,63.2,32,0.0,100.0,0.0,0.0,22,General Academic,0.0,0.0,12.0,95.0,28.0,17.0,1.0,80.0,19.0,17.0,19.0,HEALTH OPPORTUNITIES HIGH SCHOOL,800000045613.0,40.815712,-73.92996,10451,High Bridge - Morrisania
72X670,Health Opportunities High School,Living Environment,Living_Env,2022,70.71,44,43.18,56.82,0.0,0.0,22,General Academic,0.0,0.0,12.0,95.0,28.0,17.0,1.0,80.0,19.0,17.0,17.0,HEALTH OPPORTUNITIES HIGH SCHOOL,800000045613.0,40.815712,-73.92996,10451,High Bridge - Morrisania
72X670,Health Opportunities High School,Common Core English,ELA,2022,63.05,122,34.43,65.57,0.0,0.0,22,General Academic,0.0,0.0,12.0,95.0,28.0,17.0,1.0,80.0,19.0,17.0,18.0,HEALTH OPPORTUNITIES HIGH SCHOOL,800000045613.0,40.815712,-73.92996,10451,High Bridge - Morrisania
72X682,Fannie Lou Hamer Freedom High School,Common Core English,ELA,2022,60.83,47,25.53,74.47,0.0,0.0,41,General Academic,0.0,0.0,16.0,89.0,28.0,14.0,1.0,70.0,,,,FANNIE LOU HAMER FREEDOM HS,800000045637.0,40.831212,-73.885804,10460,Crotona - Tremont
72X684,Wings Academy,Living Environment,Living_Env,2022,59.2,30,0.0,100.0,0.0,0.0,24,General Academic,0.0,0.0,9.0,90.0,31.0,12.0,1.0,80.0,12.0,22.0,22.0,WINGS ACADEMY,800000045638.0,40.841376,-73.875262,10460,Crotona - Tremont
72X684,Wings Academy,Common Core Algebra,Algebra_I,2022,58.6,31,0.0,100.0,0.0,0.0,24,General Academic,0.0,0.0,9.0,90.0,31.0,12.0,1.0,80.0,12.0,22.0,12.0,WINGS ACADEMY,800000045638.0,40.841376,-73.875262,10460,Crotona - Tremont
72X684,Wings Academy,Common Core English,ELA,2022,54.07,52,51.92,48.08,0.0,0.0,24,General Academic,0.0,0.0,9.0,90.0,31.0,12.0,1.0,80.0,12.0,22.0,17.0,WINGS ACADEMY,800000045638.0,40.841376,-73.875262,10460,Crotona - Tremont
72X696,High School of American Studies at Lehman College,Common Core Algebra,Algebra_I,2022,83.08,39,30.77,23.08,0.0,46.15,27,General Academic,0.0,0.0,0.0,36.0,3.0,2.0,1.0,96.0,32.0,31.0,32.0,HS AMER STUDIES AT LEHMAN COLL,800000056067.0,40.874725,-73.895543,10458,Fordham - Bronx Park
72X696,High School of American Studies at Lehman College,Living Environment,Living_Env,2022,89.29,75,18.67,18.67,17.33,45.33,27,General Academic,0.0,0.0,0.0,36.0,3.0,2.0,1.0,96.0,32.0,31.0,31.0,HS AMER STUDIES AT LEHMAN COLL,800000056067.0,40.874725,-73.895543,10458,Fordham - Bronx Park
73K122,Pathways in Technology Early College High School (P-Tech),Living Environment,Living_Env,2022,65.2,51,100.0,0.0,0.0,0.0,33,Career Technical,1.0,0.0,2.0,72.0,19.0,9.0,1.0,85.0,10.0,6.0,6.0,PATHWAYS TECH EARLY COLLEGE HS,800000070896.0,40.675905,-73.939282,11213,Bedford Stuyvesant - Crown Heights
73K122,Pathways in Technology Early College High School (P-Tech),Common Core Algebra,Algebra_I,2022,65.3,114,88.6,11.4,0.0,0.0,33,Career Technical,1.0,0.0,2.0,72.0,19.0,9.0,1.0,85.0,10.0,6.0,10.0,PATHWAYS TECH EARLY COLLEGE HS,800000070896.0,40.675905,-73.939282,11213,Bedford Stuyvesant - Crown Heights
73K122,Pathways in Technology Early College High School (P-Tech),Common Core English,ELA,2022,66.02,133,89.47,10.53,0.0,0.0,33,Career Technical,1.0,0.0,2.0,72.0,19.0,9.0,1.0,85.0,10.0,6.0,8.0,PATHWAYS TECH EARLY COLLEGE HS,800000070896.0,40.675905,-73.939282,11213,Bedford Stuyvesant - Crown Heights
73K337,International High School at Lafayette,Common Core Algebra,Algebra_I,2022,49.4,19,0.0,100.0,0.0,0.0,23,General Academic,0.0,0.0,96.0,88.0,2.0,50.0,1.0,81.0,20.0,20.0,20.0,INTERNATIONAL HS-LAFAYETTE,800000059082.0,40.593028,-73.986313,11214,Bensonhurst - Bay Ridge
73K348,High School of Sports Management,Living Environment,Living_Env,2022,61.58,71,0.0,49.3,26.76,23.94,27,General Academic,0.0,0.0,25.0,79.0,26.0,8.0,1.0,80.0,11.0,16.0,16.0,HIGH SCHOOL OF SPORTS MANAGEMENT,800000059111.0,40.593028,-73.986313,11214,Bensonhurst - Bay Ridge
73K348,High School of Sports Management,Common Core Algebra,Algebra_I,2022,53.57,122,0.0,55.74,21.31,22.95,27,General Academic,0.0,0.0,25.0,79.0,26.0,8.0,1.0,80.0,11.0,16.0,11.0,HIGH SCHOOL OF SPORTS MANAGEMENT,800000059111.0,40.593028,-73.986313,11214,Bensonhurst - Bay Ridge
73K348,High School of Sports Management,Common Core English,ELA,2022,49.38,128,26.56,50.0,23.44,0.0,27,General Academic,0.0,0.0,25.0,79.0,26.0,8.0,1.0,80.0,11.0,16.0,13.5,HIGH SCHOOL OF SPORTS MANAGEMENT,800000059111.0,40.593028,-73.986313,11214,Bensonhurst - Bay Ridge
73K350,Urban Assembly School of Music and Art,Living Environment,Living_Env,2022,56.66,23,56.52,43.48,0.0,0.0,10,General Academic,0.0,0.0,3.0,83.0,26.0,8.0,1.0,80.0,18.0,18.0,18.0,URBAN ASSEMBLY SCHOOL FOR MUSIC-ART,800000059123.0,40.69733,-73.984528,11201,Downtown - Heights - Park Slope
73K350,Urban Assembly School of Music and Art,Common Core Algebra,Algebra_I,2022,53.09,32,68.75,31.25,0.0,0.0,10,General Academic,0.0,0.0,3.0,83.0,26.0,8.0,1.0,80.0,18.0,18.0,18.0,URBAN ASSEMBLY SCHOOL FOR MUSIC-ART,800000059123.0,40.69733,-73.984528,11201,Downtown - Heights - Park Slope
73K403,Academy for Excellence in Leadership,Common Core Algebra,Algebra_I,2022,51.8,57,15.79,84.21,0.0,0.0,24,General Academic,0.0,0.0,44.0,89.0,21.0,18.0,1.0,88.0,18.0,17.0,18.0,ACADEMY FOR EXCELLENCE-LEADERSHIP,800000059643.0,40.696457,-73.911751,11237,Williamsburg - Bushwick
73K403,Academy for Excellence in Leadership,Living Environment,Living_Env,2022,54.75,65,15.38,84.62,0.0,0.0,24,General Academic,0.0,0.0,44.0,89.0,21.0,18.0,1.0,88.0,18.0,17.0,17.0,ACADEMY FOR EXCELLENCE-LEADERSHIP,800000059643.0,40.696457,-73.911751,11237,Williamsburg - Bushwick
73K405,Midwood High School,Common Core English,ELA,2022,62.87,69,57.97,24.64,17.39,0.0,227,General Academic,0.0,0.0,4.0,74.0,15.0,4.0,1.0,89.0,26.0,28.0,27.0,MIDWOOD HIGH SCHOOL,800000043525.0,40.632829,-73.952356,11210,East Flatbush - Flatbush
73K405,Midwood High School,Living Environment,Living_Env,2022,77.98,524,18.7,12.79,44.85,23.66,227,General Academic,0.0,0.0,4.0,74.0,15.0,4.0,1.0,89.0,26.0,28.0,28.0,MIDWOOD HIGH SCHOOL,800000043525.0,40.632829,-73.952356,11210,East Flatbush - Flatbush
73K405,Midwood High School,Common Core Algebra,Algebra_I,2022,73.59,539,25.23,13.91,37.66,23.19,227,General Academic,0.0,0.0,4.0,74.0,15.0,4.0,1.0,89.0,26.0,28.0,26.0,MIDWOOD HIGH SCHOOL,800000043525.0,40.632829,-73.952356,11210,East Flatbush - Flatbush
73K408,Academy of Hospitality and Tourism,Living Environment,Living_Env,2022,59.73,76,52.63,47.37,0.0,0.0,24,General Academic,0.0,0.0,16.0,93.0,25.0,17.0,1.0,81.0,10.0,20.0,20.0,ACADEMY OF HOSPITALITY AND TOURISM,800000059607.0,40.649602,-73.957173,11226,East Flatbush - Flatbush
73K408,Academy of Hospitality and Tourism,Common Core English,ELA,2022,68.41,98,74.49,25.51,0.0,0.0,24,General Academic,0.0,0.0,16.0,93.0,25.0,17.0,1.0,81.0,10.0,20.0,15.0,ACADEMY OF HOSPITALITY AND TOURISM,800000059607.0,40.649602,-73.957173,11226,East Flatbush - Flatbush
73K408,Academy of Hospitality and Tourism,Common Core Algebra,Algebra_I,2022,58.49,133,61.65,33.08,5.26,0.0,24,General Academic,0.0,0.0,16.0,93.0,25.0,17.0,1.0,81.0,10.0,20.0,10.0,ACADEMY OF HOSPITALITY AND TOURISM,800000059607.0,40.649602,-73.957173,11226,East Flatbush - Flatbush
73K412,Brooklyn Community Arts & Media High School (BCAM),Living Environment,Living_Env,2022,57.24,86,65.12,34.88,0.0,0.0,48,General Academic,0.0,0.0,5.0,83.0,30.0,13.0,1.0,68.0,24.0,22.0,22.0,BROOKLYN COMM ARTS-MEDIA HS,800000059611.0,40.692015,-73.95818,11205,Downtown - Heights - Park Slope
73K412,Brooklyn Community Arts & Media High School (BCAM),Common Core Algebra,Algebra_I,2022,55.85,91,68.13,31.87,0.0,0.0,48,General Academic,0.0,0.0,5.0,83.0,30.0,13.0,1.0,68.0,24.0,22.0,24.0,BROOKLYN COMM ARTS-MEDIA HS,800000059611.0,40.692015,-73.95818,11205,Downtown - Heights - Park Slope
73K412,Brooklyn Community Arts & Media High School (BCAM),Common Core English,ELA,2022,61.21,284,69.01,30.99,0.0,0.0,48,General Academic,0.0,0.0,5.0,83.0,30.0,13.0,1.0,68.0,24.0,22.0,23.0,BROOKLYN COMM ARTS-MEDIA HS,800000059611.0,40.692015,-73.95818,11205,Downtown - Heights - Park Slope
73K425,James Madison High School,Common Core English,ELA,2022,68.46,299,0.0,15.72,24.75,59.53,198,General Academic,0.0,0.0,11.0,73.0,16.0,6.0,1.0,86.0,19.0,17.0,18.0,JAMES MADISON HIGH SCHOOL,800000043511.0,40.610499,-73.947661,11229,Coney Island - Sheepshead Bay 
73K425,James Madison High School,Living Environment,Living_Env,2022,72.63,391,0.0,17.39,26.09,56.52,198,General Academic,0.0,0.0,11.0,73.0,16.0,6.0,1.0,86.0,19.0,17.0,17.0,JAMES MADISON HIGH SCHOOL,800000043511.0,40.610499,-73.947661,11229,Coney Island - Sheepshead Bay 
73K425,James Madison High School,Common Core Algebra,Algebra_I,2022,65.91,584,9.25,19.52,19.69,51.54,198,General Academic,0.0,0.0,11.0,73.0,16.0,6.0,1.0,86.0,19.0,17.0,19.0,JAMES MADISON HIGH SCHOOL,800000043511.0,40.610499,-73.947661,11229,Coney Island - Sheepshead Bay 
73K445,New Utrecht High School,Living Environment,Living_Env,2022,72.2,622,0.0,36.17,42.28,21.54,204,General Academic,0.0,0.0,20.0,81.0,18.0,5.0,1.0,84.0,20.0,20.0,20.0,NEW UTRECHT HIGH SCHOOL,800000043519.0,40.613041,-74.002308,11214,Bensonhurst - Bay Ridge
73K445,New Utrecht High School,Common Core Algebra,Algebra_I,2022,70.96,1300,1.92,29.0,48.85,20.23,204,General Academic,0.0,0.0,20.0,81.0,18.0,5.0,1.0,84.0,20.0,20.0,20.0,NEW UTRECHT HIGH SCHOOL,800000043519.0,40.613041,-74.002308,11214,Bensonhurst - Bay Ridge
73K445,New Utrecht High School,Common Core English,ELA,2022,72.09,1368,2.56,33.63,41.74,22.08,204,General Academic,0.0,0.0,20.0,81.0,18.0,5.0,1.0,84.0,20.0,20.0,20.0,NEW UTRECHT HIGH SCHOOL,800000043519.0,40.613041,-74.002308,11214,Bensonhurst - Bay Ridge
02M413,New Utrecht High School,Living Environment,Living_Env,2022,72.2,622,0.0,36.17,42.28,21.54,51,General Academic,0.0,0.0,2.0,41.0,25.0,2.0,1.0,93.0,24.0,27.0,27.0,SCHOOL OF THE FUTURE HIGH SCHOOL,800000048361.0,40.613041,-74.002308,11214,Bensonhurst - Bay Ridge
02M413,New Utrecht High School,Common Core Algebra,Algebra_I,2022,70.96,1300,1.92,29.0,48.85,20.23,51,General Academic,0.0,0.0,2.0,41.0,25.0,2.0,1.0,93.0,24.0,27.0,24.0,SCHOOL OF THE FUTURE HIGH SCHOOL,800000048361.0,40.613041,-74.002308,11214,Bensonhurst - Bay Ridge
02M413,New Utrecht High School,Common Core English,ELA,2022,72.09,1368,2.56,33.63,41.74,22.08,51,General Academic,0.0,0.0,2.0,41.0,25.0,2.0,1.0,93.0,24.0,27.0,25.5,SCHOOL OF THE FUTURE HIGH SCHOOL,800000048361.0,40.613041,-74.002308,11214,Bensonhurst - Bay Ridge
73K488,Brooklyn Preparatory High School,Common Core English,ELA,2022,61.42,29,41.38,58.62,0.0,0.0,39,General Academic,0.0,0.0,4.0,85.0,17.0,7.0,1.0,88.0,24.0,23.0,23.5,BROOKLYN PREPARATORY HS,800000057989.0,40.715561,-73.954815,11211,Greenpoint
73K488,Brooklyn Preparatory High School,Living Environment,Living_Env,2022,67.7,39,0.0,100.0,0.0,0.0,39,General Academic,0.0,0.0,4.0,85.0,17.0,7.0,1.0,88.0,24.0,23.0,23.0,BROOKLYN PREPARATORY HS,800000057989.0,40.715561,-73.954815,11211,Greenpoint
73K488,Brooklyn Preparatory High School,Common Core Algebra,Algebra_I,2022,64.45,72,48.61,51.39,0.0,0.0,39,General Academic,0.0,0.0,4.0,85.0,17.0,7.0,1.0,88.0,24.0,23.0,24.0,BROOKLYN PREPARATORY HS,800000057989.0,40.715561,-73.954815,11211,Greenpoint
73K493,Brooklyn Collegiate: A College Board School,Common Core Algebra,Algebra_I,2022,65.95,96,79.17,20.83,0.0,0.0,36,General Academic,0.0,0.0,5.0,86.0,22.0,11.0,1.0,81.0,22.0,22.0,22.0,BROOKLYN COLLEGIATE,800000057988.0,40.674456,-73.912685,11233,Bedford Stuyvesant - Crown Heights
73K493,Brooklyn Collegiate: A College Board School,Common Core English,ELA,2022,68.31,99,83.84,16.16,0.0,0.0,36,General Academic,0.0,0.0,5.0,86.0,22.0,11.0,1.0,81.0,22.0,22.0,22.0,BROOKLYN COLLEGIATE,800000057988.0,40.674456,-73.912685,11233,Bedford Stuyvesant - Crown Heights
73K493,Brooklyn Collegiate: A College Board School,Living Environment,Living_Env,2022,56.15,100,79.0,21.0,0.0,0.0,36,General Academic,0.0,0.0,5.0,86.0,22.0,11.0,1.0,81.0,22.0,22.0,22.0,BROOKLYN COLLEGIATE,800000057988.0,40.674456,-73.912685,11233,Bedford Stuyvesant - Crown Heights
73K504,High School for Civil Rights,Living Environment,Living_Env,2022,54.5,26,100.0,0.0,0.0,0.0,16,General Academic,0.0,0.0,18.0,85.0,33.0,18.0,1.0,73.0,14.0,22.0,22.0,HIGH SCHOOL FOR CIVIL RIGHTS,800000058021.0,40.666868,-73.895122,11207,East New York
73K504,High School for Civil Rights,Common Core Algebra,Algebra_I,2022,53.46,55,63.64,36.36,0.0,0.0,16,General Academic,0.0,0.0,18.0,85.0,33.0,18.0,1.0,73.0,14.0,22.0,14.0,HIGH SCHOOL FOR CIVIL RIGHTS,800000058021.0,40.666868,-73.895122,11207,East New York
73K504,High School for Civil Rights,Common Core English,ELA,2022,55.21,66,71.21,28.79,0.0,0.0,16,General Academic,0.0,0.0,18.0,85.0,33.0,18.0,1.0,73.0,14.0,22.0,18.0,HIGH SCHOOL FOR CIVIL RIGHTS,800000058021.0,40.666868,-73.895122,11207,East New York
73K505,Franklin Delano Roosevelt High School,Living Environment,Living_Env,2022,70.61,486,0.0,39.71,47.74,12.55,218,General Academic,0.0,0.0,27.0,80.0,19.0,3.0,1.0,82.0,23.0,25.0,25.0,FRANKLIN D ROOSEVELT HIGH SCHOOL,800000043485.0,40.621299,-73.982583,11204,Borough Park
73K505,Franklin Delano Roosevelt High School,Common Core Algebra,Algebra_I,2022,65.75,691,6.66,36.9,40.96,15.48,218,General Academic,0.0,0.0,27.0,80.0,19.0,3.0,1.0,82.0,23.0,25.0,23.0,FRANKLIN D ROOSEVELT HIGH SCHOOL,800000043485.0,40.621299,-73.982583,11204,Borough Park
73K505,Franklin Delano Roosevelt High School,Common Core English,ELA,2022,63.76,750,10.27,39.87,33.33,16.53,218,General Academic,0.0,0.0,27.0,80.0,19.0,3.0,1.0,82.0,23.0,25.0,24.0,FRANKLIN D ROOSEVELT HIGH SCHOOL,800000043485.0,40.621299,-73.982583,11204,Borough Park
73K507,Performing Arts and Technology High School,Living Environment,Living_Env,2022,63.12,86,60.47,39.53,0.0,0.0,28,General Academic,0.0,0.0,8.0,91.0,26.0,11.0,1.0,90.0,12.0,8.0,8.0,PERFORMING ARTS & TECH HS,800000058086.0,40.666868,-73.895122,11207,East New York
73K507,Performing Arts and Technology High School,Common Core Algebra,Algebra_I,2022,63.28,99,63.64,36.36,0.0,0.0,28,General Academic,0.0,0.0,8.0,91.0,26.0,11.0,1.0,90.0,12.0,8.0,12.0,PERFORMING ARTS & TECH HS,800000058086.0,40.666868,-73.895122,11207,East New York
73K507,Performing Arts and Technology High School,Common Core English,ELA,2022,70.04,122,77.87,22.13,0.0,0.0,28,General Academic,0.0,0.0,8.0,91.0,26.0,11.0,1.0,90.0,12.0,8.0,10.0,PERFORMING ARTS & TECH HS,800000058086.0,40.666868,-73.895122,11207,East New York
73K510,World Academy for Total Community Health High School,Living Environment,Living_Env,2022,51.2,20,60.0,40.0,0.0,0.0,13,General Academic,0.0,0.0,14.0,83.0,25.0,17.0,1.0,79.0,13.0,16.0,16.0,WORLD ACAD FOR TOTAL COM HEALTH,800000058098.0,40.666868,-73.895122,11207,East New York
73K510,World Academy for Total Community Health High School,Common Core Algebra,Algebra_I,2022,43.24,22,63.64,36.36,0.0,0.0,13,General Academic,0.0,0.0,14.0,83.0,25.0,17.0,1.0,79.0,13.0,16.0,13.0,WORLD ACAD FOR TOTAL COM HEALTH,800000058098.0,40.666868,-73.895122,11207,East New York
73K510,World Academy for Total Community Health High School,Common Core English,ELA,2022,62.59,37,75.68,24.32,0.0,0.0,13,General Academic,0.0,0.0,14.0,83.0,25.0,17.0,1.0,79.0,13.0,16.0,14.5,WORLD ACAD FOR TOTAL COM HEALTH,800000058098.0,40.666868,-73.895122,11207,East New York
73K525,Edward R. Murrow High School,Common Core Algebra,Algebra_I,2022,63.81,413,18.89,25.67,30.02,25.42,223,General Academic,0.0,0.0,12.0,68.0,19.0,8.0,1.0,86.0,17.0,22.0,17.0,EDWARD R MURROW HIGH SCHOOL,800000043491.0,40.619671,-73.959141,11230,Borough Park
73K525,Edward R. Murrow High School,Living Environment,Living_Env,2022,72.9,443,18.28,25.96,28.67,27.09,223,General Academic,0.0,0.0,12.0,68.0,19.0,8.0,1.0,86.0,17.0,22.0,22.0,EDWARD R MURROW HIGH SCHOOL,800000043491.0,40.619671,-73.959141,11230,Borough Park
73K525,Edward R. Murrow High School,Common Core English,ELA,2022,75.19,772,16.84,20.21,33.29,29.66,223,General Academic,0.0,0.0,12.0,68.0,19.0,8.0,1.0,86.0,17.0,22.0,19.5,EDWARD R MURROW HIGH SCHOOL,800000043491.0,40.619671,-73.959141,11230,Borough Park
73K528,The High School for Global Citizenship,Living Environment,Living_Env,2022,58.2,37,78.38,21.62,0.0,0.0,16,General Academic,0.0,0.0,7.0,89.0,19.0,15.0,1.0,90.0,21.0,20.0,20.0,HIGH SCHOOL FOR GLOBAL CITIZENSHIP,800000058022.0,40.669805,-73.960689,11225,East Flatbush - Flatbush
73K528,The High School for Global Citizenship,Common Core Algebra,Algebra_I,2022,65.04,39,84.62,15.38,0.0,0.0,16,General Academic,0.0,0.0,7.0,89.0,19.0,15.0,1.0,90.0,21.0,20.0,21.0,HIGH SCHOOL FOR GLOBAL CITIZENSHIP,800000058022.0,40.669805,-73.960689,11225,East Flatbush - Flatbush
73K528,The High School for Global Citizenship,Common Core English,ELA,2022,59.92,92,76.09,17.39,6.52,0.0,16,General Academic,0.0,0.0,7.0,89.0,19.0,15.0,1.0,90.0,21.0,20.0,20.5,HIGH SCHOOL FOR GLOBAL CITIZENSHIP,800000058022.0,40.669805,-73.960689,11225,East Flatbush - Flatbush
73K531,The School for Human Rights,Living Environment,Living_Env,2022,58.6,28,100.0,0.0,0.0,0.0,15,General Academic,0.0,0.0,5.0,89.0,21.0,9.0,1.0,79.0,25.0,25.0,25.0,SCHOOL FOR HUMAN RIGHTS,800000057976.0,40.658671,-73.943839,11203,East Flatbush - Flatbush
73K531,The School for Human Rights,Common Core Algebra,Algebra_I,2022,53.8,30,100.0,0.0,0.0,0.0,15,General Academic,0.0,0.0,5.0,89.0,21.0,9.0,1.0,79.0,25.0,25.0,25.0,SCHOOL FOR HUMAN RIGHTS,800000057976.0,40.658671,-73.943839,11203,East Flatbush - Flatbush
73K531,The School for Human Rights,Common Core English,ELA,2022,59.2,42,100.0,0.0,0.0,0.0,15,General Academic,0.0,0.0,5.0,89.0,21.0,9.0,1.0,79.0,25.0,25.0,25.0,SCHOOL FOR HUMAN RIGHTS,800000057976.0,40.658671,-73.943839,11203,East Flatbush - Flatbush
73K535,Leon M. Goldstein High School for the Sciences,Living Environment,Living_Env,2022,80.9,114,14.91,14.04,27.19,43.86,60,General Academic,0.0,0.0,2.0,54.0,17.0,1.0,1.0,92.0,24.0,25.0,25.0,LEON M GOLDSTEIN HIGH SCH-SCIENCES,800000043477.0,40.578356,-73.934449,11235,Coney Island - Sheepshead Bay 
73K535,Leon M. Goldstein High School for the Sciences,Common Core Algebra,Algebra_I,2022,78.23,123,19.51,9.76,26.83,43.9,60,General Academic,0.0,0.0,2.0,54.0,17.0,1.0,1.0,92.0,24.0,25.0,24.0,LEON M GOLDSTEIN HIGH SCH-SCIENCES,800000043477.0,40.578356,-73.934449,11235,Coney Island - Sheepshead Bay 
73K537,High School for Youth and Community Development at Erasmus,Living Environment,Living_Env,2022,55.34,94,64.89,22.34,12.77,0.0,23,General Academic,0.0,0.0,11.0,78.0,22.0,10.0,1.0,84.0,17.0,21.0,21.0,HIGH SCHOOL-YOUTH & COMM DVLPMNT,800000058025.0,40.649602,-73.957173,11226,East Flatbush - Flatbush
73K537,High School for Youth and Community Development at Erasmus,Common Core English,ELA,2022,62.22,95,80.0,20.0,0.0,0.0,23,General Academic,0.0,0.0,11.0,78.0,22.0,10.0,1.0,84.0,17.0,21.0,19.0,HIGH SCHOOL-YOUTH & COMM DVLPMNT,800000058025.0,40.649602,-73.957173,11226,East Flatbush - Flatbush
73K537,High School for Youth and Community Development at Erasmus,Common Core Algebra,Algebra_I,2022,59.21,103,63.11,24.27,12.62,0.0,23,General Academic,0.0,0.0,11.0,78.0,22.0,10.0,1.0,84.0,17.0,21.0,17.0,HIGH SCHOOL-YOUTH & COMM DVLPMNT,800000058025.0,40.649602,-73.957173,11226,East Flatbush - Flatbush
73K539,High School for Service & Learning at Erasmus,Living Environment,Living_Env,2022,55.88,38,60.53,39.47,0.0,0.0,17,General Academic,0.0,0.0,13.0,71.0,24.0,10.0,1.0,82.0,14.0,16.0,16.0,HIGH SCHOOL-SERVICE & LEARNING,800000058024.0,40.649602,-73.957173,11226,East Flatbush - Flatbush
73K539,High School for Service & Learning at Erasmus,Common Core Algebra,Algebra_I,2022,53.18,41,68.29,31.71,0.0,0.0,17,General Academic,0.0,0.0,13.0,71.0,24.0,10.0,1.0,82.0,14.0,16.0,14.0,HIGH SCHOOL-SERVICE & LEARNING,800000058024.0,40.649602,-73.957173,11226,East Flatbush - Flatbush
73K539,High School for Service & Learning at Erasmus,Common Core English,ELA,2022,60.21,52,71.15,28.85,0.0,0.0,17,General Academic,0.0,0.0,13.0,71.0,24.0,10.0,1.0,82.0,14.0,16.0,15.0,HIGH SCHOOL-SERVICE & LEARNING,800000058024.0,40.649602,-73.957173,11226,East Flatbush - Flatbush
73K540,John Dewey High School,Living Environment,Living_Env,2022,66.15,432,15.05,33.8,29.17,21.99,153,General Academic,0.0,0.0,18.0,85.0,17.0,7.0,1.0,87.0,22.0,24.0,24.0,JOHN DEWEY HIGH SCHOOL,800000043478.0,40.58807,-73.981925,11223,Coney Island - Sheepshead Bay 
73K540,John Dewey High School,Common Core Algebra,Algebra_I,2022,65.79,459,18.52,33.12,25.49,22.88,153,General Academic,0.0,0.0,18.0,85.0,17.0,7.0,1.0,87.0,22.0,24.0,22.0,JOHN DEWEY HIGH SCHOOL,800000043478.0,40.58807,-73.981925,11223,Coney Island - Sheepshead Bay 
73K540,John Dewey High School,Common Core English,ELA,2022,65.32,569,26.54,28.82,26.89,17.75,153,General Academic,0.0,0.0,18.0,85.0,17.0,7.0,1.0,87.0,22.0,24.0,23.0,JOHN DEWEY HIGH SCHOOL,800000043478.0,40.58807,-73.981925,11223,Coney Island - Sheepshead Bay 
73K545,EBC High School for Public Service - Bushwick,Common Core English,ELA,2022,59.3,17,0.0,100.0,0.0,0.0,34,General Academic,0.0,0.0,22.0,86.0,25.0,10.0,1.0,79.0,31.0,27.0,29.0,EBC HIGH SCHOOL-PUBLIC SERVICE,800000043531.0,40.694723,-73.929315,11221,Williamsburg - Bushwick
73K545,EBC High School for Public Service - Bushwick,Common Core Algebra,Algebra_I,2022,50.4,69,0.0,100.0,0.0,0.0,34,General Academic,0.0,0.0,22.0,86.0,25.0,10.0,1.0,79.0,31.0,27.0,31.0,EBC HIGH SCHOOL-PUBLIC SERVICE,800000043531.0,40.694723,-73.929315,11221,Williamsburg - Bushwick
73K545,EBC High School for Public Service - Bushwick,Living Environment,Living_Env,2022,59.2,91,13.19,86.81,0.0,0.0,34,General Academic,0.0,0.0,22.0,86.0,25.0,10.0,1.0,79.0,31.0,27.0,27.0,EBC HIGH SCHOOL-PUBLIC SERVICE,800000043531.0,40.694723,-73.929315,11221,Williamsburg - Bushwick
73K546,High School for Public Service: Heroes of Tomorrow,Living Environment,Living_Env,2022,58.43,67,89.55,10.45,0.0,0.0,30,General Academic,0.0,0.0,2.0,80.0,20.0,9.0,1.0,85.0,14.0,13.0,13.0,HS FOR PUBLIC SERVICE-HEROES OF TOM,800000057153.0,40.658671,-73.943839,11203,East Flatbush - Flatbush
73K546,High School for Public Service: Heroes of Tomorrow,Common Core Algebra,Algebra_I,2022,57.87,75,89.33,10.67,0.0,0.0,30,General Academic,0.0,0.0,2.0,80.0,20.0,9.0,1.0,85.0,14.0,13.0,14.0,HS FOR PUBLIC SERVICE-HEROES OF TOM,800000057153.0,40.658671,-73.943839,11203,East Flatbush - Flatbush
73K547,Brooklyn Academy of Science and the Environment,Living Environment,Living_Env,2022,68.5,61,77.05,22.95,0.0,0.0,19,General Academic,0.0,0.0,6.0,75.0,21.0,9.0,1.0,89.0,22.0,22.0,22.0,BROOKLYN ACADEMY OF SCI & ENVIRON,800000057154.0,40.669805,-73.960689,11225,East Flatbush - Flatbush
73K547,Brooklyn Academy of Science and the Environment,Common Core Algebra,Algebra_I,2022,61.75,76,81.58,18.42,0.0,0.0,19,General Academic,0.0,0.0,6.0,75.0,21.0,9.0,1.0,89.0,22.0,22.0,22.0,BROOKLYN ACADEMY OF SCI & ENVIRON,800000057154.0,40.669805,-73.960689,11225,East Flatbush - Flatbush
73K548,Brooklyn School for Music & Theatre,Living Environment,Living_Env,2022,58.0,25,100.0,0.0,0.0,0.0,19,General Academic,0.0,0.0,3.0,82.0,26.0,12.0,1.0,81.0,23.0,22.0,22.0,BROOKLYN SCHOOL FOR MUSIC & THEATER,800000057155.0,40.669805,-73.960689,11225,East Flatbush - Flatbush
73K548,Brooklyn School for Music & Theatre,Common Core Algebra,Algebra_I,2022,56.53,41,80.49,19.51,0.0,0.0,19,General Academic,0.0,0.0,3.0,82.0,26.0,12.0,1.0,81.0,23.0,22.0,23.0,BROOKLYN SCHOOL FOR MUSIC & THEATER,800000057155.0,40.669805,-73.960689,11225,East Flatbush - Flatbush
73K548,Brooklyn School for Music & Theatre,Common Core English,ELA,2022,65.45,59,72.88,27.12,0.0,0.0,19,General Academic,0.0,0.0,3.0,82.0,26.0,12.0,1.0,81.0,23.0,22.0,22.5,BROOKLYN SCHOOL FOR MUSIC & THEATER,800000057155.0,40.669805,-73.960689,11225,East Flatbush - Flatbush
73K549,The Brooklyn School for Social Justice,Living Environment,Living_Env,2022,52.62,47,14.89,85.11,0.0,0.0,29,General Academic,0.0,0.0,39.0,77.0,25.0,18.0,1.0,80.0,16.0,13.0,13.0,BROOKLYN SCHOOL FOR SOCIAL JUSTICE,800000057157.0,40.696457,-73.911751,11237,Williamsburg - Bushwick
73K549,The Brooklyn School for Social Justice,Common Core Algebra,Algebra_I,2022,53.62,52,19.23,80.77,0.0,0.0,29,General Academic,0.0,0.0,39.0,77.0,25.0,18.0,1.0,80.0,16.0,13.0,16.0,BROOKLYN SCHOOL FOR SOCIAL JUSTICE,800000057157.0,40.696457,-73.911751,11237,Williamsburg - Bushwick
73K549,The Brooklyn School for Social Justice,Common Core English,ELA,2022,58.3,85,20.0,80.0,0.0,0.0,29,General Academic,0.0,0.0,39.0,77.0,25.0,18.0,1.0,80.0,16.0,13.0,14.5,BROOKLYN SCHOOL FOR SOCIAL JUSTICE,800000057157.0,40.696457,-73.911751,11237,Williamsburg - Bushwick
73K552,The Academy of Urban Planning and Engineering,Common Core Algebra,Algebra_I,2022,51.35,67,19.4,80.6,0.0,0.0,35,General Academic,0.0,0.0,23.0,97.0,23.0,14.0,1.0,84.0,13.0,15.0,13.0,ACADEMY OF URBAN PLANNING-ENGINEERIN,800000057159.0,40.696457,-73.911751,11237,Williamsburg - Bushwick
73K552,The Academy of Urban Planning and Engineering,Common Core English,ELA,2022,62.71,100,23.0,77.0,0.0,0.0,35,General Academic,0.0,0.0,23.0,97.0,23.0,14.0,1.0,84.0,13.0,15.0,14.0,ACADEMY OF URBAN PLANNING-ENGINEERIN,800000057159.0,40.696457,-73.911751,11237,Williamsburg - Bushwick
73K552,The Academy of Urban Planning and Engineering,Living Environment,Living_Env,2022,65.29,131,12.98,80.92,0.0,6.11,35,General Academic,0.0,0.0,23.0,97.0,23.0,14.0,1.0,84.0,13.0,15.0,15.0,ACADEMY OF URBAN PLANNING-ENGINEERIN,800000057159.0,40.696457,-73.911751,11237,Williamsburg - Bushwick
73K556,Bushwick Leaders High School for Academic Excellen,Common Core English,ELA,2022,58.61,82,12.2,87.8,0.0,0.0,34,General Academic,0.0,0.0,33.0,96.0,24.0,16.0,1.0,80.0,14.0,17.0,15.5,BUSHWICK LEADERS HS-ACAD EXCELL,800000057161.0,40.695436,-73.927349,11221,Williamsburg - Bushwick
73K556,Bushwick Leaders High School for Academic Excellen,Living Environment,Living_Env,2022,55.25,94,6.38,93.62,0.0,0.0,34,General Academic,0.0,0.0,33.0,96.0,24.0,16.0,1.0,80.0,14.0,17.0,17.0,BUSHWICK LEADERS HS-ACAD EXCELL,800000057161.0,40.695436,-73.927349,11221,Williamsburg - Bushwick
73K556,Bushwick Leaders High School for Academic Excellen,Common Core Algebra,Algebra_I,2022,50.94,134,8.21,91.79,0.0,0.0,34,General Academic,0.0,0.0,33.0,96.0,24.0,16.0,1.0,80.0,14.0,17.0,14.0,BUSHWICK LEADERS HS-ACAD EXCELL,800000057161.0,40.695436,-73.927349,11221,Williamsburg - Bushwick
73K563,It Takes a Village Academy,Living Environment,Living_Env,2022,57.51,47,80.85,19.15,0.0,0.0,25,General Academic,0.0,0.0,18.0,73.0,23.0,10.0,1.0,82.0,12.0,14.0,14.0,IT TAKES A VILLAGE ACADEMY,800000060389.0,40.647728,-73.922212,11203,East Flatbush - Flatbush
73K563,It Takes a Village Academy,Common Core Algebra,Algebra_I,2022,55.1,53,84.91,15.09,0.0,0.0,25,General Academic,0.0,0.0,18.0,73.0,23.0,10.0,1.0,82.0,12.0,14.0,12.0,IT TAKES A VILLAGE ACADEMY,800000060389.0,40.647728,-73.922212,11203,East Flatbush - Flatbush
73K563,It Takes a Village Academy,Common Core English,ELA,2022,64.17,99,93.94,6.06,0.0,0.0,25,General Academic,0.0,0.0,18.0,73.0,23.0,10.0,1.0,82.0,12.0,14.0,13.0,IT TAKES A VILLAGE ACADEMY,800000060389.0,40.647728,-73.922212,11203,East Flatbush - Flatbush
73K564,Bushwick Community High School,Common Core English,ELA,2022,57.84,37,32.43,67.57,0.0,0.0,10,Transfer School,0.0,1.0,6.0,88.0,43.0,5.0,1.0,57.0,10.0,,10.0,BUSHWICK COMMUNITY HS,800000057991.0,40.695875,-73.915217,11221,Williamsburg - Bushwick
73K566,Brooklyn Community High School for Excellence and Equity,Living Environment,Living_Env,2022,66.5,31,100.0,0.0,0.0,0.0,17,General Academic,0.0,0.0,11.0,78.0,23.0,9.0,1.0,82.0,21.0,20.0,20.0,BROOKLYN COMMUNITY HS-EXCEL-EQUITY,800000060385.0,40.634451,-73.916927,11236,Canarsie - Flatlands
73K566,Brooklyn Community High School for Excellence and Equity,Common Core English,ELA,2022,58.83,47,85.11,14.89,0.0,0.0,17,General Academic,0.0,0.0,11.0,78.0,23.0,9.0,1.0,82.0,21.0,20.0,20.5,BROOKLYN COMMUNITY HS-EXCEL-EQUITY,800000060385.0,40.634451,-73.916927,11236,Canarsie - Flatlands
73K566,Brooklyn Community High School for Excellence and Equity,Common Core Algebra,Algebra_I,2022,60.38,94,89.36,10.64,0.0,0.0,17,General Academic,0.0,0.0,11.0,78.0,23.0,9.0,1.0,82.0,21.0,20.0,21.0,BROOKLYN COMMUNITY HS-EXCEL-EQUITY,800000060385.0,40.634451,-73.916927,11236,Canarsie - Flatlands
73K567,Brooklyn Theatre Arts High School,Living Environment,Living_Env,2022,59.11,52,86.54,13.46,0.0,0.0,17,General Academic,0.0,0.0,5.0,88.0,28.0,10.0,1.0,88.0,19.0,18.0,18.0,BROOKLYN THEATRE ARTS HIGH SCHOOL,800000060386.0,40.634451,-73.916927,11236,Canarsie - Flatlands
73K567,Brooklyn Theatre Arts High School,Common Core Algebra,Algebra_I,2022,53.37,53,79.25,20.75,0.0,0.0,17,General Academic,0.0,0.0,5.0,88.0,28.0,10.0,1.0,88.0,19.0,18.0,19.0,BROOKLYN THEATRE ARTS HIGH SCHOOL,800000060386.0,40.634451,-73.916927,11236,Canarsie - Flatlands
73K567,Brooklyn Theatre Arts High School,Common Core English,ELA,2022,62.6,56,100.0,0.0,0.0,0.0,17,General Academic,0.0,0.0,5.0,88.0,28.0,10.0,1.0,88.0,19.0,18.0,18.5,BROOKLYN THEATRE ARTS HIGH SCHOOL,800000060386.0,40.634451,-73.916927,11236,Canarsie - Flatlands
73K569,Kurt Hahn Expeditionary Learning School,Common Core English,ELA,2022,61.8,42,100.0,0.0,0.0,0.0,18,General Academic,0.0,0.0,11.0,88.0,38.0,15.0,1.0,68.0,19.0,17.0,18.0,KURT HAHN EXPEDITIONARY LRNING SCH,800000060391.0,40.647728,-73.922212,11203,East Flatbush - Flatbush
73K576,Victory Collegiate High School,Living Environment,Living_Env,2022,56.3,13,100.0,0.0,0.0,0.0,16,General Academic,0.0,0.0,11.0,90.0,22.0,6.0,1.0,85.0,23.0,14.0,14.0,VICTORY COLLEGIATE HIGH SCHOOL,800000060394.0,40.634451,-73.916927,11236,Canarsie - Flatlands
73K576,Victory Collegiate High School,Common Core Algebra,Algebra_I,2022,56.85,46,84.78,15.22,0.0,0.0,16,General Academic,0.0,0.0,11.0,90.0,22.0,6.0,1.0,85.0,23.0,14.0,23.0,VICTORY COLLEGIATE HIGH SCHOOL,800000060394.0,40.634451,-73.916927,11236,Canarsie - Flatlands
73K576,Victory Collegiate High School,Common Core English,ELA,2022,67.7,78,80.77,10.26,0.0,8.97,16,General Academic,0.0,0.0,11.0,90.0,22.0,6.0,1.0,85.0,23.0,14.0,18.5,VICTORY COLLEGIATE HIGH SCHOOL,800000060394.0,40.634451,-73.916927,11236,Canarsie - Flatlands
73K583,Multicultural High School,Common Core English,ELA,2022,21.5,21,0.0,100.0,0.0,0.0,23,General Academic,0.0,0.0,94.0,86.0,3.0,13.0,1.0,90.0,29.0,24.0,26.5,MULTICULTURAL HIGH SCHOOL,800000060393.0,40.693002,-73.869305,11208,East New York
73K583,Multicultural High School,Living Environment,Living_Env,2022,53.5,75,0.0,100.0,0.0,0.0,23,General Academic,0.0,0.0,94.0,86.0,3.0,13.0,1.0,90.0,29.0,24.0,24.0,MULTICULTURAL HIGH SCHOOL,800000060393.0,40.693002,-73.869305,11208,East New York
73K583,Multicultural High School,Common Core Algebra,Algebra_I,2022,49.7,88,0.0,100.0,0.0,0.0,23,General Academic,0.0,0.0,94.0,86.0,3.0,13.0,1.0,90.0,29.0,24.0,29.0,MULTICULTURAL HIGH SCHOOL,800000060393.0,40.693002,-73.869305,11208,East New York
73K592,Khalil Gibran International Academy,Living Environment,Living_Env,2022,59.04,34,17.65,20.59,38.24,23.53,17,General Academic,0.0,0.0,38.0,84.0,17.0,12.0,1.0,86.0,20.0,19.0,19.0,KHALIL GIBRAN INTERNATIONAL ACADEMY,800000060374.0,40.686147,-73.979829,11217,Downtown - Heights - Park Slope
73K592,Khalil Gibran International Academy,Common Core English,ELA,2022,64.23,35,34.29,0.0,40.0,25.71,17,General Academic,0.0,0.0,38.0,84.0,17.0,12.0,1.0,86.0,20.0,19.0,19.5,KHALIL GIBRAN INTERNATIONAL ACADEMY,800000060374.0,40.686147,-73.979829,11217,Downtown - Heights - Park Slope
73K592,Khalil Gibran International Academy,Common Core Algebra,Algebra_I,2022,56.71,46,0.0,34.78,32.61,32.61,17,General Academic,0.0,0.0,38.0,84.0,17.0,12.0,1.0,86.0,20.0,19.0,20.0,KHALIL GIBRAN INTERNATIONAL ACADEMY,800000060374.0,40.686147,-73.979829,11217,Downtown - Heights - Park Slope
73K595,Bedford Academy High School,Common Core Algebra,Algebra_I,2022,76.2,26,100.0,0.0,0.0,0.0,23,General Academic,0.0,0.0,0.0,68.0,15.0,5.0,1.0,87.0,12.0,17.0,12.0,BEDFORD ACADEMY HIGH SCHOOL,800000057162.0,40.685486,-73.953692,11216,Bedford Stuyvesant - Crown Heights
73K595,Bedford Academy High School,Living Environment,Living_Env,2022,79.11,52,75.0,11.54,13.46,0.0,23,General Academic,0.0,0.0,0.0,68.0,15.0,5.0,1.0,87.0,12.0,17.0,17.0,BEDFORD ACADEMY HIGH SCHOOL,800000057162.0,40.685486,-73.953692,11216,Bedford Stuyvesant - Crown Heights
73K595,Bedford Academy High School,Common Core English,ELA,2022,86.24,81,85.19,14.81,0.0,0.0,23,General Academic,0.0,0.0,0.0,68.0,15.0,5.0,1.0,87.0,12.0,17.0,14.5,BEDFORD ACADEMY HIGH SCHOOL,800000057162.0,40.685486,-73.953692,11216,Bedford Stuyvesant - Crown Heights
73K600,Clara Barton High School,Living Environment,Living_Env,2022,62.28,179,88.27,11.73,0.0,0.0,90,Career Technical,1.0,0.0,8.0,80.0,19.0,8.0,1.0,80.0,30.0,25.0,25.0,CLARA BARTON HIGH SCHOOL,800000043474.0,40.669805,-73.960689,11225,East Flatbush - Flatbush
73K600,Clara Barton High School,Common Core Algebra,Algebra_I,2022,59.87,283,90.11,9.89,0.0,0.0,90,Career Technical,1.0,0.0,8.0,80.0,19.0,8.0,1.0,80.0,30.0,25.0,30.0,CLARA BARTON HIGH SCHOOL,800000043474.0,40.669805,-73.960689,11225,East Flatbush - Flatbush
73K600,Clara Barton High School,Common Core English,ELA,2022,71.91,390,89.23,10.77,0.0,0.0,90,Career Technical,1.0,0.0,8.0,80.0,19.0,8.0,1.0,80.0,30.0,25.0,27.5,CLARA BARTON HIGH SCHOOL,800000043474.0,40.669805,-73.960689,11225,East Flatbush - Flatbush
73K611,Origins High School,Common Core English,ELA,2022,54.81,33,33.33,24.24,42.42,0.0,38,General Academic,0.0,0.0,24.0,78.0,16.0,9.0,1.0,80.0,23.0,29.0,26.0,ORIGINS HIGH SCHOOL,800000077837.0,40.593157,-73.936635,11235,Coney Island - Sheepshead Bay 
73K611,Origins High School,Common Core Algebra,Algebra_I,2022,58.18,47,17.02,14.89,27.66,40.43,38,General Academic,0.0,0.0,24.0,78.0,16.0,9.0,1.0,80.0,23.0,29.0,23.0,ORIGINS HIGH SCHOOL,800000077837.0,40.593157,-73.936635,11235,Coney Island - Sheepshead Bay 
73K611,Origins High School,Living Environment,Living_Env,2022,61.22,56,26.79,0.0,23.21,50.0,38,General Academic,0.0,0.0,24.0,78.0,16.0,9.0,1.0,80.0,23.0,29.0,29.0,ORIGINS HIGH SCHOOL,800000077837.0,40.593157,-73.936635,11235,Coney Island - Sheepshead Bay 
73K616,Brooklyn High School for Leadership and Community,Common Core Algebra,Algebra_I,2022,59.96,18,55.56,44.44,0.0,0.0,13,Transfer School,0.0,1.0,5.0,90.0,37.0,14.0,1.0,32.0,13.0,19.0,13.0,BROOKLYN HS-LEADERSHIP & COMMUNITY,800000062326.0,40.692015,-73.95818,11205,Downtown - Heights - Park Slope
73K616,Brooklyn High School for Leadership and Community,Common Core English,ELA,2022,55.94,21,57.14,42.86,0.0,0.0,13,Transfer School,0.0,1.0,5.0,90.0,37.0,14.0,1.0,32.0,13.0,19.0,16.0,BROOKLYN HS-LEADERSHIP & COMMUNITY,800000062326.0,40.692015,-73.95818,11205,Downtown - Heights - Park Slope
73K617,High School for Innovation in Advertising and Media,Common Core English,ELA,2022,54.1,52,100.0,0.0,0.0,0.0,28,Career Technical,1.0,0.0,6.0,78.0,30.0,8.0,1.0,86.0,14.0,13.0,13.5,HS FOR INNOVATION -ADVERTISING/MEDIA,800000062327.0,40.640543,-73.898601,11236,Canarsie - Flatlands
73K617,High School for Innovation in Advertising and Media,Living Environment,Living_Env,2022,57.2,52,100.0,0.0,0.0,0.0,28,Career Technical,1.0,0.0,6.0,78.0,30.0,8.0,1.0,86.0,14.0,13.0,13.0,HS FOR INNOVATION -ADVERTISING/MEDIA,800000062327.0,40.640543,-73.898601,11236,Canarsie - Flatlands
73K617,High School for Innovation in Advertising and Media,Common Core Algebra,Algebra_I,2022,59.71,70,88.57,0.0,0.0,11.43,28,Career Technical,1.0,0.0,6.0,78.0,30.0,8.0,1.0,86.0,14.0,13.0,14.0,HS FOR INNOVATION -ADVERTISING/MEDIA,800000062327.0,40.640543,-73.898601,11236,Canarsie - Flatlands
73K618,Academy of Innovative Technology,Living Environment,Living_Env,2022,66.32,67,35.82,44.78,19.4,0.0,35,Career Technical,1.0,0.0,8.0,84.0,21.0,7.0,1.0,84.0,11.0,12.0,12.0,ACADEMY OF INNOVATIVE TECHNOLOGY,800000062328.0,40.693002,-73.869305,11208,East New York
73K618,Academy of Innovative Technology,Common Core Algebra,Algebra_I,2022,60.65,146,34.93,53.42,7.53,4.11,35,Career Technical,1.0,0.0,8.0,84.0,21.0,7.0,1.0,84.0,11.0,12.0,11.0,ACADEMY OF INNOVATIVE TECHNOLOGY,800000062328.0,40.693002,-73.869305,11208,East New York
73K618,Academy of Innovative Technology,Common Core English,ELA,2022,71.47,204,32.84,61.27,5.88,0.0,35,Career Technical,1.0,0.0,8.0,84.0,21.0,7.0,1.0,84.0,11.0,12.0,11.5,ACADEMY OF INNOVATIVE TECHNOLOGY,800000062328.0,40.693002,-73.869305,11208,East New York
73K629,Cultural Academy for the Arts and Sciences,Living Environment,Living_Env,2022,61.4,45,100.0,0.0,0.0,0.0,22,General Academic,0.0,0.0,6.0,84.0,30.0,9.0,1.0,82.0,23.0,22.0,22.0,CULTURAL ACADEMY-ARTS AND SCIENCES,800000062331.0,40.647728,-73.922212,11203,East Flatbush - Flatbush
73K629,Cultural Academy for the Arts and Sciences,Common Core Algebra,Algebra_I,2022,61.14,61,88.52,11.48,0.0,0.0,22,General Academic,0.0,0.0,6.0,84.0,30.0,9.0,1.0,82.0,23.0,22.0,23.0,CULTURAL ACADEMY-ARTS AND SCIENCES,800000062331.0,40.647728,-73.922212,11203,East Flatbush - Flatbush
73K630,Professional Pathways High School,Living Environment,Living_Env,2022,66.17,14,42.86,57.14,0.0,0.0,17,Transfer School,0.0,1.0,8.0,94.0,32.0,3.0,1.0,53.0,4.0,3.0,3.0,PROFESSIONAL PATHWAYS HIGH SCHOOL,800000077838.0,40.593157,-73.936635,11235,Coney Island - Sheepshead Bay 
73K630,Professional Pathways High School,Common Core Algebra,Algebra_I,2022,57.32,20,40.0,60.0,0.0,0.0,17,Transfer School,0.0,1.0,8.0,94.0,32.0,3.0,1.0,53.0,4.0,3.0,4.0,PROFESSIONAL PATHWAYS HIGH SCHOOL,800000077838.0,40.593157,-73.936635,11235,Coney Island - Sheepshead Bay 
73K630,Professional Pathways High School,Common Core English,ELA,2022,57.28,27,40.74,59.26,0.0,0.0,17,Transfer School,0.0,1.0,8.0,94.0,32.0,3.0,1.0,53.0,4.0,3.0,3.5,PROFESSIONAL PATHWAYS HIGH SCHOOL,800000077838.0,40.593157,-73.936635,11235,Coney Island - Sheepshead Bay 
73K633,High School for Medical Professions,Living Environment,Living_Env,2022,62.14,70,80.0,20.0,0.0,0.0,30,General Academic,0.0,0.0,10.0,83.0,16.0,9.0,1.0,83.0,21.0,25.0,25.0,HIGH SCHOOL FOR MEDICAL PROFESSIONS,800000062334.0,40.640543,-73.898601,11236,Canarsie - Flatlands
73K633,High School for Medical Professions,Common Core Algebra,Algebra_I,2022,58.89,80,88.75,11.25,0.0,0.0,30,General Academic,0.0,0.0,10.0,83.0,16.0,9.0,1.0,83.0,21.0,25.0,21.0,HIGH SCHOOL FOR MEDICAL PROFESSIONS,800000062334.0,40.640543,-73.898601,11236,Canarsie - Flatlands
73K633,High School for Medical Professions,Common Core English,ELA,2022,67.74,99,76.77,23.23,0.0,0.0,30,General Academic,0.0,0.0,10.0,83.0,16.0,9.0,1.0,83.0,21.0,25.0,23.0,HIGH SCHOOL FOR MEDICAL PROFESSIONS,800000062334.0,40.640543,-73.898601,11236,Canarsie - Flatlands
73K635,Olympus Academy,Common Core English,ELA,2022,57.7,21,100.0,0.0,0.0,0.0,16,Transfer School,0.0,1.0,3.0,91.0,38.0,6.0,1.0,45.0,8.0,14.0,11.0,OLYMPUS ACADEMY,800000062336.0,40.645965,-73.898607,11236,Canarsie - Flatlands
73K637,Academy for Conservation and the Environment,Living Environment,Living_Env,2022,68.25,80,71.25,16.25,0.0,12.5,30,General Academic,0.0,0.0,9.0,82.0,19.0,12.0,1.0,82.0,20.0,21.0,21.0,ACAD FOR CONSERVATION & ENVIRONMENT,800000062338.0,40.634451,-73.916927,11236,Canarsie - Flatlands
73K637,Academy for Conservation and the Environment,Common Core English,ELA,2022,71.6,92,84.78,8.7,0.0,6.52,30,General Academic,0.0,0.0,9.0,82.0,19.0,12.0,1.0,82.0,20.0,21.0,20.5,ACAD FOR CONSERVATION & ENVIRONMENT,800000062338.0,40.634451,-73.916927,11236,Canarsie - Flatlands
73K637,Academy for Conservation and the Environment,Common Core Algebra,Algebra_I,2022,61.58,106,75.47,14.15,10.38,0.0,30,General Academic,0.0,0.0,9.0,82.0,19.0,12.0,1.0,82.0,20.0,21.0,20.0,ACAD FOR CONSERVATION & ENVIRONMENT,800000062338.0,40.634451,-73.916927,11236,Canarsie - Flatlands
73K642,Urban Action Academy,Common Core Algebra,Algebra_I,2022,49.3,14,100.0,0.0,0.0,0.0,10,General Academic,0.0,0.0,16.0,93.0,26.0,13.0,1.0,76.0,3.0,4.0,3.0,URBAN ACTION ACADEMY,800000062340.0,40.640543,-73.898601,11236,Canarsie - Flatlands
73K642,Urban Action Academy,Common Core English,ELA,2022,67.3,30,100.0,0.0,0.0,0.0,10,General Academic,0.0,0.0,16.0,93.0,26.0,13.0,1.0,76.0,3.0,4.0,3.5,URBAN ACTION ACADEMY,800000062340.0,40.640543,-73.898601,11236,Canarsie - Flatlands
73K643,Brooklyn Democracy Academy,Common Core English,ELA,2022,67.4,14,100.0,0.0,0.0,0.0,14,Transfer School,0.0,1.0,7.0,87.0,36.0,14.0,1.0,63.0,6.0,12.0,9.0,BROOKLYN DEMOCRACY ACADEMY,800000062341.0,40.655644,-73.906662,11212,Bedford Stuyvesant - Crown Heights
73K643,Brooklyn Democracy Academy,Common Core Algebra,Algebra_I,2022,43.38,17,64.71,35.29,0.0,0.0,14,Transfer School,0.0,1.0,7.0,87.0,36.0,14.0,1.0,63.0,6.0,12.0,6.0,BROOKLYN DEMOCRACY ACADEMY,800000062341.0,40.655644,-73.906662,11212,Bedford Stuyvesant - Crown Heights
73K646,Aspirations Diploma Plus High School,Common Core Algebra,Algebra_I,2022,59.4,22,100.0,0.0,0.0,0.0,14,Transfer School,0.0,1.0,4.0,82.0,37.0,13.0,1.0,50.0,7.0,7.0,7.0,ASPIRATIONS DIPLOMA PLUS HIGH SCHOOL,800000062343.0,40.669561,-73.955188,11225,East Flatbush - Flatbush
73K646,Aspirations Diploma Plus High School,Common Core English,ELA,2022,59.3,40,100.0,0.0,0.0,0.0,14,Transfer School,0.0,1.0,4.0,82.0,37.0,13.0,1.0,50.0,7.0,7.0,7.0,ASPIRATIONS DIPLOMA PLUS HIGH SCHOOL,800000062343.0,40.669561,-73.955188,11225,East Flatbush - Flatbush
73K659,Cypress Hills Collegiate Preparatory School,Living Environment,Living_Env,2022,64.37,71,16.9,83.1,0.0,0.0,29,General Academic,0.0,0.0,21.0,92.0,21.0,9.0,1.0,82.0,19.0,18.0,18.0,CYPRESS HILLS COLLEGIATE PREP SCHOOL,800000062345.0,40.693002,-73.869305,11208,East New York
73K659,Cypress Hills Collegiate Preparatory School,Common Core Algebra,Algebra_I,2022,59.28,149,10.07,77.18,12.75,0.0,29,General Academic,0.0,0.0,21.0,92.0,21.0,9.0,1.0,82.0,19.0,18.0,19.0,CYPRESS HILLS COLLEGIATE PREP SCHOOL,800000062345.0,40.693002,-73.869305,11208,East New York
73K659,Cypress Hills Collegiate Preparatory School,Common Core English,ELA,2022,64.21,172,13.37,76.16,10.47,0.0,29,General Academic,0.0,0.0,21.0,92.0,21.0,9.0,1.0,82.0,19.0,18.0,18.5,CYPRESS HILLS COLLEGIATE PREP SCHOOL,800000062345.0,40.693002,-73.869305,11208,East New York
73K660,W. H. Maxwell Career and Technical Education High School,Common Core English,ELA,2022,61.36,49,65.31,34.69,0.0,0.0,46,Career Technical,1.0,0.0,14.0,87.0,37.0,14.0,1.0,72.0,20.0,23.0,21.5,W H MAXWELL CAREER AND TECH HS,800000043443.0,40.673766,-73.895976,11207,East New York
73K660,W. H. Maxwell Career and Technical Education High School,Common Core Algebra,Algebra_I,2022,56.19,117,46.15,47.86,0.0,5.98,46,Career Technical,1.0,0.0,14.0,87.0,37.0,14.0,1.0,72.0,20.0,23.0,20.0,W H MAXWELL CAREER AND TECH HS,800000043443.0,40.673766,-73.895976,11207,East New York
73K660,W. H. Maxwell Career and Technical Education High School,Living Environment,Living_Env,2022,52.54,129,49.61,45.74,0.0,4.65,46,Career Technical,1.0,0.0,14.0,87.0,37.0,14.0,1.0,72.0,20.0,23.0,23.0,W H MAXWELL CAREER AND TECH HS,800000043443.0,40.673766,-73.895976,11207,East New York
73K667,Sunset Park High School,Common Core English,ELA,2022,57.4,29,0.0,100.0,0.0,0.0,112,General Academic,0.0,0.0,23.0,84.0,21.0,7.0,1.0,78.0,8.0,26.0,17.0,SUNSET PARK HIGH SCHOOL,800000065481.0,40.655583,-74.004342,11232,Sunset Park
73K667,Sunset Park High School,Living Environment,Living_Env,2022,64.28,240,0.0,70.83,19.17,10.0,112,General Academic,0.0,0.0,23.0,84.0,21.0,7.0,1.0,78.0,8.0,26.0,26.0,SUNSET PARK HIGH SCHOOL,800000065481.0,40.655583,-74.004342,11232,Sunset Park
73K667,Sunset Park High School,Common Core Algebra,Algebra_I,2022,61.04,478,6.9,67.99,17.15,7.95,112,General Academic,0.0,0.0,23.0,84.0,21.0,7.0,1.0,78.0,8.0,26.0,8.0,SUNSET PARK HIGH SCHOOL,800000065481.0,40.655583,-74.004342,11232,Sunset Park
73K670,Benjamin Banneker Academy,Common Core Algebra,Algebra_I,2022,69.83,85,78.82,21.18,0.0,0.0,48,General Academic,0.0,0.0,2.0,74.0,17.0,9.0,1.0,82.0,27.0,27.0,27.0,BENJAMIN BANNEKER ACADEMY,800000045542.0,40.695389,-73.968759,11205,Downtown - Heights - Park Slope
73K670,Benjamin Banneker Academy,Living Environment,Living_Env,2022,72.31,102,74.51,25.49,0.0,0.0,48,General Academic,0.0,0.0,2.0,74.0,17.0,9.0,1.0,82.0,27.0,27.0,27.0,BENJAMIN BANNEKER ACADEMY,800000045542.0,40.695389,-73.968759,11205,Downtown - Heights - Park Slope
73K670,Benjamin Banneker Academy,Common Core English,ELA,2022,71.05,215,79.53,20.47,0.0,0.0,48,General Academic,0.0,0.0,2.0,74.0,17.0,9.0,1.0,82.0,27.0,27.0,27.0,BENJAMIN BANNEKER ACADEMY,800000045542.0,40.695389,-73.968759,11205,Downtown - Heights - Park Slope
73K683,School for Classics High School,Living Environment,Living_Env,2022,52.45,55,49.09,40.0,10.91,0.0,22,General Academic,0.0,0.0,32.0,93.0,26.0,10.0,1.0,80.0,13.0,27.0,27.0,SCHOOL FOR CLASSICS HIGH SCHOOL,800000065489.0,40.67002,-73.874537,11208,East New York
73K683,School for Classics High School,Common Core Algebra,Algebra_I,2022,49.57,68,44.12,39.71,16.18,0.0,22,General Academic,0.0,0.0,32.0,93.0,26.0,10.0,1.0,80.0,13.0,27.0,13.0,SCHOOL FOR CLASSICS HIGH SCHOOL,800000065489.0,40.67002,-73.874537,11208,East New York
73K683,School for Classics High School,Common Core English,ELA,2022,51.86,85,41.18,36.47,22.35,0.0,22,General Academic,0.0,0.0,32.0,93.0,26.0,10.0,1.0,80.0,13.0,27.0,20.0,SCHOOL FOR CLASSICS HIGH SCHOOL,800000065489.0,40.67002,-73.874537,11208,East New York
73K697,Teachers Preparatory High School,Common Core English,ELA,2022,59.6,16,100.0,0.0,0.0,0.0,18,General Academic,0.0,0.0,9.0,95.0,41.0,26.0,1.0,70.0,8.0,13.0,10.5,TEACHERS PREPARATORY HIGH SCHOOL,800000056056.0,40.665568,-73.912102,11212,Bedford Stuyvesant - Crown Heights
73K697,Teachers Preparatory High School,Common Core Algebra,Algebra_I,2022,44.5,20,100.0,0.0,0.0,0.0,18,General Academic,0.0,0.0,9.0,95.0,41.0,26.0,1.0,70.0,8.0,13.0,8.0,TEACHERS PREPARATORY HIGH SCHOOL,800000056056.0,40.665568,-73.912102,11212,Bedford Stuyvesant - Crown Heights
73K697,Teachers Preparatory High School,Living Environment,Living_Env,2022,56.83,40,67.5,32.5,0.0,0.0,18,General Academic,0.0,0.0,9.0,95.0,41.0,26.0,1.0,70.0,8.0,13.0,13.0,TEACHERS PREPARATORY HIGH SCHOOL,800000056056.0,40.665568,-73.912102,11212,Bedford Stuyvesant - Crown Heights
73K745,Brooklyn Institute for Liberal Arts,Living Environment,Living_Env,2022,66.91,116,75.86,24.14,0.0,0.0,37,General Academic,0.0,0.0,5.0,86.0,23.0,10.0,1.0,86.0,29.0,25.0,25.0,BROOKLYN INSTITUTE FOR LIBERAL ARTS,800000075036.0,40.658671,-73.943839,11203,East Flatbush - Flatbush
73K745,Brooklyn Institute for Liberal Arts,Common Core Algebra,Algebra_I,2022,65.35,130,88.46,11.54,0.0,0.0,37,General Academic,0.0,0.0,5.0,86.0,23.0,10.0,1.0,86.0,29.0,25.0,29.0,BROOKLYN INSTITUTE FOR LIBERAL ARTS,800000075036.0,40.658671,-73.943839,11203,East Flatbush - Flatbush
73K745,Brooklyn Institute for Liberal Arts,Common Core English,ELA,2022,76.26,138,78.26,21.74,0.0,0.0,37,General Academic,0.0,0.0,5.0,86.0,23.0,10.0,1.0,86.0,29.0,25.0,27.0,BROOKLYN INSTITUTE FOR LIBERAL ARTS,800000075036.0,40.658671,-73.943839,11203,East Flatbush - Flatbush
73K751,Academy for Health Careers,Common Core Algebra,Algebra_I,2022,59.4,31,74.19,25.81,0.0,0.0,18,Career Technical,1.0,0.0,6.0,83.0,16.0,13.0,1.0,76.0,17.0,15.0,17.0,ACADEMY FOR HEALTH CAREERS,800000069172.0,40.675905,-73.939282,11213,Bedford Stuyvesant - Crown Heights
73K751,Academy for Health Careers,Living Environment,Living_Env,2022,64.5,31,64.52,35.48,0.0,0.0,18,Career Technical,1.0,0.0,6.0,83.0,16.0,13.0,1.0,76.0,17.0,15.0,15.0,ACADEMY FOR HEALTH CAREERS,800000069172.0,40.675905,-73.939282,11213,Bedford Stuyvesant - Crown Heights
73K751,Academy for Health Careers,Common Core English,ELA,2022,71.2,58,79.31,20.69,0.0,0.0,18,Career Technical,1.0,0.0,6.0,83.0,16.0,13.0,1.0,76.0,17.0,15.0,16.0,ACADEMY FOR HEALTH CAREERS,800000069172.0,40.675905,-73.939282,11213,Bedford Stuyvesant - Crown Heights
73K764,The Urban Assembly School for Collaborative Health,Living Environment,Living_Env,2022,67.97,86,29.07,59.3,11.63,0.0,26,Career Technical,1.0,0.0,13.0,80.0,15.0,7.0,1.0,85.0,21.0,12.0,12.0,URBAN ASSEMBLY-COLLABORATIVE HEALTHC,800000083462.0,40.693002,-73.869305,11208,East New York
73K764,The Urban Assembly School for Collaborative Health,Common Core English,ELA,2022,64.47,120,25.0,60.83,14.17,0.0,26,Career Technical,1.0,0.0,13.0,80.0,15.0,7.0,1.0,85.0,21.0,12.0,16.5,URBAN ASSEMBLY-COLLABORATIVE HEALTHC,800000083462.0,40.693002,-73.869305,11208,East New York
73K764,The Urban Assembly School for Collaborative Health,Common Core Algebra,Algebra_I,2022,61.06,141,24.82,65.25,9.93,0.0,26,Career Technical,1.0,0.0,13.0,80.0,15.0,7.0,1.0,85.0,21.0,12.0,21.0,URBAN ASSEMBLY-COLLABORATIVE HEALTHC,800000083462.0,40.693002,-73.869305,11208,East New York
73K765,Nelson Mandela High School,Common Core English,ELA,2022,54.4,17,100.0,0.0,0.0,0.0,17,General Academic,0.0,0.0,5.0,89.0,39.0,10.0,1.0,77.0,14.0,14.0,14.0,NELSON MANDELA HIGH SCHOOL,800000083724.0,40.678478,-73.931604,11213,Bedford Stuyvesant - Crown Heights
73K765,Nelson Mandela High School,Common Core Algebra,Algebra_I,2022,54.31,27,77.78,22.22,0.0,0.0,17,General Academic,0.0,0.0,5.0,89.0,39.0,10.0,1.0,77.0,14.0,14.0,14.0,NELSON MANDELA HIGH SCHOOL,800000083724.0,40.678478,-73.931604,11213,Bedford Stuyvesant - Crown Heights
76K344,Rachel Carson High School for Coastal Studies,Living Environment,Living_Env,2022,67.41,100,14.0,26.0,0.0,60.0,38,General Academic,0.0,0.0,19.0,73.0,17.0,3.0,1.0,84.0,27.0,27.0,27.0,RACHEL CARSON HS FOR COASTAL STUDIES,800000059098.0,40.582518,-73.972009,11224,Coney Island - Sheepshead Bay 
76K344,Rachel Carson High School for Coastal Studies,Common Core English,ELA,2022,63.55,115,0.0,23.48,19.13,57.39,38,General Academic,0.0,0.0,19.0,73.0,17.0,3.0,1.0,84.0,27.0,27.0,27.0,RACHEL CARSON HS FOR COASTAL STUDIES,800000059098.0,40.582518,-73.972009,11224,Coney Island - Sheepshead Bay 
76K344,Rachel Carson High School for Coastal Studies,Common Core Algebra,Algebra_I,2022,61.0,116,14.66,25.0,0.0,60.34,38,General Academic,0.0,0.0,19.0,73.0,17.0,3.0,1.0,84.0,27.0,27.0,27.0,RACHEL CARSON HS FOR COASTAL STUDIES,800000059098.0,40.582518,-73.972009,11224,Coney Island - Sheepshead Bay 
76K410,Abraham Lincoln High School,Common Core English,ELA,2022,62.98,37,43.24,56.76,0.0,0.0,121,General Academic,0.0,0.0,13.0,81.0,19.0,9.0,1.0,82.0,24.0,24.0,24.0,ABRAHAM LINCOLN HIGH SCHOOL,800000043504.0,40.582627,-73.968733,11235,Coney Island - Sheepshead Bay 
76K410,Abraham Lincoln High School,Living Environment,Living_Env,2022,65.11,447,34.9,32.89,18.79,13.42,121,General Academic,0.0,0.0,13.0,81.0,19.0,9.0,1.0,82.0,24.0,24.0,24.0,ABRAHAM LINCOLN HIGH SCHOOL,800000043504.0,40.582627,-73.968733,11235,Coney Island - Sheepshead Bay 
76K410,Abraham Lincoln High School,Common Core Algebra,Algebra_I,2022,60.4,474,36.5,32.7,16.88,13.92,121,General Academic,0.0,0.0,13.0,81.0,19.0,9.0,1.0,82.0,24.0,24.0,24.0,ABRAHAM LINCOLN HIGH SCHOOL,800000043504.0,40.582627,-73.968733,11235,Coney Island - Sheepshead Bay 
76K423,Brooklyn Frontiers High School,Common Core English,ELA,2022,60.43,24,66.67,33.33,0.0,0.0,18,Transfer School,0.0,1.0,5.0,83.0,45.0,8.0,1.0,66.0,8.0,6.0,7.0,BROOKLYN FRONTIERS HIGH SCHOOL,800000070895.0,40.690007,-73.989369,11201,Downtown - Heights - Park Slope
76K429,Digital Arts and Cinema Technology High School,Common Core Algebra,Algebra_I,2022,72.83,44,56.82,43.18,0.0,0.0,27,General Academic,0.0,0.0,3.0,77.0,23.0,5.0,1.0,86.0,18.0,19.0,18.0,DIGITAL ARTS AND CINEMA TECH HS,800000043515.0,40.685006,-73.993293,11201,Downtown - Heights - Park Slope
76K429,Digital Arts and Cinema Technology High School,Living Environment,Living_Env,2022,73.17,50,58.0,42.0,0.0,0.0,27,General Academic,0.0,0.0,3.0,77.0,23.0,5.0,1.0,86.0,18.0,19.0,19.0,DIGITAL ARTS AND CINEMA TECH HS,800000043515.0,40.685006,-73.993293,11201,Downtown - Heights - Park Slope
76K429,Digital Arts and Cinema Technology High School,Common Core English,ELA,2022,78.68,89,29.21,60.67,0.0,10.11,27,General Academic,0.0,0.0,3.0,77.0,23.0,5.0,1.0,86.0,18.0,19.0,18.5,DIGITAL ARTS AND CINEMA TECH HS,800000043515.0,40.685006,-73.993293,11201,Downtown - Heights - Park Slope
76K430,Brooklyn Technical High School,Common Core English,ELA,2022,88.94,32,0.0,0.0,81.25,18.75,288,General Academic,0.0,0.0,0.0,60.0,2.0,2.0,1.0,89.0,,32.0,32.0,BROOKLYN TECHNICAL HIGH SCHOOL,800000043516.0,40.688896,-73.976435,11217,Downtown - Heights - Park Slope
76K430,Brooklyn Technical High School,Common Core Algebra,Algebra_I,2022,84.65,333,8.41,6.91,65.47,19.22,288,General Academic,0.0,0.0,0.0,60.0,2.0,2.0,1.0,89.0,,32.0,,BROOKLYN TECHNICAL HIGH SCHOOL,800000043516.0,40.688896,-73.976435,11217,Downtown - Heights - Park Slope
76K430,Brooklyn Technical High School,Living Environment,Living_Env,2022,88.57,659,5.77,6.07,63.43,24.73,288,General Academic,0.0,0.0,0.0,60.0,2.0,2.0,1.0,89.0,,32.0,32.0,BROOKLYN TECHNICAL HIGH SCHOOL,800000043516.0,40.688896,-73.976435,11217,Downtown - Heights - Park Slope
76K449,The Brooklyn Latin School,Common Core Algebra,Algebra_I,2022,83.31,32,0.0,0.0,78.12,21.88,46,General Academic,0.0,0.0,0.0,59.0,2.0,2.0,1.0,91.0,,,,BROOKLYN LATIN SCHOOL ,800000059612.0,40.709765,-73.944463,11206,Williamsburg - Bushwick
76K449,The Brooklyn Latin School,Living Environment,Living_Env,2022,84.9,86,13.95,11.63,53.49,20.93,46,General Academic,0.0,0.0,0.0,59.0,2.0,2.0,1.0,91.0,,,,BROOKLYN LATIN SCHOOL ,800000059612.0,40.709765,-73.944463,11206,Williamsburg - Bushwick
76K449,The Brooklyn Latin School,Common Core English,ELA,2022,92.88,170,12.35,12.35,59.41,15.88,46,General Academic,0.0,0.0,0.0,59.0,2.0,2.0,1.0,91.0,,,,BROOKLYN LATIN SCHOOL ,800000059612.0,40.709765,-73.944463,11206,Williamsburg - Bushwick
76K454,The Williamsburg High School of Art and Technology,Common Core Algebra,Algebra_I,2022,56.02,63,34.92,65.08,0.0,0.0,30,General Academic,0.0,0.0,13.0,83.0,25.0,9.0,1.0,86.0,28.0,44.0,28.0,WILLIAMSBURG HS-ART-TECH,800000059626.0,40.709765,-73.944463,11206,Williamsburg - Bushwick
76K454,The Williamsburg High School of Art and Technology,Living Environment,Living_Env,2022,70.7,75,33.33,66.67,0.0,0.0,30,General Academic,0.0,0.0,13.0,83.0,25.0,9.0,1.0,86.0,28.0,44.0,44.0,WILLIAMSBURG HS-ART-TECH,800000059626.0,40.709765,-73.944463,11206,Williamsburg - Bushwick
76K455,Boys and Girls High School,Living Environment,Living_Env,2022,53.37,61,85.25,14.75,0.0,0.0,42,General Academic,0.0,0.0,5.0,88.0,32.0,14.0,1.0,78.0,18.0,20.0,20.0,BOYS AND GIRLS HIGH SCHOOL,800000043520.0,40.678478,-73.931604,11213,Bedford Stuyvesant - Crown Heights
76K455,Boys and Girls High School,Common Core English,ELA,2022,63.87,66,80.3,19.7,0.0,0.0,42,General Academic,0.0,0.0,5.0,88.0,32.0,14.0,1.0,78.0,18.0,20.0,19.0,BOYS AND GIRLS HIGH SCHOOL,800000043520.0,40.678478,-73.931604,11213,Bedford Stuyvesant - Crown Heights
76K455,Boys and Girls High School,Common Core Algebra,Algebra_I,2022,51.33,76,80.26,19.74,0.0,0.0,42,General Academic,0.0,0.0,5.0,88.0,32.0,14.0,1.0,78.0,18.0,20.0,18.0,BOYS AND GIRLS HIGH SCHOOL,800000043520.0,40.678478,-73.931604,11213,Bedford Stuyvesant - Crown Heights
76K462,John Jay School for Law,Living Environment,Living_Env,2022,61.13,40,52.5,47.5,0.0,0.0,37,General Academic,0.0,0.0,6.0,80.0,25.0,9.0,1.0,86.0,23.0,30.0,30.0,JOHN JAY SCHOOL FOR LAW ,800000043495.0,40.669255,-73.97858,11215,Downtown - Heights - Park Slope
76K462,John Jay School for Law,Common Core Algebra,Algebra_I,2022,57.77,69,57.97,42.03,0.0,0.0,37,General Academic,0.0,0.0,6.0,80.0,25.0,9.0,1.0,86.0,23.0,30.0,23.0,JOHN JAY SCHOOL FOR LAW ,800000043495.0,40.669255,-73.97858,11215,Downtown - Heights - Park Slope
76K463,Cyberarts Studio Academy,Common Core English,ELA,2022,62.08,44,45.45,38.64,15.91,0.0,24,General Academic,0.0,0.0,23.0,73.0,26.0,9.0,1.0,76.0,19.0,21.0,20.0,CYBERARTS STUDIO ACADEMY,800000057169.0,40.669255,-73.97858,11215,Downtown - Heights - Park Slope
76K463,Cyberarts Studio Academy,Living Environment,Living_Env,2022,54.95,48,18.75,66.67,14.58,0.0,24,General Academic,0.0,0.0,23.0,73.0,26.0,9.0,1.0,76.0,19.0,21.0,21.0,CYBERARTS STUDIO ACADEMY,800000057169.0,40.669255,-73.97858,11215,Downtown - Heights - Park Slope
76K463,Cyberarts Studio Academy,Common Core Algebra,Algebra_I,2022,61.97,55,21.82,60.0,18.18,0.0,24,General Academic,0.0,0.0,23.0,73.0,26.0,9.0,1.0,76.0,19.0,21.0,19.0,CYBERARTS STUDIO ACADEMY,800000057169.0,40.669255,-73.97858,11215,Downtown - Heights - Park Slope
76K474,PROGRESS High School for Professional Careers,Living Environment,Living_Env,2022,53.12,58,22.41,77.59,0.0,0.0,31,General Academic,0.0,0.0,14.0,88.0,30.0,12.0,1.0,79.0,12.0,19.0,19.0,PROGRESS HS-PROFESSIONAL CAREERS,800000043501.0,40.711134,-73.938921,11211,Greenpoint
76K474,PROGRESS High School for Professional Careers,Common Core Algebra,Algebra_I,2022,52.4,60,20.0,80.0,0.0,0.0,31,General Academic,0.0,0.0,14.0,88.0,30.0,12.0,1.0,79.0,12.0,19.0,12.0,PROGRESS HS-PROFESSIONAL CAREERS,800000043501.0,40.711134,-73.938921,11211,Greenpoint
76K474,PROGRESS High School for Professional Careers,Common Core English,ELA,2022,54.66,91,21.98,78.02,0.0,0.0,31,General Academic,0.0,0.0,14.0,88.0,30.0,12.0,1.0,79.0,12.0,19.0,15.5,PROGRESS HS-PROFESSIONAL CAREERS,800000043501.0,40.711134,-73.938921,11211,Greenpoint
76K477,East Williamsburg Scholars Academy,Common Core English,ELA,2022,57.79,83,24.1,75.9,0.0,0.0,37,General Academic,0.0,0.0,31.0,90.0,20.0,13.0,1.0,80.0,23.0,13.0,18.0,EAST WILLIAMSBURG SCHOLARS,800000043508.0,40.711134,-73.938921,11211,Greenpoint
76K477,East Williamsburg Scholars Academy,Living Environment,Living_Env,2022,60.36,93,15.05,84.95,0.0,0.0,37,General Academic,0.0,0.0,31.0,90.0,20.0,13.0,1.0,80.0,23.0,13.0,13.0,EAST WILLIAMSBURG SCHOLARS,800000043508.0,40.711134,-73.938921,11211,Greenpoint
76K477,East Williamsburg Scholars Academy,Common Core Algebra,Algebra_I,2022,54.89,125,9.6,90.4,0.0,0.0,37,General Academic,0.0,0.0,31.0,90.0,20.0,13.0,1.0,80.0,23.0,13.0,23.0,EAST WILLIAMSBURG SCHOLARS,800000043508.0,40.711134,-73.938921,11211,Greenpoint
76K483,The Urban Assembly School for Law and Justice,Living Environment,Living_Env,2022,65.29,71,61.97,38.03,0.0,0.0,29,General Academic,0.0,0.0,4.0,80.0,20.0,3.0,1.0,83.0,17.0,24.0,24.0,URBAN ASSMBLY SCH-LAW & JSTCE,800000058090.0,40.694629,-73.988323,11201,Downtown - Heights - Park Slope
76K483,The Urban Assembly School for Law and Justice,Common Core English,ELA,2022,76.34,100,72.0,28.0,0.0,0.0,29,General Academic,0.0,0.0,4.0,80.0,20.0,3.0,1.0,83.0,17.0,24.0,20.5,URBAN ASSMBLY SCH-LAW & JSTCE,800000058090.0,40.694629,-73.988323,11201,Downtown - Heights - Park Slope
76K483,The Urban Assembly School for Law and Justice,Common Core Algebra,Algebra_I,2022,55.9,105,65.71,34.29,0.0,0.0,29,General Academic,0.0,0.0,4.0,80.0,20.0,3.0,1.0,83.0,17.0,24.0,17.0,URBAN ASSMBLY SCH-LAW & JSTCE,800000058090.0,40.694629,-73.988323,11201,Downtown - Heights - Park Slope
76K485,High School of Telecommunication Arts and Technology,Common Core English,ELA,2022,52.2,10,0.0,100.0,0.0,0.0,97,General Academic,0.0,0.0,12.0,78.0,20.0,3.0,1.0,91.0,24.0,21.0,22.5,HIGH SCHOOL OF TELECOMMUNICATION,800000043487.0,40.636721,-74.023419,11220,Sunset Park
76K485,High School of Telecommunication Arts and Technology,Living Environment,Living_Env,2022,68.02,161,3.73,53.42,24.22,18.63,97,General Academic,0.0,0.0,12.0,78.0,20.0,3.0,1.0,91.0,24.0,21.0,21.0,HIGH SCHOOL OF TELECOMMUNICATION,800000043487.0,40.636721,-74.023419,11220,Sunset Park
76K485,High School of Telecommunication Arts and Technology,Common Core Algebra,Algebra_I,2022,59.8,213,2.82,56.34,22.54,18.31,97,General Academic,0.0,0.0,12.0,78.0,20.0,3.0,1.0,91.0,24.0,21.0,24.0,HIGH SCHOOL OF TELECOMMUNICATION,800000043487.0,40.636721,-74.023419,11220,Sunset Park
76K490,Fort Hamilton High School,Common Core English,ELA,2022,68.25,344,2.62,40.12,30.52,26.74,224,General Academic,0.0,0.0,15.0,72.0,16.0,4.0,1.0,83.0,17.0,17.0,17.0,FORT HAMILTON HIGH SCHOOL,800000043479.0,40.626827,-74.038103,11209,Bensonhurst - Bay Ridge
76K490,Fort Hamilton High School,Living Environment,Living_Env,2022,72.21,602,3.16,32.56,30.9,33.39,224,General Academic,0.0,0.0,15.0,72.0,16.0,4.0,1.0,83.0,17.0,17.0,17.0,FORT HAMILTON HIGH SCHOOL,800000043479.0,40.626827,-74.038103,11209,Bensonhurst - Bay Ridge
76K490,Fort Hamilton High School,Common Core Algebra,Algebra_I,2022,67.68,617,3.24,33.71,29.5,33.55,224,General Academic,0.0,0.0,15.0,72.0,16.0,4.0,1.0,83.0,17.0,17.0,17.0,FORT HAMILTON HIGH SCHOOL,800000043479.0,40.626827,-74.038103,11209,Bensonhurst - Bay Ridge
76K498,Brooklyn High School for Law and Technology,Living Environment,Living_Env,2022,62.4,70,68.57,31.43,0.0,0.0,40,General Academic,0.0,0.0,8.0,86.0,21.0,9.0,1.0,81.0,21.0,22.0,22.0,BROOKLYN HIGH SCHOOL-LAW AND TECH,800000043482.0,40.688399,-73.920603,11221,Williamsburg - Bushwick
76K498,Brooklyn High School for Law and Technology,Common Core Algebra,Algebra_I,2022,53.59,88,69.32,30.68,0.0,0.0,40,General Academic,0.0,0.0,8.0,86.0,21.0,9.0,1.0,81.0,21.0,22.0,21.0,BROOKLYN HIGH SCHOOL-LAW AND TECH,800000043482.0,40.688399,-73.920603,11221,Williamsburg - Bushwick
76K498,Brooklyn High School for Law and Technology,Common Core English,ELA,2022,69.95,149,65.77,34.23,0.0,0.0,40,General Academic,0.0,0.0,8.0,86.0,21.0,9.0,1.0,81.0,21.0,22.0,21.5,BROOKLYN HIGH SCHOOL-LAW AND TECH,800000043482.0,40.688399,-73.920603,11221,Williamsburg - Bushwick
76K519,Cobble Hill School of American Studies,Living Environment,Living_Env,2022,55.59,56,51.79,48.21,0.0,0.0,26,General Academic,0.0,0.0,8.0,74.0,18.0,12.0,1.0,76.0,15.0,24.0,24.0,COBBLE HILL SCHOOL-AMERICAN STUDIES,800000043471.0,40.684869,-73.990884,11201,Downtown - Heights - Park Slope
76K519,Cobble Hill School of American Studies,Common Core Algebra,Algebra_I,2022,49.58,62,51.61,48.39,0.0,0.0,26,General Academic,0.0,0.0,8.0,74.0,18.0,12.0,1.0,76.0,15.0,24.0,15.0,COBBLE HILL SCHOOL-AMERICAN STUDIES,800000043471.0,40.684869,-73.990884,11201,Downtown - Heights - Park Slope
76K519,Cobble Hill School of American Studies,Common Core English,ELA,2022,68.83,145,66.9,28.28,4.83,0.0,26,General Academic,0.0,0.0,8.0,74.0,18.0,12.0,1.0,76.0,15.0,24.0,19.5,COBBLE HILL SCHOOL-AMERICAN STUDIES,800000043471.0,40.684869,-73.990884,11201,Downtown - Heights - Park Slope
76K558,Williamsburg High School for Architecture and Design,Common Core Algebra,Algebra_I,2022,65.34,81,28.4,71.6,0.0,0.0,34,Career Technical,1.0,0.0,4.0,81.0,24.0,7.0,1.0,90.0,17.0,17.0,17.0,WILLAMSBURG HS-ARCH & DESIGN,800000058092.0,40.715561,-73.954815,11211,Greenpoint
76K558,Williamsburg High School for Architecture and Design,Living Environment,Living_Env,2022,67.61,96,23.96,76.04,0.0,0.0,34,Career Technical,1.0,0.0,4.0,81.0,24.0,7.0,1.0,90.0,17.0,17.0,17.0,WILLAMSBURG HS-ARCH & DESIGN,800000058092.0,40.715561,-73.954815,11211,Greenpoint
76K559,Life Academy High School for Film and Music,Common Core English,ELA,2022,58.92,60,28.33,48.33,0.0,23.33,17,General Academic,0.0,0.0,26.0,81.0,24.0,10.0,1.0,80.0,29.0,27.0,28.0,LIFE ACAD HS FOR FILM AND MUSIC,800000060392.0,40.593028,-73.986313,11214,Bensonhurst - Bay Ridge
76K559,Life Academy High School for Film and Music,Living Environment,Living_Env,2022,57.42,61,13.11,55.74,0.0,31.15,17,General Academic,0.0,0.0,26.0,81.0,24.0,10.0,1.0,80.0,29.0,27.0,27.0,LIFE ACAD HS FOR FILM AND MUSIC,800000060392.0,40.593028,-73.986313,11214,Bensonhurst - Bay Ridge
76K559,Life Academy High School for Film and Music,Common Core Algebra,Algebra_I,2022,63.54,77,0.0,53.25,16.88,29.87,17,General Academic,0.0,0.0,26.0,81.0,24.0,10.0,1.0,80.0,29.0,27.0,29.0,LIFE ACAD HS FOR FILM AND MUSIC,800000060392.0,40.593028,-73.986313,11214,Bensonhurst - Bay Ridge
76K561,Williamsburg Preparatory School,Common Core Algebra,Algebra_I,2022,68.4,89,19.1,80.9,0.0,0.0,53,General Academic,0.0,0.0,5.0,77.0,21.0,5.0,1.0,86.0,26.0,25.0,26.0,WILLIAMSBURG PREPARATORY SCHOOL,800000058100.0,40.715561,-73.954815,11211,Greenpoint
76K561,Williamsburg Preparatory School,Living Environment,Living_Env,2022,67.76,107,15.89,78.5,5.61,0.0,53,General Academic,0.0,0.0,5.0,77.0,21.0,5.0,1.0,86.0,26.0,25.0,25.0,WILLIAMSBURG PREPARATORY SCHOOL,800000058100.0,40.715561,-73.954815,11211,Greenpoint
76K561,Williamsburg Preparatory School,Common Core English,ELA,2022,74.5,163,19.63,73.62,0.0,6.75,53,General Academic,0.0,0.0,5.0,77.0,21.0,5.0,1.0,86.0,26.0,25.0,25.5,WILLIAMSBURG PREPARATORY SCHOOL,800000058100.0,40.715561,-73.954815,11211,Greenpoint
76K605,George Westinghouse Career and Technical Education,Living Environment,Living_Env,2022,60.95,105,63.81,36.19,0.0,0.0,53,Career Technical,1.0,0.0,4.0,84.0,24.0,6.0,1.0,82.0,26.0,32.0,32.0,GEORGE WESTINGHOUSE CAREER/TECH HS,800000043475.0,40.695444,-73.986105,11201,Downtown - Heights - Park Slope
76K605,George Westinghouse Career and Technical Education,Common Core Algebra,Algebra_I,2022,59.25,113,68.14,31.86,0.0,0.0,53,Career Technical,1.0,0.0,4.0,84.0,24.0,6.0,1.0,82.0,26.0,32.0,26.0,GEORGE WESTINGHOUSE CAREER/TECH HS,800000043475.0,40.695444,-73.986105,11201,Downtown - Heights - Park Slope
76K605,George Westinghouse Career and Technical Education,Common Core English,ELA,2022,63.68,142,67.61,27.46,4.93,0.0,53,Career Technical,1.0,0.0,4.0,84.0,24.0,6.0,1.0,82.0,26.0,32.0,29.0,GEORGE WESTINGHOUSE CAREER/TECH HS,800000043475.0,40.695444,-73.986105,11201,Downtown - Heights - Park Slope
76K620,William E. Grady Career and Technical Education High School,Common Core English,ELA,2022,61.15,41,31.71,31.71,19.51,17.07,51,Career Technical,1.0,0.0,12.0,84.0,38.0,8.0,1.0,79.0,15.0,15.0,15.0,WILLIAM E GRADY CAREER AND TECH,800000043462.0,40.583263,-73.963764,11235,Coney Island - Sheepshead Bay 
76K620,William E. Grady Career and Technical Education High School,Common Core Algebra,Algebra_I,2022,58.33,88,35.23,30.68,0.0,34.09,51,Career Technical,1.0,0.0,12.0,84.0,38.0,8.0,1.0,79.0,15.0,15.0,15.0,WILLIAM E GRADY CAREER AND TECH,800000043462.0,40.583263,-73.963764,11235,Coney Island - Sheepshead Bay 
76K620,William E. Grady Career and Technical Education High School,Living Environment,Living_Env,2022,60.85,104,37.5,31.73,0.0,30.77,51,Career Technical,1.0,0.0,12.0,84.0,38.0,8.0,1.0,79.0,15.0,15.0,15.0,WILLIAM E GRADY CAREER AND TECH,800000043462.0,40.583263,-73.963764,11235,Coney Island - Sheepshead Bay 
76K656,Brooklyn High School of the Arts,Living Environment,Living_Env,2022,68.96,125,62.4,28.8,0.0,8.8,67,General Academic,0.0,0.0,1.0,70.0,17.0,4.0,1.0,86.0,21.0,18.0,18.0,BROOKLYN HIGH SCHOOL OF THE ARTS,800000043459.0,40.683951,-73.980266,11217,Downtown - Heights - Park Slope
76K656,Brooklyn High School of the Arts,Common Core Algebra,Algebra_I,2022,65.63,136,58.82,28.68,4.41,8.09,67,General Academic,0.0,0.0,1.0,70.0,17.0,4.0,1.0,86.0,21.0,18.0,21.0,BROOKLYN HIGH SCHOOL OF THE ARTS,800000043459.0,40.683951,-73.980266,11217,Downtown - Heights - Park Slope
76K656,Brooklyn High School of the Arts,Common Core English,ELA,2022,82.75,471,54.14,29.94,6.58,9.34,67,General Academic,0.0,0.0,1.0,70.0,17.0,4.0,1.0,86.0,21.0,18.0,19.5,BROOKLYN HIGH SCHOOL OF THE ARTS,800000043459.0,40.683951,-73.980266,11217,Downtown - Heights - Park Slope
76K669,Research and Service High School,Living Environment,Living_Env,2022,48.8,12,100.0,0.0,0.0,0.0,16,Transfer School,0.0,1.0,4.0,86.0,25.0,12.0,1.0,47.0,9.0,13.0,13.0,RESEARCH AND SERVICE HIGH SCHOOL,800000077830.0,40.678478,-73.931604,11213,Bedford Stuyvesant - Crown Heights
76K669,Research and Service High School,Common Core English,ELA,2022,54.8,49,100.0,0.0,0.0,0.0,16,Transfer School,0.0,1.0,4.0,86.0,25.0,12.0,1.0,47.0,9.0,13.0,11.0,RESEARCH AND SERVICE HIGH SCHOOL,800000077830.0,40.678478,-73.931604,11213,Bedford Stuyvesant - Crown Heights
76K688,The Brooklyn Academy of Global Finance,Living Environment,Living_Env,2022,59.98,33,45.45,54.55,0.0,0.0,17,General Academic,0.0,0.0,14.0,98.0,28.0,15.0,1.0,83.0,25.0,15.0,15.0,BROOKYLN ACADEMY OF GLOBAL FINANCE,800000065483.0,40.691467,-73.932254,11221,Williamsburg - Bushwick
76K688,The Brooklyn Academy of Global Finance,Common Core English,ELA,2022,50.97,37,70.27,29.73,0.0,0.0,17,General Academic,0.0,0.0,14.0,98.0,28.0,15.0,1.0,83.0,25.0,15.0,20.0,BROOKYLN ACADEMY OF GLOBAL FINANCE,800000065483.0,40.691467,-73.932254,11221,Williamsburg - Bushwick
76K688,The Brooklyn Academy of Global Finance,Common Core Algebra,Algebra_I,2022,52.5,40,50.0,50.0,0.0,0.0,17,General Academic,0.0,0.0,14.0,98.0,28.0,15.0,1.0,83.0,25.0,15.0,25.0,BROOKYLN ACADEMY OF GLOBAL FINANCE,800000065483.0,40.691467,-73.932254,11221,Williamsburg - Bushwick
76K728,Liberation Diploma Plus,Common Core English,ELA,2022,61.02,38,63.16,36.84,0.0,0.0,14,Transfer School,0.0,1.0,7.0,91.0,42.0,9.0,1.0,45.0,5.0,8.0,6.5,LIBERATION DIPLOMA PLUS,800000060402.0,40.576976,-73.985413,11224,Coney Island - Sheepshead Bay 
76R047,CSI High School for International Studies,Common Core Algebra,Algebra_I,2022,73.31,104,0.0,35.58,24.04,40.38,26,General Academic,0.0,0.0,1.0,59.0,19.0,0.0,1.0,93.0,22.0,24.0,22.0,CSI HS-INTERNATIONAL STUDIES,800000059073.0,40.581958,-74.159343,10314,Willowbrook
76R047,CSI High School for International Studies,Living Environment,Living_Env,2022,79.11,117,0.0,28.21,29.91,41.88,26,General Academic,0.0,0.0,1.0,59.0,19.0,0.0,1.0,93.0,22.0,24.0,24.0,CSI HS-INTERNATIONAL STUDIES,800000059073.0,40.581958,-74.159343,10314,Willowbrook
76R064,Gaynor McCown Expeditionary Learning School,Common Core Algebra,Algebra_I,2022,69.76,80,0.0,22.5,15.0,62.5,32,General Academic,0.0,0.0,2.0,55.0,27.0,2.0,1.0,87.0,20.0,19.0,20.0,GAYNOR MCCOWN EXPEDITIONARY LEARNING,800000062367.0,40.581958,-74.159343,10314,Willowbrook
76R064,Gaynor McCown Expeditionary Learning School,Living Environment,Living_Env,2022,72.1,84,0.0,26.19,14.29,59.52,32,General Academic,0.0,0.0,2.0,55.0,27.0,2.0,1.0,87.0,20.0,19.0,19.0,GAYNOR MCCOWN EXPEDITIONARY LEARNING,800000062367.0,40.581958,-74.159343,10314,Willowbrook
76R440,New Dorp High School,Common Core Algebra,Algebra_I,2022,65.71,507,0.0,38.46,17.16,44.38,209,General Academic,0.0,0.0,7.0,63.0,24.0,3.0,1.0,90.0,21.0,21.0,21.0,NEW DORP HIGH SCHOOL,800000041743.0,40.570909,-74.105878,10306,South Beach - Tottenville 
76R440,New Dorp High School,Living Environment,Living_Env,2022,70.73,579,10.19,29.88,17.44,42.49,209,General Academic,0.0,0.0,7.0,63.0,24.0,3.0,1.0,90.0,21.0,21.0,21.0,NEW DORP HIGH SCHOOL,800000041743.0,40.570909,-74.105878,10306,South Beach - Tottenville 
76R440,New Dorp High School,Common Core English,ELA,2022,73.82,707,8.63,26.87,15.13,49.36,209,General Academic,0.0,0.0,7.0,63.0,24.0,3.0,1.0,90.0,21.0,21.0,21.0,NEW DORP HIGH SCHOOL,800000041743.0,40.570909,-74.105878,10306,South Beach - Tottenville 
76R445,Port Richmond High School,Living Environment,Living_Env,2022,62.24,294,19.39,61.56,8.16,10.88,128,General Academic,0.0,0.0,12.0,83.0,33.0,6.0,1.0,80.0,14.0,14.0,14.0,PORT RICHMOND HIGH SCHOOL,800000041744.0,40.635562,-74.141924,10302,Port Richmond
76R445,Port Richmond High School,Common Core Algebra,Algebra_I,2022,58.11,316,23.42,59.18,6.33,11.08,128,General Academic,0.0,0.0,12.0,83.0,33.0,6.0,1.0,80.0,14.0,14.0,14.0,PORT RICHMOND HIGH SCHOOL,800000041744.0,40.635562,-74.141924,10302,Port Richmond
76R445,Port Richmond High School,Common Core English,ELA,2022,62.12,372,22.85,54.57,7.8,14.78,128,General Academic,0.0,0.0,12.0,83.0,33.0,6.0,1.0,80.0,14.0,14.0,14.0,PORT RICHMOND HIGH SCHOOL,800000041744.0,40.635562,-74.141924,10302,Port Richmond
76R450,Curtis High School,Common Core English,ELA,2022,63.07,128,33.59,54.69,0.0,11.72,141,General Academic,0.0,0.0,9.0,78.0,21.0,4.0,1.0,89.0,14.0,15.0,14.5,CURTIS HIGH SCHOOL,800000041745.0,40.645436,-74.082149,10301,Stapleton - St. George
76R450,Curtis High School,Living Environment,Living_Env,2022,62.36,383,33.16,51.7,7.31,7.83,141,General Academic,0.0,0.0,9.0,78.0,21.0,4.0,1.0,89.0,14.0,15.0,15.0,CURTIS HIGH SCHOOL,800000041745.0,40.645436,-74.082149,10301,Stapleton - St. George
76R450,Curtis High School,Common Core Algebra,Algebra_I,2022,58.47,486,32.3,50.62,6.17,10.91,141,General Academic,0.0,0.0,9.0,78.0,21.0,4.0,1.0,89.0,14.0,15.0,14.0,CURTIS HIGH SCHOOL,800000041745.0,40.645436,-74.082149,10301,Stapleton - St. George
76R455,Tottenville High School,Common Core English,ELA,2022,57.19,38,0.0,26.32,0.0,73.68,230,General Academic,0.0,0.0,3.0,44.0,23.0,1.0,1.0,87.0,22.0,24.0,23.0,TOTTENVILLE HIGH SCHOOL,800000041746.0,40.528152,-74.193431,10312,South Beach - Tottenville 
76R455,Tottenville High School,Common Core Algebra,Algebra_I,2022,65.89,648,2.93,17.75,9.41,69.91,230,General Academic,0.0,0.0,3.0,44.0,23.0,1.0,1.0,87.0,22.0,24.0,22.0,TOTTENVILLE HIGH SCHOOL,800000041746.0,40.528152,-74.193431,10312,South Beach - Tottenville 
76R455,Tottenville High School,Living Environment,Living_Env,2022,70.68,655,2.29,16.18,10.38,71.15,230,General Academic,0.0,0.0,3.0,44.0,23.0,1.0,1.0,87.0,22.0,24.0,24.0,TOTTENVILLE HIGH SCHOOL,800000041746.0,40.528152,-74.193431,10312,South Beach - Tottenville 
76R460,Susan E. Wagner High School,Common Core English,ELA,2022,66.43,38,15.79,52.63,0.0,31.58,184,General Academic,0.0,0.0,5.0,60.0,22.0,2.0,1.0,87.0,17.0,17.0,17.0,SUSAN E WAGNER HIGH SCHOOL,800000041731.0,40.588985,-74.130819,10314,Willowbrook
76R460,Susan E. Wagner High School,Common Core Algebra,Algebra_I,2022,64.09,492,11.79,37.6,18.9,31.71,184,General Academic,0.0,0.0,5.0,60.0,22.0,2.0,1.0,87.0,17.0,17.0,17.0,SUSAN E WAGNER HIGH SCHOOL,800000041731.0,40.588985,-74.130819,10314,Willowbrook
76R460,Susan E. Wagner High School,Living Environment,Living_Env,2022,71.46,505,9.5,35.25,20.99,34.26,184,General Academic,0.0,0.0,5.0,60.0,22.0,2.0,1.0,87.0,17.0,17.0,17.0,SUSAN E WAGNER HIGH SCHOOL,800000041731.0,40.588985,-74.130819,10314,Willowbrook
76R470,Concord High School,Common Core Algebra,Algebra_I,2022,55.62,15,46.67,53.33,0.0,0.0,17,Transfer School,0.0,1.0,3.0,89.0,39.0,4.0,1.0,51.0,3.0,2.0,3.0,CONCORD HIGH SCHOOL,800000041751.0,40.61062,-74.087072,10304,Stapleton - St. George
76R600,Ralph R. McKee Career and Technical Education High School,Common Core English,ELA,2022,59.87,24,33.33,66.67,0.0,0.0,69,Career Technical,1.0,0.0,9.0,78.0,37.0,3.0,1.0,81.0,11.0,20.0,15.5,RALPH R MCKEE CAREER-TECH HIGH SCH,800000041733.0,40.64282,-74.079263,10301,Stapleton - St. George
76R600,Ralph R. McKee Career and Technical Education High School,Living Environment,Living_Env,2022,66.11,127,18.11,66.93,0.0,14.96,69,Career Technical,1.0,0.0,9.0,78.0,37.0,3.0,1.0,81.0,11.0,20.0,20.0,RALPH R MCKEE CAREER-TECH HIGH SCH,800000041733.0,40.64282,-74.079263,10301,Stapleton - St. George
76R600,Ralph R. McKee Career and Technical Education High School,Common Core Algebra,Algebra_I,2022,58.57,155,18.71,68.39,0.0,12.9,69,Career Technical,1.0,0.0,9.0,78.0,37.0,3.0,1.0,81.0,11.0,20.0,11.0,RALPH R MCKEE CAREER-TECH HIGH SCH,800000041733.0,40.64282,-74.079263,10301,Stapleton - St. George
76R605,Staten Island Technical High School,Common Core Algebra,Algebra_I,2022,87.7,60,0.0,0.0,75.0,25.0,64,General Academic,0.0,0.0,0.0,49.0,1.0,1.0,1.0,95.0,32.0,29.0,32.0,STATEN ISLAND TECH HIGH SCHOOL,800000041734.0,40.568299,-74.117086,10306,South Beach - Tottenville 
76R605,Staten Island Technical High School,Living Environment,Living_Env,2022,90.82,69,0.0,0.0,71.01,28.99,64,General Academic,0.0,0.0,0.0,49.0,1.0,1.0,1.0,95.0,32.0,29.0,29.0,STATEN ISLAND TECH HIGH SCHOOL,800000041734.0,40.568299,-74.117086,10306,South Beach - Tottenville 
77Q240,Veritas Academy,Common Core English,ELA,2022,69.43,38,0.0,81.58,18.42,0.0,45,General Academic,0.0,0.0,13.0,83.0,19.0,6.0,1.0,86.0,21.0,20.0,20.5,VERITAS ACADEMY,800000077845.0,40.764892,-73.826811,11354,Flushing - Clearview
77Q240,Veritas Academy,Living Environment,Living_Env,2022,73.51,123,10.57,59.35,30.08,0.0,45,General Academic,0.0,0.0,13.0,83.0,19.0,6.0,1.0,86.0,21.0,20.0,20.0,VERITAS ACADEMY,800000077845.0,40.764892,-73.826811,11354,Flushing - Clearview
77Q240,Veritas Academy,Common Core Algebra,Algebra_I,2022,67.27,124,8.06,66.94,25.0,0.0,45,General Academic,0.0,0.0,13.0,83.0,19.0,6.0,1.0,86.0,21.0,20.0,21.0,VERITAS ACADEMY,800000077845.0,40.764892,-73.826811,11354,Flushing - Clearview
77Q241,Queens High School for Language Studies,Common Core English,ELA,2022,74.12,56,0.0,37.5,62.5,0.0,28,General Academic,0.0,0.0,24.0,79.0,5.0,5.0,1.0,90.0,19.0,25.0,22.0,QUEENS HS FOR LANGUAGE STUDIES,800000077846.0,40.764892,-73.826811,11354,Flushing - Clearview
77Q241,Queens High School for Language Studies,Common Core Algebra,Algebra_I,2022,72.45,83,0.0,27.71,72.29,0.0,28,General Academic,0.0,0.0,24.0,79.0,5.0,5.0,1.0,90.0,19.0,25.0,19.0,QUEENS HS FOR LANGUAGE STUDIES,800000077846.0,40.764892,-73.826811,11354,Flushing - Clearview
77Q241,Queens High School for Language Studies,Living Environment,Living_Env,2022,74.04,88,0.0,29.55,70.45,0.0,28,General Academic,0.0,0.0,24.0,79.0,5.0,5.0,1.0,90.0,19.0,25.0,25.0,QUEENS HS FOR LANGUAGE STUDIES,800000077846.0,40.764892,-73.826811,11354,Flushing - Clearview
77Q243,Institute for Health Professions at Cambria Heights,Common Core English,ELA,2022,71.61,112,73.21,16.07,10.71,0.0,38,Career Technical,1.0,0.0,10.0,73.0,14.0,8.0,1.0,86.0,18.0,27.0,22.5,INSTITUTE FOR HEALTH PROFESIONS,800000077850.0,40.698786,-73.74633,11411,Southeast Queens
77Q248,Queens Preparatory Academy,Living Environment,Living_Env,2022,67.4,27,100.0,0.0,0.0,0.0,19,General Academic,0.0,0.0,11.0,71.0,21.0,9.0,1.0,80.0,13.0,24.0,24.0,QUEENS PREPARATORY ACADEMY,800000059097.0,40.66903,-73.757744,11413,Southeast Queens
77Q248,Queens Preparatory Academy,Common Core Algebra,Algebra_I,2022,59.02,41,85.37,0.0,14.63,0.0,19,General Academic,0.0,0.0,11.0,71.0,21.0,9.0,1.0,80.0,13.0,24.0,13.0,QUEENS PREPARATORY ACADEMY,800000059097.0,40.66903,-73.757744,11413,Southeast Queens
77Q248,Queens Preparatory Academy,Common Core English,ELA,2022,66.69,51,84.31,15.69,0.0,0.0,19,General Academic,0.0,0.0,11.0,71.0,21.0,9.0,1.0,80.0,13.0,24.0,18.5,QUEENS PREPARATORY ACADEMY,800000059097.0,40.66903,-73.757744,11413,Southeast Queens
77Q258,Energy Tech High School,Common Core Algebra,Algebra_I,2022,72.2,83,0.0,57.83,26.51,15.66,39,Career Technical,1.0,0.0,7.0,80.0,18.0,3.0,1.0,87.0,23.0,26.0,23.0,ENERGY TECH HIGH SCHOOL,800000077852.0,40.756471,-73.932628,11106,Long Island City - Astoria
77Q258,Energy Tech High School,Living Environment,Living_Env,2022,69.29,87,0.0,60.92,25.29,13.79,39,Career Technical,1.0,0.0,7.0,80.0,18.0,3.0,1.0,87.0,23.0,26.0,26.0,ENERGY TECH HIGH SCHOOL,800000077852.0,40.756471,-73.932628,11106,Long Island City - Astoria
77Q258,Energy Tech High School,Common Core English,ELA,2022,73.84,191,0.0,62.83,23.56,13.61,39,Career Technical,1.0,0.0,7.0,80.0,18.0,3.0,1.0,87.0,23.0,26.0,24.5,ENERGY TECH HIGH SCHOOL,800000077852.0,40.756471,-73.932628,11106,Long Island City - Astoria
77Q260,Frederick Douglass Academy VI High School,Common Core English,ELA,2022,52.28,41,39.02,60.98,0.0,0.0,25,General Academic,0.0,0.0,27.0,80.0,27.0,9.0,1.0,75.0,6.0,13.0,9.5,FREDERICK DOUGLASS ACAD VI HS,800000058111.0,40.601537,-73.763995,11691,Rockaway
77Q260,Frederick Douglass Academy VI High School,Living Environment,Living_Env,2022,56.47,58,43.1,56.9,0.0,0.0,25,General Academic,0.0,0.0,27.0,80.0,27.0,9.0,1.0,75.0,6.0,13.0,13.0,FREDERICK DOUGLASS ACAD VI HS,800000058111.0,40.601537,-73.763995,11691,Rockaway
77Q260,Frederick Douglass Academy VI High School,Common Core Algebra,Algebra_I,2022,51.85,71,43.66,56.34,0.0,0.0,25,General Academic,0.0,0.0,27.0,80.0,27.0,9.0,1.0,75.0,6.0,13.0,6.0,FREDERICK DOUGLASS ACAD VI HS,800000058111.0,40.601537,-73.763995,11691,Rockaway
77Q261,Voyages Preperatory South Queens,Common Core English,ELA,2022,62.5,47,74.47,25.53,0.0,0.0,19,Transfer School,0.0,1.0,6.0,76.0,17.0,9.0,1.0,37.0,5.0,5.0,5.0,VOYAGES PREP-SOUTH QUEENS,800000077847.0,40.673949,-73.782684,11434,Jamaica
77Q263,Flushing International High School,Common Core English,ELA,2022,36.16,84,0.0,67.86,32.14,0.0,31,General Academic,0.0,0.0,93.0,84.0,2.0,20.0,1.0,81.0,2.0,,2.0,FLUSHING INTRNL HIGH SCHOOL,800000058083.0,40.759963,-73.818399,11355,Flushing - Clearview
77Q263,Flushing International High School,Common Core Algebra,Algebra_I,2022,59.32,139,0.0,63.31,36.69,0.0,31,General Academic,0.0,0.0,93.0,84.0,2.0,20.0,1.0,81.0,2.0,,2.0,FLUSHING INTRNL HIGH SCHOOL,800000058083.0,40.759963,-73.818399,11355,Flushing - Clearview
77Q264,Academy of Finance and Enterprise,Common Core Algebra,Algebra_I,2022,66.96,121,0.0,67.77,21.49,10.74,50,General Academic,0.0,0.0,8.0,83.0,14.0,6.0,1.0,89.0,20.0,20.0,20.0,ACADEMY-FINANCE & ENTERPRISE,800000059104.0,40.744175,-73.937004,11101,Long Island City - Astoria
77Q264,Academy of Finance and Enterprise,Living Environment,Living_Env,2022,70.18,128,0.0,67.19,21.88,10.94,50,General Academic,0.0,0.0,8.0,83.0,14.0,6.0,1.0,89.0,20.0,20.0,20.0,ACADEMY-FINANCE & ENTERPRISE,800000059104.0,40.744175,-73.937004,11101,Long Island City - Astoria
77Q264,Academy of Finance and Enterprise,Common Core English,ELA,2022,90.89,147,0.0,57.82,30.61,11.56,50,General Academic,0.0,0.0,8.0,83.0,14.0,6.0,1.0,89.0,20.0,20.0,20.0,ACADEMY-FINANCE & ENTERPRISE,800000059104.0,40.744175,-73.937004,11101,Long Island City - Astoria
77Q265,Excelsior Preparatory High School,Common Core Algebra,Algebra_I,2022,65.26,77,85.71,14.29,0.0,0.0,25,General Academic,0.0,0.0,7.0,72.0,18.0,9.0,1.0,83.0,19.0,20.0,19.0,EXCELSIOR PREP HIGH SCHOOL ,800000058012.0,40.66903,-73.757744,11413,Southeast Queens
77Q265,Excelsior Preparatory High School,Living Environment,Living_Env,2022,65.74,85,84.71,15.29,0.0,0.0,25,General Academic,0.0,0.0,7.0,72.0,18.0,9.0,1.0,83.0,19.0,20.0,20.0,EXCELSIOR PREP HIGH SCHOOL ,800000058012.0,40.66903,-73.757744,11413,Southeast Queens
77Q265,Excelsior Preparatory High School,Common Core English,ELA,2022,70.15,98,89.8,10.2,0.0,0.0,25,General Academic,0.0,0.0,7.0,72.0,18.0,9.0,1.0,83.0,19.0,20.0,19.5,EXCELSIOR PREP HIGH SCHOOL ,800000058012.0,40.66903,-73.757744,11413,Southeast Queens
77Q267,High School of Applied Communication,Common Core Algebra,Algebra_I,2022,61.48,83,0.0,74.7,18.07,7.23,28,General Academic,0.0,0.0,11.0,89.0,23.0,4.0,1.0,86.0,20.0,26.0,20.0,HS-APPLIED COMMUNICATIONS,800000059110.0,40.744175,-73.937004,11101,Long Island City - Astoria
77Q267,High School of Applied Communication,Living Environment,Living_Env,2022,60.92,91,0.0,72.53,16.48,10.99,28,General Academic,0.0,0.0,11.0,89.0,23.0,4.0,1.0,86.0,20.0,26.0,26.0,HS-APPLIED COMMUNICATIONS,800000059110.0,40.744175,-73.937004,11101,Long Island City - Astoria
77Q267,High School of Applied Communication,Common Core English,ELA,2022,65.22,94,8.51,80.85,10.64,0.0,28,General Academic,0.0,0.0,11.0,89.0,23.0,4.0,1.0,86.0,20.0,26.0,23.0,HS-APPLIED COMMUNICATIONS,800000059110.0,40.744175,-73.937004,11101,Long Island City - Astoria
77Q272,George Washington Carver High School for the Sciences,Common Core English,ELA,2022,70.48,36,66.67,16.67,16.67,0.0,26,General Academic,0.0,0.0,8.0,74.0,18.0,8.0,1.0,84.0,20.0,18.0,19.0,GEORGE WASHINGTON CARVER HS,800000058109.0,40.66903,-73.757744,11413,Southeast Queens
77Q272,George Washington Carver High School for the Sciences,Common Core Algebra,Algebra_I,2022,59.35,76,73.68,26.32,0.0,0.0,26,General Academic,0.0,0.0,8.0,74.0,18.0,8.0,1.0,84.0,20.0,18.0,20.0,GEORGE WASHINGTON CARVER HS,800000058109.0,40.66903,-73.757744,11413,Southeast Queens
77Q272,George Washington Carver High School for the Sciences,Living Environment,Living_Env,2022,64.39,87,70.11,20.69,9.2,0.0,26,General Academic,0.0,0.0,8.0,74.0,18.0,8.0,1.0,84.0,20.0,18.0,18.0,GEORGE WASHINGTON CARVER HS,800000058109.0,40.66903,-73.757744,11413,Southeast Queens
77Q293,Civic Leadership Academy,Common Core Algebra,Algebra_I,2022,66.59,114,0.0,91.23,8.77,0.0,39,General Academic,0.0,0.0,11.0,82.0,18.0,5.0,1.0,89.0,22.0,23.0,22.0,CIVIC LEADERSHIP ACADEMY,800000062354.0,40.743228,-73.871505,11373,West Queens
77Q293,Civic Leadership Academy,Living Environment,Living_Env,2022,72.87,130,0.0,89.23,10.77,0.0,39,General Academic,0.0,0.0,11.0,82.0,18.0,5.0,1.0,89.0,22.0,23.0,23.0,CIVIC LEADERSHIP ACADEMY,800000062354.0,40.743228,-73.871505,11373,West Queens
77Q293,Civic Leadership Academy,Common Core English,ELA,2022,78.56,160,4.38,74.38,21.25,0.0,39,General Academic,0.0,0.0,11.0,82.0,18.0,5.0,1.0,89.0,22.0,23.0,22.5,CIVIC LEADERSHIP ACADEMY,800000062354.0,40.743228,-73.871505,11373,West Queens
77Q301,Academy for Careers in Television and Film,Common Core Algebra,Algebra_I,2022,65.27,57,12.28,71.93,0.0,15.79,47,Career Technical,1.0,0.0,6.0,68.0,22.0,7.0,1.0,89.0,18.0,18.0,18.0,ACAD FOR CAREERS IN TELEVISION-FILM,800000062356.0,40.742964,-73.959183,11101,Long Island City - Astoria
77Q301,Academy for Careers in Television and Film,Living Environment,Living_Env,2022,73.49,87,18.39,65.52,0.0,16.09,47,Career Technical,1.0,0.0,6.0,68.0,22.0,7.0,1.0,89.0,18.0,18.0,18.0,ACAD FOR CAREERS IN TELEVISION-FILM,800000062356.0,40.742964,-73.959183,11101,Long Island City - Astoria
77Q301,Academy for Careers in Television and Film,Common Core English,ELA,2022,79.04,123,13.01,56.1,13.82,17.07,47,Career Technical,1.0,0.0,6.0,68.0,22.0,7.0,1.0,89.0,18.0,18.0,18.0,ACAD FOR CAREERS IN TELEVISION-FILM,800000062356.0,40.742964,-73.959183,11101,Long Island City - Astoria
77Q302,"Queens High School for Information, Research, and Technology",Living Environment,Living_Env,2022,60.98,76,38.16,61.84,0.0,0.0,34,General Academic,0.0,0.0,17.0,79.0,18.0,7.0,1.0,83.0,18.0,15.0,15.0,QUEENS HS FOR INFOR AND RESEARCH,800000062357.0,40.601537,-73.763995,11691,Rockaway
77Q302,"Queens High School for Information, Research, and Technology",Common Core Algebra,Algebra_I,2022,62.59,84,40.48,59.52,0.0,0.0,34,General Academic,0.0,0.0,17.0,79.0,18.0,7.0,1.0,83.0,18.0,15.0,18.0,QUEENS HS FOR INFOR AND RESEARCH,800000062357.0,40.601537,-73.763995,11691,Rockaway
77Q302,"Queens High School for Information, Research, and Technology",Common Core English,ELA,2022,73.1,108,50.93,49.07,0.0,0.0,34,General Academic,0.0,0.0,17.0,79.0,18.0,7.0,1.0,83.0,18.0,15.0,16.5,QUEENS HS FOR INFOR AND RESEARCH,800000062357.0,40.601537,-73.763995,11691,Rockaway
77Q308,Robert H. Goddard High School of Communication Arts and Technology,Living Environment,Living_Env,2022,68.47,123,6.5,62.6,24.39,6.5,40,General Academic,0.0,0.0,5.0,78.0,18.0,2.0,1.0,93.0,26.0,22.0,22.0,ROBERT H GODDARD HS-COMM/TECH,800000062362.0,40.670905,-73.845992,11417,Southwest Queens
77Q308,Robert H. Goddard High School of Communication Arts and Technology,Common Core English,ELA,2022,76.67,132,16.67,45.45,25.0,12.88,40,General Academic,0.0,0.0,5.0,78.0,18.0,2.0,1.0,93.0,26.0,22.0,24.0,ROBERT H GODDARD HS-COMM/TECH,800000062362.0,40.670905,-73.845992,11417,Southwest Queens
77Q313,Benjamin Franklin High School for Finance & Inform,Living Environment,Living_Env,2022,66.07,55,81.82,0.0,18.18,0.0,28,Career Technical,1.0,0.0,15.0,82.0,19.0,10.0,1.0,83.0,17.0,15.0,15.0,BENJAMIN FRANKLIN HS-FINANCE-INFO,800000083437.0,40.698786,-73.74633,11411,Southeast Queens
77Q313,Benjamin Franklin High School for Finance & Inform,Common Core Algebra,Algebra_I,2022,57.5,71,71.83,15.49,12.68,0.0,28,Career Technical,1.0,0.0,15.0,82.0,19.0,10.0,1.0,83.0,17.0,15.0,17.0,BENJAMIN FRANKLIN HS-FINANCE-INFO,800000083437.0,40.698786,-73.74633,11411,Southeast Queens
77Q313,Benjamin Franklin High School for Finance & Inform,Common Core English,ELA,2022,76.05,73,65.75,16.44,17.81,0.0,28,Career Technical,1.0,0.0,15.0,82.0,19.0,10.0,1.0,83.0,17.0,15.0,16.0,BENJAMIN FRANKLIN HS-FINANCE-INFO,800000083437.0,40.698786,-73.74633,11411,Southeast Queens
77Q314,Epic High School - South,Common Core English,ELA,2022,61.88,55,32.73,30.91,36.36,0.0,30,General Academic,0.0,0.0,6.0,70.0,19.0,5.0,1.0,84.0,30.0,1.0,15.5,EPIC HIGH SCHOOL-SOUTH,800000083444.0,40.675021,-73.81673,11420,Southwest Queens
77Q314,Epic High School - South,Living Environment,Living_Env,2022,63.25,71,25.35,35.21,39.44,0.0,30,General Academic,0.0,0.0,6.0,70.0,19.0,5.0,1.0,84.0,30.0,1.0,1.0,EPIC HIGH SCHOOL-SOUTH,800000083444.0,40.675021,-73.81673,11420,Southwest Queens
77Q314,Epic High School - South,Common Core Algebra,Algebra_I,2022,54.18,83,36.14,32.53,31.33,0.0,30,General Academic,0.0,0.0,6.0,70.0,19.0,5.0,1.0,84.0,30.0,1.0,30.0,EPIC HIGH SCHOOL-SOUTH,800000083444.0,40.675021,-73.81673,11420,Southwest Queens
77Q315,Business Technology Early College High School,Living Environment,Living_Env,2022,66.81,91,52.75,23.08,24.18,0.0,35,Career Technical,1.0,0.0,4.0,73.0,15.0,6.0,1.0,87.0,27.0,25.0,25.0,BUSINESS TECHNOLOGY EARLY COLLEGE HS,800000083440.0,40.733888,-73.739726,11427,Southeast Queens
77Q315,Business Technology Early College High School,Common Core Algebra,Algebra_I,2022,62.25,105,54.29,27.62,18.1,0.0,35,Career Technical,1.0,0.0,4.0,73.0,15.0,6.0,1.0,87.0,27.0,25.0,27.0,BUSINESS TECHNOLOGY EARLY COLLEGE HS,800000083440.0,40.733888,-73.739726,11427,Southeast Queens
77Q315,Business Technology Early College High School,Common Core English,ELA,2022,76.6,217,45.62,26.27,25.35,2.76,35,Career Technical,1.0,0.0,4.0,73.0,15.0,6.0,1.0,87.0,27.0,25.0,26.0,BUSINESS TECHNOLOGY EARLY COLLEGE HS,800000083440.0,40.733888,-73.739726,11427,Southeast Queens
77Q324,Rockaway Park High School for Environmental Sustainability,Common Core English,ELA,2022,45.94,38,52.63,47.37,0.0,0.0,23,General Academic,0.0,0.0,10.0,88.0,40.0,9.0,1.0,70.0,12.0,30.0,21.0,ROCKAWAY PARK HS-ENVIRONMENT SUSTAIN,800000069157.0,40.586012,-73.825317,11694,Rockaway
77Q324,Rockaway Park High School for Environmental Sustainability,Living Environment,Living_Env,2022,57.13,38,52.63,47.37,0.0,0.0,23,General Academic,0.0,0.0,10.0,88.0,40.0,9.0,1.0,70.0,12.0,30.0,30.0,ROCKAWAY PARK HS-ENVIRONMENT SUSTAIN,800000069157.0,40.586012,-73.825317,11694,Rockaway
77Q324,Rockaway Park High School for Environmental Sustainability,Common Core Algebra,Algebra_I,2022,50.51,44,59.09,40.91,0.0,0.0,23,General Academic,0.0,0.0,10.0,88.0,40.0,9.0,1.0,70.0,12.0,30.0,12.0,ROCKAWAY PARK HS-ENVIRONMENT SUSTAIN,800000069157.0,40.586012,-73.825317,11694,Rockaway
77Q325,Hillside Arts & Letters Academy,Common Core Algebra,Algebra_I,2022,63.24,54,42.59,38.89,18.52,0.0,29,General Academic,0.0,0.0,15.0,70.0,20.0,10.0,1.0,84.0,25.0,24.0,25.0,HILLSIDE ARTS & LETTERS ACADEMY,800000069159.0,40.714551,-73.798658,11432,Jamaica
77Q325,Hillside Arts & Letters Academy,Living Environment,Living_Env,2022,76.57,54,31.48,44.44,24.07,0.0,29,General Academic,0.0,0.0,15.0,70.0,20.0,10.0,1.0,84.0,25.0,24.0,24.0,HILLSIDE ARTS & LETTERS ACADEMY,800000069159.0,40.714551,-73.798658,11432,Jamaica
77Q325,Hillside Arts & Letters Academy,Common Core English,ELA,2022,71.08,90,38.89,33.33,27.78,0.0,29,General Academic,0.0,0.0,15.0,70.0,20.0,10.0,1.0,84.0,25.0,24.0,24.5,HILLSIDE ARTS & LETTERS ACADEMY,800000069159.0,40.714551,-73.798658,11432,Jamaica
77Q326,Cambria Heights Academy,Common Core Algebra,Algebra_I,2022,54.91,58,79.31,20.69,0.0,0.0,26,General Academic,0.0,0.0,10.0,79.0,22.0,9.0,1.0,86.0,21.0,25.0,21.0,CAMBRIA HEIGHTS ACADEMY,800000069165.0,40.711857,-73.771196,11432,Jamaica
77Q326,Cambria Heights Academy,Living Environment,Living_Env,2022,62.25,66,74.24,25.76,0.0,0.0,26,General Academic,0.0,0.0,10.0,79.0,22.0,9.0,1.0,86.0,21.0,25.0,25.0,CAMBRIA HEIGHTS ACADEMY,800000069165.0,40.711857,-73.771196,11432,Jamaica
77Q326,Cambria Heights Academy,Common Core English,ELA,2022,73.05,79,86.08,13.92,0.0,0.0,26,General Academic,0.0,0.0,10.0,79.0,22.0,9.0,1.0,86.0,21.0,25.0,23.0,CAMBRIA HEIGHTS ACADEMY,800000069165.0,40.711857,-73.771196,11432,Jamaica
77Q328,High School for Community Leadership,Common Core Algebra,Algebra_I,2022,72.04,30,40.0,60.0,0.0,0.0,29,General Academic,0.0,0.0,9.0,76.0,17.0,6.0,1.0,79.0,16.0,11.0,16.0,HIGH SCHOOL FOR COMMUNITY LEADERSHIP,800000069160.0,40.714551,-73.798658,11432,Jamaica
77Q328,High School for Community Leadership,Living Environment,Living_Env,2022,77.35,41,34.15,51.22,14.63,0.0,29,General Academic,0.0,0.0,9.0,76.0,17.0,6.0,1.0,79.0,16.0,11.0,11.0,HIGH SCHOOL FOR COMMUNITY LEADERSHIP,800000069160.0,40.714551,-73.798658,11432,Jamaica
77Q334,Epic High School - North,Common Core Algebra,Algebra_I,2022,57.24,44,20.45,56.82,22.73,0.0,27,General Academic,0.0,0.0,11.0,70.0,17.0,3.0,1.0,81.0,18.0,12.0,18.0,EPIC HIGH SCHOOL - NORTH,800000083443.0,40.693013,-73.829409,11418,Southwest Queens
77Q334,Epic High School - North,Living Environment,Living_Env,2022,59.36,75,12.0,53.33,34.67,0.0,27,General Academic,0.0,0.0,11.0,70.0,17.0,3.0,1.0,81.0,18.0,12.0,12.0,EPIC HIGH SCHOOL - NORTH,800000083443.0,40.693013,-73.829409,11418,Southwest Queens
77Q334,Epic High School - North,Common Core English,ELA,2022,69.78,109,11.93,40.37,42.2,5.5,27,General Academic,0.0,0.0,11.0,70.0,17.0,3.0,1.0,81.0,18.0,12.0,15.0,EPIC HIGH SCHOOL - NORTH,800000083443.0,40.693013,-73.829409,11418,Southwest Queens
77Q338,Queens Satellite High School for Opportunity,Common Core English,ELA,2022,67.5,16,43.75,56.25,0.0,0.0,8,Transfer School,0.0,1.0,8.0,74.0,13.0,7.0,1.0,54.0,4.0,5.0,4.5,QUEENS SATELLITE HS-OPPORTUNITY,800000069163.0,40.708204,-73.799532,11432,Jamaica
77Q350,Jamaica Gateway to the Sciences,Common Core Algebra,Algebra_I,2022,65.66,67,31.34,26.87,41.79,0.0,31,General Academic,0.0,0.0,16.0,72.0,16.0,9.0,1.0,87.0,20.0,23.0,20.0,JAMAICA GATEWAY TO THE SCIENCES,800000070901.0,40.714551,-73.798658,11432,Jamaica
77Q350,Jamaica Gateway to the Sciences,Living Environment,Living_Env,2022,64.54,80,25.0,36.25,38.75,0.0,31,General Academic,0.0,0.0,16.0,72.0,16.0,9.0,1.0,87.0,20.0,23.0,23.0,JAMAICA GATEWAY TO THE SCIENCES,800000070901.0,40.714551,-73.798658,11432,Jamaica
77Q350,Jamaica Gateway to the Sciences,Common Core English,ELA,2022,80.03,108,38.89,23.15,37.96,0.0,31,General Academic,0.0,0.0,16.0,72.0,16.0,9.0,1.0,87.0,20.0,23.0,21.5,JAMAICA GATEWAY TO THE SCIENCES,800000070901.0,40.714551,-73.798658,11432,Jamaica
77Q351,Rockaway Collegiate High School,Common Core Algebra,Algebra_I,2022,52.67,36,58.33,41.67,0.0,0.0,25,General Academic,0.0,0.0,11.0,83.0,35.0,10.0,1.0,74.0,9.0,10.0,9.0,ROCKAWAY COLLEGIATE HIGH SCHOOL,800000070900.0,40.586012,-73.825317,11694,Rockaway
77Q351,Rockaway Collegiate High School,Living Environment,Living_Env,2022,61.43,37,51.35,48.65,0.0,0.0,25,General Academic,0.0,0.0,11.0,83.0,35.0,10.0,1.0,74.0,9.0,10.0,10.0,ROCKAWAY COLLEGIATE HIGH SCHOOL,800000070900.0,40.586012,-73.825317,11694,Rockaway
77Q351,Rockaway Collegiate High School,Common Core English,ELA,2022,46.69,52,51.92,48.08,0.0,0.0,25,General Academic,0.0,0.0,11.0,83.0,35.0,10.0,1.0,74.0,9.0,10.0,9.5,ROCKAWAY COLLEGIATE HIGH SCHOOL,800000070900.0,40.586012,-73.825317,11694,Rockaway
77Q400,August Martin High School,Common Core Algebra,Algebra_I,2022,62.08,93,53.76,32.26,13.98,0.0,41,General Academic,0.0,0.0,10.0,79.0,25.0,13.0,1.0,84.0,19.0,20.0,19.0,AUGUST MARTIN HIGH SCHOOL,800000042129.0,40.673949,-73.782684,11434,Jamaica
77Q400,August Martin High School,Common Core English,ELA,2022,63.07,96,66.67,19.79,13.54,0.0,41,General Academic,0.0,0.0,10.0,79.0,25.0,13.0,1.0,84.0,19.0,20.0,19.5,AUGUST MARTIN HIGH SCHOOL,800000042129.0,40.673949,-73.782684,11434,Jamaica
77Q400,August Martin High School,Living Environment,Living_Env,2022,60.55,114,54.39,29.82,15.79,0.0,41,General Academic,0.0,0.0,10.0,79.0,25.0,13.0,1.0,84.0,19.0,20.0,20.0,AUGUST MARTIN HIGH SCHOOL,800000042129.0,40.673949,-73.782684,11434,Jamaica
77Q415,Benjamin N. Cardozo High School,Living Environment,Living_Env,2022,73.88,354,22.6,28.25,41.24,7.91,193,General Academic,0.0,0.0,5.0,71.0,16.0,3.0,1.0,91.0,23.0,29.0,29.0,BENJAMIN N CARDOZO HIGH SCHOOL,800000042131.0,40.752343,-73.757271,11364,Bayside - Little Neck
77Q415,Benjamin N. Cardozo High School,Common Core Algebra,Algebra_I,2022,64.7,377,24.14,32.36,36.07,7.43,193,General Academic,0.0,0.0,5.0,71.0,16.0,3.0,1.0,91.0,23.0,29.0,23.0,BENJAMIN N CARDOZO HIGH SCHOOL,800000042131.0,40.752343,-73.757271,11364,Bayside - Little Neck
77Q415,Benjamin N. Cardozo High School,Common Core English,ELA,2022,76.18,825,23.03,24.97,42.3,9.7,193,General Academic,0.0,0.0,5.0,71.0,16.0,3.0,1.0,91.0,23.0,29.0,26.0,BENJAMIN N CARDOZO HIGH SCHOOL,800000042131.0,40.752343,-73.757271,11364,Bayside - Little Neck
77Q425,John Bowne High School,Living Environment,Living_Env,2022,71.77,467,13.7,54.18,28.69,3.43,196,General Academic,0.0,0.0,19.0,78.0,18.0,5.0,1.0,78.0,25.0,28.0,28.0,JOHN BOWNE HIGH SCHOOL,800000042133.0,40.737448,-73.823841,11367,Fresh Meadows
77Q425,John Bowne High School,Common Core Algebra,Algebra_I,2022,63.42,559,14.13,57.78,25.58,2.5,196,General Academic,0.0,0.0,19.0,78.0,18.0,5.0,1.0,78.0,25.0,28.0,25.0,JOHN BOWNE HIGH SCHOOL,800000042133.0,40.737448,-73.823841,11367,Fresh Meadows
77Q425,John Bowne High School,Common Core English,ELA,2022,73.23,803,18.31,47.32,29.14,5.23,196,General Academic,0.0,0.0,19.0,78.0,18.0,5.0,1.0,78.0,25.0,28.0,26.5,JOHN BOWNE HIGH SCHOOL,800000042133.0,40.737448,-73.823841,11367,Fresh Meadows
77Q430,Francis Lewis High School,Common Core Algebra,Algebra_I,2022,75.04,383,2.61,16.19,72.58,8.62,241,General Academic,0.0,0.0,12.0,71.0,15.0,3.0,1.0,90.0,27.0,21.0,27.0,FRANCIS LEWIS HIGH SCHOOL,800000042134.0,40.740875,-73.795049,11365,Fresh Meadows
77Q430,Francis Lewis High School,Living Environment,Living_Env,2022,80.08,616,3.57,17.53,68.02,10.88,241,General Academic,0.0,0.0,12.0,71.0,15.0,3.0,1.0,90.0,27.0,21.0,21.0,FRANCIS LEWIS HIGH SCHOOL,800000042134.0,40.740875,-73.795049,11365,Fresh Meadows
77Q430,Francis Lewis High School,Common Core English,ELA,2022,76.95,1078,3.9,19.76,62.62,13.73,241,General Academic,0.0,0.0,12.0,71.0,15.0,3.0,1.0,90.0,27.0,21.0,24.0,FRANCIS LEWIS HIGH SCHOOL,800000042134.0,40.740875,-73.795049,11365,Fresh Meadows
77Q435,Martin Van Buren High School,Common Core English,ELA,2022,67.02,93,37.63,17.2,45.16,0.0,71,General Academic,0.0,0.0,13.0,77.0,18.0,5.0,1.0,82.0,14.0,14.0,14.0,MARTIN VAN BUREN HIGH SCHOOL,800000042135.0,40.733888,-73.739726,11427,Southeast Queens
77Q435,Martin Van Buren High School,Living Environment,Living_Env,2022,65.04,167,41.92,13.77,38.32,5.99,71,General Academic,0.0,0.0,13.0,77.0,18.0,5.0,1.0,82.0,14.0,14.0,14.0,MARTIN VAN BUREN HIGH SCHOOL,800000042135.0,40.733888,-73.739726,11427,Southeast Queens
77Q435,Martin Van Buren High School,Common Core Algebra,Algebra_I,2022,57.06,170,49.41,14.12,28.82,7.65,71,General Academic,0.0,0.0,13.0,77.0,18.0,5.0,1.0,82.0,14.0,14.0,14.0,MARTIN VAN BUREN HIGH SCHOOL,800000042135.0,40.733888,-73.739726,11427,Southeast Queens
77Q440,Forest Hills High School,Common Core Algebra,Algebra_I,2022,65.17,459,6.54,52.51,21.57,19.39,219,General Academic,0.0,0.0,9.0,74.0,17.0,4.0,1.0,88.0,26.0,27.0,26.0,FOREST HILLS HIGH SCHOOL ,800000042136.0,40.730017,-73.843972,11375,Ridgewood - Forest Hills
77Q440,Forest Hills High School,Living Environment,Living_Env,2022,72.31,505,3.96,50.1,25.94,20.0,219,General Academic,0.0,0.0,9.0,74.0,17.0,4.0,1.0,88.0,26.0,27.0,27.0,FOREST HILLS HIGH SCHOOL ,800000042136.0,40.730017,-73.843972,11375,Ridgewood - Forest Hills
77Q440,Forest Hills High School,Common Core English,ELA,2022,79.01,813,5.29,40.96,26.69,27.06,219,General Academic,0.0,0.0,9.0,74.0,17.0,4.0,1.0,88.0,26.0,27.0,26.5,FOREST HILLS HIGH SCHOOL ,800000042136.0,40.730017,-73.843972,11375,Ridgewood - Forest Hills
77Q445,William Cullen Bryant High School,Living Environment,Living_Env,2022,68.5,390,0.0,66.15,25.13,8.72,145,General Academic,0.0,0.0,17.0,84.0,17.0,7.0,1.0,83.0,18.0,21.0,21.0,WILLIAM CULLEN BRYANT HIGH SCHOOL ,800000042121.0,40.757072,-73.911165,11103,Long Island City - Astoria
77Q445,William Cullen Bryant High School,Common Core Algebra,Algebra_I,2022,62.19,411,0.0,67.15,25.06,7.79,145,General Academic,0.0,0.0,17.0,84.0,17.0,7.0,1.0,83.0,18.0,21.0,18.0,WILLIAM CULLEN BRYANT HIGH SCHOOL ,800000042121.0,40.757072,-73.911165,11103,Long Island City - Astoria
77Q445,William Cullen Bryant High School,Common Core English,ELA,2022,70.61,434,7.14,56.68,22.58,13.59,145,General Academic,0.0,0.0,17.0,84.0,17.0,7.0,1.0,83.0,18.0,21.0,19.5,WILLIAM CULLEN BRYANT HIGH SCHOOL ,800000042121.0,40.757072,-73.911165,11103,Long Island City - Astoria
77Q450,Long Island City High School,Living Environment,Living_Env,2022,65.27,344,9.59,71.22,11.34,7.85,135,General Academic,0.0,0.0,13.0,86.0,19.0,6.0,1.0,86.0,27.0,29.0,29.0,LONG ISLAND CITY HIGH SCHOOL ,800000042122.0,40.765881,-73.933907,11106,Long Island City - Astoria
77Q450,Long Island City High School,Common Core Algebra,Algebra_I,2022,59.84,446,11.66,74.22,7.4,6.73,135,General Academic,0.0,0.0,13.0,86.0,19.0,6.0,1.0,86.0,27.0,29.0,27.0,LONG ISLAND CITY HIGH SCHOOL ,800000042122.0,40.765881,-73.933907,11106,Long Island City - Astoria
77Q450,Long Island City High School,Common Core English,ELA,2022,65.12,536,7.09,76.31,10.26,6.34,135,General Academic,0.0,0.0,13.0,86.0,19.0,6.0,1.0,86.0,27.0,29.0,28.0,LONG ISLAND CITY HIGH SCHOOL ,800000042122.0,40.765881,-73.933907,11106,Long Island City - Astoria
77Q455,Newtown High School,Common Core English,ELA,2022,66.56,339,0.0,69.32,25.66,5.01,107,General Academic,0.0,0.0,29.0,76.0,18.0,9.0,1.0,86.0,21.0,27.0,24.0,NEWTOWN HIGH SCHOOL,800000042105.0,40.740824,-73.874129,11373,West Queens
77Q455,Newtown High School,Living Environment,Living_Env,2022,68.22,406,2.46,66.01,25.62,5.91,107,General Academic,0.0,0.0,29.0,76.0,18.0,9.0,1.0,86.0,21.0,27.0,27.0,NEWTOWN HIGH SCHOOL,800000042105.0,40.740824,-73.874129,11373,West Queens
77Q455,Newtown High School,Common Core Algebra,Algebra_I,2022,61.43,431,2.32,70.3,20.65,6.73,107,General Academic,0.0,0.0,29.0,76.0,18.0,9.0,1.0,86.0,21.0,27.0,21.0,NEWTOWN HIGH SCHOOL,800000042105.0,40.740824,-73.874129,11373,West Queens
77Q460,Flushing High School,Common Core English,ELA,2022,74.13,134,14.18,64.93,20.9,0.0,88,General Academic,0.0,0.0,23.0,82.0,16.0,8.0,1.0,82.0,27.0,23.0,25.0,FLUSHING HIGH SCHOOL,800000042107.0,40.764892,-73.826811,11354,Flushing - Clearview
77Q460,Flushing High School,Living Environment,Living_Env,2022,60.45,311,7.72,71.38,17.36,3.54,88,General Academic,0.0,0.0,23.0,82.0,16.0,8.0,1.0,82.0,27.0,23.0,23.0,FLUSHING HIGH SCHOOL,800000042107.0,40.764892,-73.826811,11354,Flushing - Clearview
77Q460,Flushing High School,Common Core Algebra,Algebra_I,2022,62.03,335,6.87,72.84,17.01,3.28,88,General Academic,0.0,0.0,23.0,82.0,16.0,8.0,1.0,82.0,27.0,23.0,27.0,FLUSHING HIGH SCHOOL,800000042107.0,40.764892,-73.826811,11354,Flushing - Clearview
77Q475,Richmond Hill High School,Common Core English,ELA,2022,72.28,52,15.38,40.38,44.23,0.0,117,General Academic,0.0,0.0,19.0,80.0,18.0,5.0,1.0,89.0,25.0,24.0,24.5,RICHMOND HILL HIGH SCHOOL,800000042110.0,40.695171,-73.833815,11418,Southwest Queens
77Q475,Richmond Hill High School,Common Core Algebra,Algebra_I,2022,55.42,232,11.64,59.48,25.43,3.45,117,General Academic,0.0,0.0,19.0,80.0,18.0,5.0,1.0,89.0,25.0,24.0,25.0,RICHMOND HILL HIGH SCHOOL,800000042110.0,40.695171,-73.833815,11418,Southwest Queens
77Q475,Richmond Hill High School,Living Environment,Living_Env,2022,61.1,325,12.31,53.85,29.85,4.0,117,General Academic,0.0,0.0,19.0,80.0,18.0,5.0,1.0,89.0,25.0,24.0,24.0,RICHMOND HILL HIGH SCHOOL,800000042110.0,40.695171,-73.833815,11418,Southwest Queens
77Q480,John Adams High School,Common Core Algebra,Algebra_I,2022,65.51,477,20.75,41.51,32.7,5.03,171,General Academic,0.0,0.0,11.0,83.0,15.0,6.0,1.0,82.0,17.0,17.0,17.0,JOHN ADAMS HIGH SCHOOL,800000042111.0,40.680065,-73.838616,11417,Southwest Queens
77Q480,John Adams High School,Living Environment,Living_Env,2022,68.61,521,21.31,39.92,34.36,4.41,171,General Academic,0.0,0.0,11.0,83.0,15.0,6.0,1.0,82.0,17.0,17.0,17.0,JOHN ADAMS HIGH SCHOOL,800000042111.0,40.680065,-73.838616,11417,Southwest Queens
77Q480,John Adams High School,Common Core English,ELA,2022,70.52,625,27.84,34.08,33.6,4.48,171,General Academic,0.0,0.0,11.0,83.0,15.0,6.0,1.0,82.0,17.0,17.0,17.0,JOHN ADAMS HIGH SCHOOL,800000042111.0,40.680065,-73.838616,11417,Southwest Queens
77Q485,Grover Cleveland High School,Common Core English,ELA,2022,57.91,112,0.0,74.11,9.82,16.07,101,General Academic,0.0,0.0,22.0,75.0,22.0,8.0,1.0,81.0,17.0,21.0,19.0,GROVER CLEVELAND HIGH SCHOOL,800000042112.0,40.711881,-73.909202,11385,Ridgewood - Forest Hills
77Q485,Grover Cleveland High School,Common Core Algebra,Algebra_I,2022,64.69,269,0.0,79.18,9.67,11.15,101,General Academic,0.0,0.0,22.0,75.0,22.0,8.0,1.0,81.0,17.0,21.0,17.0,GROVER CLEVELAND HIGH SCHOOL,800000042112.0,40.711881,-73.909202,11385,Ridgewood - Forest Hills
77Q485,Grover Cleveland High School,Living Environment,Living_Env,2022,65.79,285,0.0,74.74,9.12,16.14,101,General Academic,0.0,0.0,22.0,75.0,22.0,8.0,1.0,81.0,17.0,21.0,21.0,GROVER CLEVELAND HIGH SCHOOL,800000042112.0,40.711881,-73.909202,11385,Ridgewood - Forest Hills
77Q492,"Mathematics, Science Research and Technology Magnet High School",Common Core Algebra,Algebra_I,2022,66.37,111,72.97,19.82,7.21,0.0,28,General Academic,0.0,0.0,13.0,81.0,13.0,9.0,1.0,83.0,19.0,31.0,19.0,MATH/SCIENCE RESEARCH/TECH MAGNET,800000042114.0,40.69863168,-73.74520533,11411,Southeast Queens
77Q492,"Mathematics, Science Research and Technology Magnet High School",Living Environment,Living_Env,2022,64.09,115,74.78,17.39,7.83,0.0,28,General Academic,0.0,0.0,13.0,81.0,13.0,9.0,1.0,83.0,19.0,31.0,31.0,MATH/SCIENCE RESEARCH/TECH MAGNET,800000042114.0,40.69863168,-73.74520533,11411,Southeast Queens
77Q492,"Mathematics, Science Research and Technology Magnet High School",Common Core English,ELA,2022,61.64,82,65.85,18.29,15.85,0.0,28,General Academic,0.0,0.0,13.0,81.0,13.0,9.0,1.0,83.0,19.0,31.0,25.0,MATH/SCIENCE RESEARCH/TECH MAGNET,800000042114.0,40.698786,-73.74633,11411,Southeast Queens
77Q492,"Mathematics, Science Research and Technology Magnet High School",Common Core Algebra,Algebra_I,2022,56.62,107,71.96,18.69,9.35,0.0,28,General Academic,0.0,0.0,13.0,81.0,13.0,9.0,1.0,83.0,19.0,31.0,19.0,MATH/SCIENCE RESEARCH/TECH MAGNET,800000042114.0,40.698786,-73.74633,11411,Southeast Queens
77Q492,"Mathematics, Science Research and Technology Magnet High School",Living Environment,Living_Env,2022,60.86,114,67.54,20.18,12.28,0.0,28,General Academic,0.0,0.0,13.0,81.0,13.0,9.0,1.0,83.0,19.0,31.0,31.0,MATH/SCIENCE RESEARCH/TECH MAGNET,800000042114.0,40.698786,-73.74633,11411,Southeast Queens
77Q495,Bayside High School,Common Core Algebra,Algebra_I,2022,69.04,399,16.54,37.09,36.84,9.52,170,General Academic,0.0,0.0,9.0,74.0,17.0,5.0,1.0,91.0,14.0,16.0,14.0,BAYSIDE HIGH SCHOOL ,800000042116.0,40.771398,-73.781041,11361,Bayside - Little Neck
77Q495,Bayside High School,Living Environment,Living_Env,2022,73.54,446,11.66,34.75,44.17,9.42,170,General Academic,0.0,0.0,9.0,74.0,17.0,5.0,1.0,91.0,14.0,16.0,16.0,BAYSIDE HIGH SCHOOL ,800000042116.0,40.771398,-73.781041,11361,Bayside - Little Neck
77Q495,Bayside High School,Common Core English,ELA,2022,77.61,754,9.68,27.98,48.28,14.06,170,General Academic,0.0,0.0,9.0,74.0,17.0,5.0,1.0,91.0,14.0,16.0,15.0,BAYSIDE HIGH SCHOOL ,800000042116.0,40.771398,-73.781041,11361,Bayside - Little Neck
77Q501,Frank Sinatra School of the Arts High School,Common Core Algebra,Algebra_I,2022,70.92,86,13.95,37.21,17.44,31.4,56,General Academic,0.0,0.0,1.0,33.0,18.0,1.0,1.0,89.0,25.0,27.0,25.0,FRANK SINATRA SCHOOL OF THE ARTS HS,800000034228.0,40.756099,-73.925182,11106,Long Island City - Astoria
77Q501,Frank Sinatra School of the Arts High School,Living Environment,Living_Env,2022,78.58,96,10.42,32.29,21.88,35.42,56,General Academic,0.0,0.0,1.0,33.0,18.0,1.0,1.0,89.0,25.0,27.0,27.0,FRANK SINATRA SCHOOL OF THE ARTS HS,800000034228.0,40.756099,-73.925182,11106,Long Island City - Astoria
77Q502,Information Technology High School,Common Core English,ELA,2022,72.53,79,0.0,70.89,21.52,7.59,56,General Academic,0.0,0.0,10.0,86.0,20.0,8.0,1.0,86.0,25.0,22.0,23.5,INFORMATION TECHNOLOGY HIGH SCHOOL,800000057163.0,40.748502,-73.946488,11101,Long Island City - Astoria
77Q502,Information Technology High School,Living Environment,Living_Env,2022,68.65,140,10.71,67.14,22.14,0.0,56,General Academic,0.0,0.0,10.0,86.0,20.0,8.0,1.0,86.0,25.0,22.0,22.0,INFORMATION TECHNOLOGY HIGH SCHOOL,800000057163.0,40.748502,-73.946488,11101,Long Island City - Astoria
77Q502,Information Technology High School,Common Core Algebra,Algebra_I,2022,60.8,148,0.0,68.24,20.95,10.81,56,General Academic,0.0,0.0,10.0,86.0,20.0,8.0,1.0,86.0,25.0,22.0,25.0,INFORMATION TECHNOLOGY HIGH SCHOOL,800000057163.0,40.748502,-73.946488,11101,Long Island City - Astoria
77Q505,Hillcrest High School,Common Core Algebra,Algebra_I,2022,60.01,224,36.61,30.36,29.91,3.12,151,General Academic,0.0,0.0,18.0,82.0,13.0,9.0,1.0,85.0,17.0,21.0,17.0,HILLCREST HIGH SCHOOL,800000042096.0,40.709461,-73.803001,11432,Jamaica
77Q505,Hillcrest High School,Living Environment,Living_Env,2022,66.36,347,25.94,40.63,31.41,2.02,151,General Academic,0.0,0.0,18.0,82.0,13.0,9.0,1.0,85.0,17.0,21.0,21.0,HILLCREST HIGH SCHOOL,800000042096.0,40.709461,-73.803001,11432,Jamaica
77Q520,Middle College High School at LaGuardia Community College,Common Core English,ELA,2022,72.4,210,3.81,76.19,11.43,8.57,27,General Academic,0.0,0.0,3.0,74.0,19.0,3.0,1.0,86.0,16.0,20.0,18.0,MIDDLE COLLEGE HS AT LAGUARDIA,800000042091.0,40.743253,-73.933316,11101,Long Island City - Astoria
77Q525,Townsend Harris High School,Common Core Algebra,Algebra_I,2022,79.96,68,0.0,23.53,58.82,17.65,86,General Academic,0.0,0.0,0.0,56.0,12.0,1.0,1.0,96.0,27.0,22.0,27.0,TOWNSEND HARRIS HIGH SCHOOL,800000042092.0,40.737038,-73.821532,11367,Fresh Meadows
77Q525,Townsend Harris High School,Living Environment,Living_Env,2022,84.22,114,0.0,19.3,69.3,11.4,86,General Academic,0.0,0.0,0.0,56.0,12.0,1.0,1.0,96.0,27.0,22.0,22.0,TOWNSEND HARRIS HIGH SCHOOL,800000042092.0,40.737038,-73.821532,11367,Fresh Meadows
77Q530,International High School at LaGuardia Community College,Common Core English,ELA,2022,49.7,23,0.0,100.0,0.0,0.0,29,General Academic,0.0,0.0,84.0,69.0,1.0,14.0,1.0,88.0,23.0,23.0,23.0,INTNTL HIGH SCHOOL AT LAGUARDIA,800000034169.0,40.743253,-73.933316,11101,Long Island City - Astoria
77Q550,High School for Arts and Business,Living Environment,Living_Env,2022,65.02,144,6.25,83.33,10.42,0.0,49,General Academic,0.0,0.0,12.0,78.0,17.0,6.0,1.0,90.0,24.0,32.0,32.0,HIGH SCHOOL FOR ARTS & BUSINESS ,800000042095.0,40.737673,-73.853412,11368,West Queens
77Q550,High School for Arts and Business,Common Core Algebra,Algebra_I,2022,64.72,148,6.08,86.49,7.43,0.0,49,General Academic,0.0,0.0,12.0,78.0,17.0,6.0,1.0,90.0,24.0,32.0,24.0,HIGH SCHOOL FOR ARTS & BUSINESS ,800000042095.0,40.737673,-73.853412,11368,West Queens
77Q550,High School for Arts and Business,Common Core English,ELA,2022,77.26,167,6.59,81.44,11.98,0.0,49,General Academic,0.0,0.0,12.0,78.0,17.0,6.0,1.0,90.0,24.0,32.0,28.0,HIGH SCHOOL FOR ARTS & BUSINESS ,800000042095.0,40.737673,-73.853412,11368,West Queens
77Q555,Newcomers High School,Living Environment,Living_Env,2022,64.73,168,0.0,90.48,4.76,4.76,71,General Academic,0.0,0.0,90.0,76.0,3.0,15.0,1.0,77.0,24.0,26.0,26.0,NEWCOMERS HIGH SCHOOL,800000042098.0,40.751838,-73.936592,11101,Long Island City - Astoria
77Q555,Newcomers High School,Common Core English,ELA,2022,50.39,249,0.0,81.53,13.65,4.82,71,General Academic,0.0,0.0,90.0,76.0,3.0,15.0,1.0,77.0,24.0,26.0,25.0,NEWCOMERS HIGH SCHOOL,800000042098.0,40.751838,-73.936592,11101,Long Island City - Astoria
77Q555,Newcomers High School,Common Core Algebra,Algebra_I,2022,54.34,616,0.0,89.61,6.01,4.38,71,General Academic,0.0,0.0,90.0,76.0,3.0,15.0,1.0,77.0,24.0,26.0,24.0,NEWCOMERS HIGH SCHOOL,800000042098.0,40.751838,-73.936592,11101,Long Island City - Astoria
77Q566,"Queens High School of Teaching, Liberal Arts and the Sciences",Common Core Algebra,Algebra_I,2022,59.16,131,48.85,22.14,22.14,6.87,70,General Academic,0.0,0.0,4.0,65.0,17.0,4.0,1.0,84.0,18.0,24.0,18.0,QUEENS HIGH SCHOOL OF TEACHING,800000057166.0,40.744197,-73.728834,11426,Southeast Queens
77Q566,"Queens High School of Teaching, Liberal Arts and the Sciences",Living Environment,Living_Env,2022,68.43,136,47.79,22.06,23.53,6.62,70,General Academic,0.0,0.0,4.0,65.0,17.0,4.0,1.0,84.0,18.0,24.0,24.0,QUEENS HIGH SCHOOL OF TEACHING,800000057166.0,40.744197,-73.728834,11426,Southeast Queens
77Q566,"Queens High School of Teaching, Liberal Arts and the Sciences",Common Core English,ELA,2022,70.77,217,55.3,20.74,16.13,7.83,70,General Academic,0.0,0.0,4.0,65.0,17.0,4.0,1.0,84.0,18.0,24.0,21.0,QUEENS HIGH SCHOOL OF TEACHING,800000057166.0,40.744197,-73.728834,11426,Southeast Queens
77Q575,Academy of American Studies,Common Core Algebra,Algebra_I,2022,67.98,190,0.0,42.11,27.89,30.0,74,General Academic,0.0,0.0,4.0,70.0,11.0,3.0,1.0,90.0,25.0,31.0,25.0,ACADEMY OF AMERICAN STUDIES,800000042100.0,40.751144,-73.937564,11101,Long Island City - Astoria
77Q575,Academy of American Studies,Living Environment,Living_Env,2022,72.99,203,3.45,40.39,25.12,31.03,74,General Academic,0.0,0.0,4.0,70.0,11.0,3.0,1.0,90.0,25.0,31.0,31.0,ACADEMY OF AMERICAN STUDIES,800000042100.0,40.751144,-73.937564,11101,Long Island City - Astoria
77Q575,Academy of American Studies,Common Core English,ELA,2022,80.78,391,2.81,36.06,27.88,33.25,74,General Academic,0.0,0.0,4.0,70.0,11.0,3.0,1.0,90.0,25.0,31.0,28.0,ACADEMY OF AMERICAN STUDIES,800000042100.0,40.751144,-73.937564,11101,Long Island City - Astoria
77Q585,Maspeth High School,Common Core Algebra,Algebra_I,2022,66.89,172,4.07,59.3,21.51,15.12,75,General Academic,0.0,0.0,7.0,67.0,17.0,3.0,1.0,89.0,24.0,23.0,24.0,MASPETH HIGH SCHOOL,800000070899.0,40.729104,-73.887909,11378,West Queens
77Q585,Maspeth High School,Common Core English,ELA,2022,74.4,201,0.0,56.22,18.41,25.37,75,General Academic,0.0,0.0,7.0,67.0,17.0,3.0,1.0,89.0,24.0,23.0,23.5,MASPETH HIGH SCHOOL,800000070899.0,40.729104,-73.887909,11378,West Queens
77Q585,Maspeth High School,Living Environment,Living_Env,2022,69.73,215,2.79,59.07,20.93,17.21,75,General Academic,0.0,0.0,7.0,67.0,17.0,3.0,1.0,89.0,24.0,23.0,23.0,MASPETH HIGH SCHOOL,800000070899.0,40.729104,-73.887909,11378,West Queens
77Q600,Queens Technical High School,Common Core English,ELA,2022,66.23,54,0.0,88.89,11.11,0.0,103,Career Technical,1.0,0.0,8.0,84.0,19.0,5.0,1.0,89.0,23.0,23.0,23.0,QUEENS TECHNICAL HIGH SCHOOL,800000042102.0,40.741658,-73.927995,11101,Long Island City - Astoria
77Q600,Queens Technical High School,Living Environment,Living_Env,2022,69.69,253,0.0,85.38,10.67,3.95,103,Career Technical,1.0,0.0,8.0,84.0,19.0,5.0,1.0,89.0,23.0,23.0,23.0,QUEENS TECHNICAL HIGH SCHOOL,800000042102.0,40.741658,-73.927995,11101,Long Island City - Astoria
77Q600,Queens Technical High School,Common Core Algebra,Algebra_I,2022,66.77,282,0.0,86.88,9.22,3.9,103,Career Technical,1.0,0.0,8.0,84.0,19.0,5.0,1.0,89.0,23.0,23.0,23.0,QUEENS TECHNICAL HIGH SCHOOL,800000042102.0,40.741658,-73.927995,11101,Long Island City - Astoria
77Q610,Aviation Career & Technical Education High School,Common Core Algebra,Algebra_I,2022,78.23,258,3.49,48.84,38.37,9.3,129,Career Technical,1.0,0.0,3.0,68.0,16.0,2.0,1.0,93.0,17.0,22.0,17.0,AVIATION CAREER AND TECH ED HS,800000042103.0,40.743309,-73.929577,11101,Long Island City - Astoria
77Q610,Aviation Career & Technical Education High School,Living Environment,Living_Env,2022,78.19,313,4.15,45.69,38.66,11.5,129,Career Technical,1.0,0.0,3.0,68.0,16.0,2.0,1.0,93.0,17.0,22.0,22.0,AVIATION CAREER AND TECH ED HS,800000042103.0,40.743309,-73.929577,11101,Long Island City - Astoria
77Q610,Aviation Career & Technical Education High School,Common Core English,ELA,2022,84.4,417,2.4,49.88,35.49,12.23,129,Career Technical,1.0,0.0,3.0,68.0,16.0,2.0,1.0,93.0,17.0,22.0,19.5,AVIATION CAREER AND TECH ED HS,800000042103.0,40.743309,-73.929577,11101,Long Island City - Astoria
77Q620,Thomas A. Edison Career and Technical Education High School,Common Core Algebra,Algebra_I,2022,67.97,205,28.78,26.34,39.02,5.85,126,Career Technical,1.0,0.0,3.0,76.0,15.0,4.0,1.0,91.0,21.0,26.0,21.0,THOMAS A EDISON CAREER-TECH HS,800000042104.0,40.716071,-73.799692,11432,Jamaica
77Q620,Thomas A. Edison Career and Technical Education High School,Living Environment,Living_Env,2022,77.53,261,20.69,26.05,49.81,3.45,126,Career Technical,1.0,0.0,3.0,76.0,15.0,4.0,1.0,91.0,21.0,26.0,26.0,THOMAS A EDISON CAREER-TECH HS,800000042104.0,40.716071,-73.799692,11432,Jamaica
77Q620,Thomas A. Edison Career and Technical Education High School,Common Core English,ELA,2022,82.27,581,14.46,25.3,55.77,4.48,126,Career Technical,1.0,0.0,3.0,76.0,15.0,4.0,1.0,91.0,21.0,26.0,23.5,THOMAS A EDISON CAREER-TECH HS,800000042104.0,40.716071,-73.799692,11432,Jamaica
77Q650,"High School For Construction Trades, Engineering & Architecture",Common Core Algebra,Algebra_I,2022,76.04,135,10.37,37.04,36.3,16.3,67,Career Technical,1.0,0.0,2.0,75.0,16.0,1.0,1.0,92.0,25.0,28.0,25.0,"HS FOR CON, TRADES, ENGINEER AND ARC",800000059628.0,40.689177,-73.841475,11416,Southwest Queens
77Q650,"High School For Construction Trades, Engineering & Architecture",Living Environment,Living_Env,2022,79.31,187,8.56,34.76,43.85,12.83,67,Career Technical,1.0,0.0,2.0,75.0,16.0,1.0,1.0,92.0,25.0,28.0,28.0,"HS FOR CON, TRADES, ENGINEER AND ARC",800000059628.0,40.689177,-73.841475,11416,Southwest Queens
77Q650,"High School For Construction Trades, Engineering & Architecture",Common Core English,ELA,2022,79.36,211,9.95,36.49,33.18,20.38,67,Career Technical,1.0,0.0,2.0,75.0,16.0,1.0,1.0,92.0,25.0,28.0,26.5,"HS FOR CON, TRADES, ENGINEER AND ARC",800000059628.0,40.689177,-73.841475,11416,Southwest Queens
77Q670,Robert F. Kennedy Community High School,Common Core English,ELA,2022,81.85,32,0.0,53.12,46.88,0.0,37,General Academic,0.0,0.0,10.0,78.0,18.0,5.0,1.0,87.0,18.0,18.0,18.0,ROBERT F KENNEDY COMMUNITY HS,800000042086.0,40.72528,-73.811408,11366,Fresh Meadows
77Q670,Robert F. Kennedy Community High School,Living Environment,Living_Env,2022,66.03,78,21.79,38.46,30.77,8.97,37,General Academic,0.0,0.0,10.0,78.0,18.0,5.0,1.0,87.0,18.0,18.0,18.0,ROBERT F KENNEDY COMMUNITY HS,800000042086.0,40.72528,-73.811408,11366,Fresh Meadows
77Q670,Robert F. Kennedy Community High School,Common Core Algebra,Algebra_I,2022,61.89,124,16.94,48.39,24.19,10.48,37,General Academic,0.0,0.0,10.0,78.0,18.0,5.0,1.0,87.0,18.0,18.0,18.0,ROBERT F KENNEDY COMMUNITY HS,800000042086.0,40.72528,-73.811408,11366,Fresh Meadows
77Q686,Queens Metropolitan High School,Common Core English,ELA,2022,68.46,63,0.0,65.08,0.0,34.92,63,General Academic,0.0,0.0,6.0,58.0,17.0,1.0,1.0,88.0,15.0,16.0,15.5,QUEENS METROPOLITAN HIGH SCHOOL,800000069161.0,40.708431,-73.855543,11375,Jamaica
77Q686,Queens Metropolitan High School,Common Core Algebra,Algebra_I,2022,70.05,66,0.0,53.03,0.0,46.97,63,General Academic,0.0,0.0,6.0,58.0,17.0,1.0,1.0,88.0,15.0,16.0,15.0,QUEENS METROPOLITAN HIGH SCHOOL,800000069161.0,40.708431,-73.855543,11375,Jamaica
77Q686,Queens Metropolitan High School,Living Environment,Living_Env,2022,75.3,146,0.0,50.68,8.9,40.41,63,General Academic,0.0,0.0,6.0,58.0,17.0,1.0,1.0,88.0,15.0,16.0,16.0,QUEENS METROPOLITAN HIGH SCHOOL,800000069161.0,40.708431,-73.855543,11375,Jamaica
77Q687,Queens High School for the Sciences at York College,Common Core Algebra,Algebra_I,2022,90.8,43,0.0,0.0,100.0,0.0,28,General Academic,0.0,0.0,0.0,65.0,1.0,0.0,1.0,97.0,,16.0,,QUEENS HIGH SCHOOL SCI AT YORK COLL,800000056075.0,40.700884,-73.798364,11433,Jamaica
77Q687,Queens High School for the Sciences at York College,Living Environment,Living_Env,2022,93.7,45,0.0,0.0,100.0,0.0,28,General Academic,0.0,0.0,0.0,65.0,1.0,0.0,1.0,97.0,,16.0,16.0,QUEENS HIGH SCHOOL SCI AT YORK COLL,800000056075.0,40.700884,-73.798364,11433,Jamaica
77Q687,Queens High School for the Sciences at York College,Common Core English,ELA,2022,93.49,143,0.0,6.29,88.81,4.9,28,General Academic,0.0,0.0,0.0,65.0,1.0,0.0,1.0,97.0,,16.0,16.0,QUEENS HIGH SCHOOL SCI AT YORK COLL,800000056075.0,40.700884,-73.798364,11433,Jamaica
77Q690,High School for Law Enforcement and Public Safety,Common Core English,ELA,2022,61.79,38,57.89,18.42,23.68,0.0,30,General Academic,0.0,0.0,7.0,77.0,25.0,5.0,1.0,81.0,14.0,14.0,14.0,HS-LAW ENFORCEMENT & PUB SAFETY,800000057168.0,40.685838,-73.783438,11434,Jamaica
77Q690,High School for Law Enforcement and Public Safety,Living Environment,Living_Env,2022,53.62,66,54.55,19.7,25.76,0.0,30,General Academic,0.0,0.0,7.0,77.0,25.0,5.0,1.0,81.0,14.0,14.0,14.0,HS-LAW ENFORCEMENT & PUB SAFETY,800000057168.0,40.685838,-73.783438,11434,Jamaica
77Q690,High School for Law Enforcement and Public Safety,Common Core Algebra,Algebra_I,2022,54.64,79,54.43,24.05,21.52,0.0,30,General Academic,0.0,0.0,7.0,77.0,25.0,5.0,1.0,81.0,14.0,14.0,14.0,HS-LAW ENFORCEMENT & PUB SAFETY,800000057168.0,40.685838,-73.783438,11434,Jamaica
77Q744,Voyages Preperatory,Common Core English,ELA,2022,64.2,11,0.0,100.0,0.0,0.0,17,Transfer School,0.0,1.0,8.0,84.0,17.0,5.0,1.0,44.0,19.0,11.0,15.0,VOYAGES PREPARATORY,800000062365.0,40.743228,-73.871505,11373,West Queens
02M422,Quest to Learn,Common Core English,ELA,2022,56.91,17,35.29,64.71,0.0,0.0,51,General Academic,0.0,0.0,3.0,68.0,33.0,11.0,1.0,83.0,17.0,22.0,19.5,QUEST TO LEARN,800000065457.0,40.743407,-74.00254,10011,Chelsea - Clinton
02M422,Quest to Learn,Common Core Algebra,Algebra_I,2022,60.74,35,22.86,57.14,20.0,0.0,51,General Academic,0.0,0.0,3.0,68.0,33.0,11.0,1.0,83.0,17.0,22.0,17.0,QUEST TO LEARN,800000065457.0,40.743407,-74.00254,10011,Chelsea - Clinton
02M422,Quest to Learn,Living Environment,Living_Env,2022,67.77,45,24.44,60.0,15.56,0.0,51,General Academic,0.0,0.0,3.0,68.0,33.0,11.0,1.0,83.0,17.0,22.0,22.0,QUEST TO LEARN,800000065457.0,40.743407,-74.00254,10011,Chelsea - Clinton
04M372,Esperanza Preparatory Academy,Living Environment,Living_Env,2022,53.45,90,17.78,82.22,0.0,0.0,55,General Academic,0.0,0.0,39.0,95.0,26.0,20.0,1.0,85.0,10.0,20.0,20.0,ESPERANZA PREPARATORY ACADEMY,800000062346.0,40.792556,-73.942285,10029,East Harlem
04M372,Esperanza Preparatory Academy,Common Core Algebra,Algebra_I,2022,51.18,94,20.21,79.79,0.0,0.0,55,General Academic,0.0,0.0,39.0,95.0,26.0,20.0,1.0,85.0,10.0,20.0,10.0,ESPERANZA PREPARATORY ACADEMY,800000062346.0,40.792556,-73.942285,10029,East Harlem
06M293,City College Academy of the Arts,Living Environment,Living_Env,2022,69.2,64,0.0,100.0,0.0,0.0,40,General Academic,0.0,0.0,9.0,87.0,20.0,11.0,1.0,86.0,20.0,29.0,29.0,CITY COLLEGE ACADEMY OF THE ARTS,800000059072.0,40.860951,-73.930082,10040,Washington Heights - Inwood
06M293,City College Academy of the Arts,Common Core English,ELA,2022,72.5,66,0.0,100.0,0.0,0.0,40,General Academic,0.0,0.0,9.0,87.0,20.0,11.0,1.0,86.0,20.0,29.0,24.5,CITY COLLEGE ACADEMY OF THE ARTS,800000059072.0,40.860951,-73.930082,10040,Washington Heights - Inwood
06M293,City College Academy of the Arts,Common Core Algebra,Algebra_I,2022,64.8,71,0.0,100.0,0.0,0.0,40,General Academic,0.0,0.0,9.0,87.0,20.0,11.0,1.0,86.0,20.0,29.0,20.0,CITY COLLEGE ACADEMY OF THE ARTS,800000059072.0,40.860951,-73.930082,10040,Washington Heights - Inwood
06M346,Community Health Academy of the Heights,Living Environment,Living_Env,2022,58.2,24,0.0,100.0,0.0,0.0,50,General Academic,0.0,0.0,19.0,94.0,24.0,13.0,1.0,84.0,28.0,33.0,33.0,COMMUNITY HEALTH ACAD OF THE HEIGHTS,800000059614.0,40.833695,-73.942074,10032,Washington Heights - Inwood
06M346,Community Health Academy of the Heights,Common Core Algebra,Algebra_I,2022,60.78,143,8.39,91.61,0.0,0.0,50,General Academic,0.0,0.0,19.0,94.0,24.0,13.0,1.0,84.0,28.0,33.0,28.0,COMMUNITY HEALTH ACAD OF THE HEIGHTS,800000059614.0,40.833695,-73.942074,10032,Washington Heights - Inwood
07X223,The Laboratory School of Finance and Technology,Common Core Algebra,Algebra_I,2022,76.7,28,0.0,100.0,0.0,0.0,53,General Academic,0.0,0.0,6.0,94.0,18.0,12.0,1.0,89.0,20.0,25.0,20.0,LAB SCHOOL OF FIN & TECH: X223,800000057113.0,40.813612,-73.920851,10454,Hunts Point - Mott Haven
07X223,The Laboratory School of Finance and Technology,Common Core English,ELA,2022,70.09,86,11.63,88.37,0.0,0.0,53,General Academic,0.0,0.0,6.0,94.0,18.0,12.0,1.0,89.0,20.0,25.0,22.5,LAB SCHOOL OF FIN & TECH: X223,800000057113.0,40.813612,-73.920851,10454,Hunts Point - Mott Haven
08X367,"Archimedes Academy for Math, Science and Technolog",Common Core English,ELA,2022,59.0,16,37.5,62.5,0.0,0.0,52,General Academic,0.0,0.0,12.0,87.0,30.0,10.0,1.0,81.0,10.0,22.0,16.0,"ARCHIMEDES ACAD-MATH, SCI, TECH",800000060370.0,40.815043,-73.85607,10473,Pelham - Throgs Neck
08X367,"Archimedes Academy for Math, Science and Technolog",Common Core Algebra,Algebra_I,2022,60.94,25,32.0,68.0,0.0,0.0,52,General Academic,0.0,0.0,12.0,87.0,30.0,10.0,1.0,81.0,10.0,22.0,10.0,"ARCHIMEDES ACAD-MATH, SCI, TECH",800000060370.0,40.815043,-73.85607,10473,Pelham - Throgs Neck
08X367,"Archimedes Academy for Math, Science and Technolog",Living Environment,Living_Env,2022,68.96,98,25.51,65.31,9.18,0.0,52,General Academic,0.0,0.0,12.0,87.0,30.0,10.0,1.0,81.0,10.0,22.0,22.0,"ARCHIMEDES ACAD-MATH, SCI, TECH",800000060370.0,40.815043,-73.85607,10473,Pelham - Throgs Neck
09X327,Comprehensive Model School Project M.S. 327,Living Environment,Living_Env,2022,62.3,68,0.0,100.0,0.0,0.0,57,General Academic,0.0,0.0,12.0,94.0,26.0,14.0,1.0,85.0,18.0,20.0,20.0,COMP MODEL SCH PROJECT MS 327,800000058108.0,40.842503,-73.916084,10457,Crotona - Tremont
09X327,Comprehensive Model School Project M.S. 327,Common Core Algebra,Algebra_I,2022,71.92,81,17.28,82.72,0.0,0.0,57,General Academic,0.0,0.0,12.0,94.0,26.0,14.0,1.0,85.0,18.0,20.0,18.0,COMP MODEL SCH PROJECT MS 327,800000058108.0,40.842503,-73.916084,10457,Crotona - Tremont
09X568,Young Women's Leadership School of the Bronx,Living Environment,Living_Env,2022,71.28,46,21.74,78.26,0.0,0.0,45,General Academic,0.0,0.0,10.0,86.0,19.0,10.0,1.0,86.0,25.0,22.0,22.0,YOUNG WOMEN'S LDSHP SCHOOL-BRONX,800000075027.0,40.848552,-73.909022,10453,Crotona - Tremont
09X568,Young Women's Leadership School of the Bronx,Common Core English,ELA,2022,76.87,49,26.53,73.47,0.0,0.0,45,General Academic,0.0,0.0,10.0,86.0,19.0,10.0,1.0,86.0,25.0,22.0,23.5,YOUNG WOMEN'S LDSHP SCHOOL-BRONX,800000075027.0,40.848552,-73.909022,10453,Crotona - Tremont
09X568,Young Women's Leadership School of the Bronx,Common Core Algebra,Algebra_I,2022,64.13,85,27.06,65.88,7.06,0.0,45,General Academic,0.0,0.0,10.0,86.0,19.0,10.0,1.0,86.0,25.0,22.0,25.0,YOUNG WOMEN'S LDSHP SCHOOL-BRONX,800000075027.0,40.848552,-73.909022,10453,Crotona - Tremont
10X225,Theatre Arts Production Company School,Common Core English,ELA,2022,69.0,57,0.0,100.0,0.0,0.0,53,General Academic,0.0,0.0,11.0,86.0,27.0,7.0,1.0,79.0,12.0,19.0,15.5,THEATRE ARTS PROD COMPANY SCHOOL,800000059126.0,40.854257,-73.897404,10457,Crotona - Tremont
10X225,Theatre Arts Production Company School,Living Environment,Living_Env,2022,61.84,90,26.67,73.33,0.0,0.0,53,General Academic,0.0,0.0,11.0,86.0,27.0,7.0,1.0,79.0,12.0,19.0,19.0,THEATRE ARTS PROD COMPANY SCHOOL,800000059126.0,40.854257,-73.897404,10457,Crotona - Tremont
10X225,Theatre Arts Production Company School,Common Core Algebra,Algebra_I,2022,54.72,107,29.91,70.09,0.0,0.0,53,General Academic,0.0,0.0,11.0,86.0,27.0,7.0,1.0,79.0,12.0,19.0,12.0,THEATRE ARTS PROD COMPANY SCHOOL,800000059126.0,40.854257,-73.897404,10457,Crotona - Tremont
10X368,In-Tech Academy (M.S. / High School 368),Living Environment,Living_Env,2022,65.03,121,0.0,95.04,4.96,0.0,75,General Academic,0.0,0.0,19.0,87.0,23.0,6.0,1.0,86.0,23.0,21.0,21.0,IN-TECH ACADEMY (MS/HS 368),800000046209.0,40.877935,-73.913694,10463,Kingsbridge - Riverdale
10X368,In-Tech Academy (M.S. / High School 368),Common Core English,ELA,2022,71.39,134,6.72,93.28,0.0,0.0,75,General Academic,0.0,0.0,19.0,87.0,23.0,6.0,1.0,86.0,23.0,21.0,22.0,IN-TECH ACADEMY (MS/HS 368),800000046209.0,40.877935,-73.913694,10463,Kingsbridge - Riverdale
10X368,In-Tech Academy (M.S. / High School 368),Common Core Algebra,Algebra_I,2022,54.09,159,6.29,89.31,4.4,0.0,75,General Academic,0.0,0.0,19.0,87.0,23.0,6.0,1.0,86.0,23.0,21.0,23.0,IN-TECH ACADEMY (MS/HS 368),800000046209.0,40.877935,-73.913694,10463,Kingsbridge - Riverdale
12X242,Mott Hall V,Common Core English,ELA,2022,66.03,69,21.74,78.26,0.0,0.0,58,General Academic,0.0,0.0,19.0,95.0,28.0,8.0,1.0,87.0,13.0,16.0,14.5,MOTT HALL V,800000059092.0,40.832508,-73.878191,10472,Pelham - Throgs Neck
12X242,Mott Hall V,Common Core Algebra,Algebra_I,2022,57.02,106,15.09,84.91,0.0,0.0,58,General Academic,0.0,0.0,19.0,95.0,28.0,8.0,1.0,87.0,13.0,16.0,13.0,MOTT HALL V,800000059092.0,40.832508,-73.878191,10472,Pelham - Throgs Neck
12X242,Mott Hall V,Living Environment,Living_Env,2022,57.49,121,17.36,82.64,0.0,0.0,58,General Academic,0.0,0.0,19.0,95.0,28.0,8.0,1.0,87.0,13.0,16.0,16.0,MOTT HALL V,800000059092.0,40.832508,-73.878191,10472,Pelham - Throgs Neck
19K422,Spring Creek Community School,Living Environment,Living_Env,2022,60.58,52,78.85,21.15,0.0,0.0,44,General Academic,0.0,0.0,3.0,84.0,26.0,6.0,1.0,80.0,19.0,25.0,25.0,SPRING CREEK COMMUNITY SCHOOL,800000075037.0,40.657266,-73.874064,11239,Canarsie - Flatlands
19K422,Spring Creek Community School,Common Core Algebra,Algebra_I,2022,55.91,79,78.48,21.52,0.0,0.0,44,General Academic,0.0,0.0,3.0,84.0,26.0,6.0,1.0,80.0,19.0,25.0,19.0,SPRING CREEK COMMUNITY SCHOOL,800000075037.0,40.657266,-73.874064,11239,Canarsie - Flatlands
25Q285,World Journalism Preparatory: A College Board School,Common Core English,ELA,2022,77.71,69,0.0,46.38,20.29,33.33,45,General Academic,0.0,0.0,4.0,59.0,23.0,3.0,1.0,88.0,18.0,28.0,23.0,WORLD JOURNALISM PREPARATORY,800000059620.0,40.764884,-73.789365,11358,Flushing - Clearview
25Q285,World Journalism Preparatory: A College Board School,Common Core Algebra,Algebra_I,2022,70.17,121,0.0,43.8,15.7,40.5,45,General Academic,0.0,0.0,4.0,59.0,23.0,3.0,1.0,88.0,18.0,28.0,18.0,WORLD JOURNALISM PREPARATORY,800000059620.0,40.764884,-73.789365,11358,Flushing - Clearview
25Q285,World Journalism Preparatory: A College Board School,Living Environment,Living_Env,2022,74.51,130,4.62,40.77,16.92,37.69,45,General Academic,0.0,0.0,4.0,59.0,23.0,3.0,1.0,88.0,18.0,28.0,28.0,WORLD JOURNALISM PREPARATORY,800000059620.0,40.764884,-73.789365,11358,Flushing - Clearview
27Q323,Scholars' Academy,Living Environment,Living_Env,2022,86.03,173,17.34,16.18,21.97,44.51,73,General Academic,0.0,0.0,0.0,50.0,15.0,0.0,1.0,91.0,29.0,29.0,29.0,SCHOLARS' ACADEMY,800000059099.0,40.584543,-73.825162,11694,Rockaway
27Q323,Scholars' Academy,Common Core Algebra,Algebra_I,2022,84.0,178,16.85,17.42,21.91,43.82,73,General Academic,0.0,0.0,0.0,50.0,15.0,0.0,1.0,91.0,29.0,29.0,29.0,SCHOLARS' ACADEMY,800000059099.0,40.584543,-73.825162,11694,Rockaway
28Q167,Metropolitan Expeditionary Learning School,Common Core English,ELA,2022,80.02,101,11.88,47.52,26.73,13.86,70,General Academic,0.0,0.0,6.0,66.0,20.0,6.0,1.0,89.0,30.0,28.0,29.0,METROPOLITAN EXPEDITIONARY LRNING,800000069162.0,40.708431,-73.855543,11375,Jamaica
28Q167,Metropolitan Expeditionary Learning School,Living Environment,Living_Env,2022,74.14,108,12.96,47.22,25.0,14.81,70,General Academic,0.0,0.0,6.0,66.0,20.0,6.0,1.0,89.0,30.0,28.0,28.0,METROPOLITAN EXPEDITIONARY LRNING,800000069162.0,40.708431,-73.855543,11375,Jamaica
28Q167,Metropolitan Expeditionary Learning School,Common Core Algebra,Algebra_I,2022,64.34,206,16.02,40.78,27.67,15.53,70,General Academic,0.0,0.0,6.0,66.0,20.0,6.0,1.0,89.0,30.0,28.0,30.0,METROPOLITAN EXPEDITIONARY LRNING,800000069162.0,40.708431,-73.855543,11375,Jamaica
29Q283,Preparatory Academy for Writers: A College Board School,Common Core English,ELA,2022,75.28,104,86.54,13.46,0.0,0.0,36,General Academic,0.0,0.0,5.0,70.0,20.0,7.0,1.0,83.0,16.0,18.0,17.0,PREP ACADEMY FOR WRITERS,800000059634.0,40.66903,-73.757744,11413,Southeast Queens
29Q283,Preparatory Academy for Writers: A College Board School,Living Environment,Living_Env,2022,66.76,116,85.34,9.48,5.17,0.0,36,General Academic,0.0,0.0,5.0,70.0,20.0,7.0,1.0,83.0,16.0,18.0,18.0,PREP ACADEMY FOR WRITERS,800000059634.0,40.66903,-73.757744,11413,Southeast Queens
29Q283,Preparatory Academy for Writers: A College Board School,Common Core Algebra,Algebra_I,2022,62.02,117,80.34,12.82,6.84,0.0,36,General Academic,0.0,0.0,5.0,70.0,20.0,7.0,1.0,83.0,16.0,18.0,16.0,PREP ACADEMY FOR WRITERS,800000059634.0,40.66903,-73.757744,11413,Southeast Queens
30Q286,The Young Women's Leadership School Astoria,Common Core English,ELA,2022,86.88,53,0.0,54.72,45.28,0.0,42,General Academic,0.0,0.0,6.0,73.0,16.0,3.0,1.0,90.0,27.0,29.0,28.0,YOUNG WOMENS LEADERSHIP SCHOOL,800000059702.0,40.770769,-73.92383,11102,Long Island City - Astoria
30Q286,The Young Women's Leadership School Astoria,Living Environment,Living_Env,2022,69.87,67,0.0,56.72,25.37,17.91,42,General Academic,0.0,0.0,6.0,73.0,16.0,3.0,1.0,90.0,27.0,29.0,29.0,YOUNG WOMENS LEADERSHIP SCHOOL,800000059702.0,40.770769,-73.92383,11102,Long Island City - Astoria
30Q286,The Young Women's Leadership School Astoria,Common Core Algebra,Algebra_I,2022,70.13,101,6.93,45.54,34.65,12.87,42,General Academic,0.0,0.0,6.0,73.0,16.0,3.0,1.0,90.0,27.0,29.0,27.0,YOUNG WOMENS LEADERSHIP SCHOOL,800000059702.0,40.770769,-73.92383,11102,Long Island City - Astoria
31R028,The Eagle Academy for Young Men of Staten Island,Common Core English,ELA,2022,64.04,22,63.64,36.36,0.0,0.0,45,General Academic,0.0,0.0,7.0,82.0,42.0,6.0,1.0,82.0,10.0,12.0,11.0,EAGLE ACADEMY FOR YOUNG MEN,800000083442.0,40.620443,-74.080695,10304,Stapleton - St. George
31R028,The Eagle Academy for Young Men of Staten Island,Common Core Algebra,Algebra_I,2022,51.33,24,66.67,33.33,0.0,0.0,45,General Academic,0.0,0.0,7.0,82.0,42.0,6.0,1.0,82.0,10.0,12.0,10.0,EAGLE ACADEMY FOR YOUNG MEN,800000083442.0,40.620443,-74.080695,10304,Stapleton - St. George
31R028,The Eagle Academy for Young Men of Staten Island,Living Environment,Living_Env,2022,52.08,25,72.0,28.0,0.0,0.0,45,General Academic,0.0,0.0,7.0,82.0,42.0,6.0,1.0,82.0,10.0,12.0,12.0,EAGLE ACADEMY FOR YOUNG MEN,800000083442.0,40.620443,-74.080695,10304,Stapleton - St. George
31R085,The Young Women's Leadership School of Queens,Living Environment,Living_Env,2022,74.85,72,50.0,0.0,50.0,0.0,5,General Academic,0.0,0.0,,,,,,,,,,,,40.708409,-73.804166,11432,Jamaica
31R085,The Young Women's Leadership School of Queens,Common Core Algebra,Algebra_I,2022,73.57,84,51.19,0.0,48.81,0.0,5,General Academic,0.0,0.0,,,,,,,,,,,,40.708409,-73.804166,11432,Jamaica
31R085,The Young Women's Leadership School of Queens,Common Core English,ELA,2022,82.32,117,32.48,17.09,50.43,0.0,5,General Academic,0.0,0.0,,,,,,,,,,,,40.708409,-73.804166,11432,Jamaica
71M148,Eagle Academy for Young Men of Harlem,Living Environment,Living_Env,2022,55.9,11,100.0,0.0,0.0,0.0,26,General Academic,0.0,0.0,8.0,83.0,40.0,15.0,1.0,70.0,7.0,9.0,9.0,EAGLE ACADEMY FOR YOUNG MEN-HARLEM,800000077809.0,40.817228,-73.947151,10030,Central Harlem - Morningside Heights
71M148,Eagle Academy for Young Men of Harlem,Common Core Algebra,Algebra_I,2022,56.8,22,100.0,0.0,0.0,0.0,26,General Academic,0.0,0.0,8.0,83.0,40.0,15.0,1.0,70.0,7.0,9.0,7.0,EAGLE ACADEMY FOR YOUNG MEN-HARLEM,800000077809.0,40.817228,-73.947151,10030,Central Harlem - Morningside Heights
71M148,Eagle Academy for Young Men of Harlem,Common Core English,ELA,2022,60.13,45,55.56,44.44,0.0,0.0,26,General Academic,0.0,0.0,8.0,83.0,40.0,15.0,1.0,70.0,7.0,9.0,8.0,EAGLE ACADEMY FOR YOUNG MEN-HARLEM,800000077809.0,40.817228,-73.947151,10030,Central Harlem - Morningside Heights
71M408,Professional Performing Arts High School,Living Environment,Living_Env,2022,79.02,36,0.0,30.56,0.0,69.44,32,General Academic,0.0,0.0,1.0,34.0,20.0,5.0,1.0,90.0,13.0,24.0,24.0,PROFESSIONAL PERF ARTS HIGH SCHOOL,800000046783.0,40.761327,-73.988665,10036,Chelsea - Clinton
71M408,Professional Performing Arts High School,Common Core Algebra,Algebra_I,2022,71.05,50,30.0,22.0,0.0,48.0,32,General Academic,0.0,0.0,1.0,34.0,20.0,5.0,1.0,90.0,13.0,24.0,13.0,PROFESSIONAL PERF ARTS HIGH SCHOOL,800000046783.0,40.761327,-73.988665,10036,Chelsea - Clinton
71M408,Professional Performing Arts High School,Common Core English,ELA,2022,85.8,88,30.68,23.86,0.0,45.45,32,General Academic,0.0,0.0,1.0,34.0,20.0,5.0,1.0,90.0,13.0,24.0,18.5,PROFESSIONAL PERF ARTS HIGH SCHOOL,800000046783.0,40.761327,-73.988665,10036,Chelsea - Clinton
71M450,East Side Community School,Common Core English,ELA,2022,80.07,81,14.81,60.49,0.0,24.69,64,General Academic,0.0,0.0,2.0,66.0,31.0,11.0,1.0,92.0,17.0,24.0,20.5,EAST SIDE COMMUNITY SCHOOL,800000046774.0,40.729152,-73.982472,10009,Union Square - Lower East Side
71M499,Frederick Douglass Academy,Common Core English,ELA,2022,52.3,27,100.0,0.0,0.0,0.0,64,General Academic,0.0,0.0,7.0,86.0,23.0,12.0,1.0,79.0,20.0,22.0,21.0,FREDERICK DOUGLASS ACADEMY,800000046764.0,40.823988,-73.935746,10039,Central Harlem - Morningside Heights
71M499,Frederick Douglass Academy,Common Core Algebra,Algebra_I,2022,52.92,151,64.24,35.76,0.0,0.0,64,General Academic,0.0,0.0,7.0,86.0,23.0,12.0,1.0,79.0,20.0,22.0,20.0,FREDERICK DOUGLASS ACADEMY,800000046764.0,40.823988,-73.935746,10039,Central Harlem - Morningside Heights
71M499,Frederick Douglass Academy,Living Environment,Living_Env,2022,57.17,153,60.78,35.29,0.0,3.92,64,General Academic,0.0,0.0,7.0,86.0,23.0,12.0,1.0,79.0,20.0,22.0,22.0,FREDERICK DOUGLASS ACADEMY,800000046764.0,40.823988,-73.935746,10039,Central Harlem - Morningside Heights
71M610,Young Women's Leadership School,Common Core English,ELA,2022,75.97,41,21.95,78.05,0.0,0.0,34,General Academic,0.0,0.0,3.0,77.0,22.0,4.0,1.0,84.0,23.0,23.0,23.0,YOUNG WOMEN'S LEADERSHIP SCHOOL,800000046730.0,40.792932,-73.947171,10029,East Harlem
71M610,Young Women's Leadership School,Living Environment,Living_Env,2022,70.0,57,33.33,66.67,0.0,0.0,34,General Academic,0.0,0.0,3.0,77.0,22.0,4.0,1.0,84.0,23.0,23.0,23.0,YOUNG WOMEN'S LEADERSHIP SCHOOL,800000046730.0,40.792932,-73.947171,10029,East Harlem
71M610,Young Women's Leadership School,Common Core Algebra,Algebra_I,2022,64.13,59,37.29,62.71,0.0,0.0,34,General Academic,0.0,0.0,3.0,77.0,22.0,4.0,1.0,84.0,23.0,23.0,23.0,YOUNG WOMEN'S LEADERSHIP SCHOOL,800000046730.0,40.792932,-73.947171,10029,East Harlem
77Q896,Young Women's Leadership School,Common Core English,ELA,2022,75.97,41,21.95,78.05,0.0,0.0,35,General Academic,0.0,0.0,3.0,72.0,17.0,4.0,1.0,89.0,21.0,20.0,20.5,YOUNG WOMEN'S LRDSHP SCHOOL,800000059125.0,40.792932,-73.947171,10029,East Harlem
77Q896,Young Women's Leadership School,Living Environment,Living_Env,2022,70.0,57,33.33,66.67,0.0,0.0,35,General Academic,0.0,0.0,3.0,72.0,17.0,4.0,1.0,89.0,21.0,20.0,20.0,YOUNG WOMEN'S LRDSHP SCHOOL,800000059125.0,40.792932,-73.947171,10029,East Harlem
77Q896,Young Women's Leadership School,Common Core Algebra,Algebra_I,2022,64.13,59,37.29,62.71,0.0,0.0,35,General Academic,0.0,0.0,3.0,72.0,17.0,4.0,1.0,89.0,21.0,20.0,21.0,YOUNG WOMEN'S LRDSHP SCHOOL,800000059125.0,40.792932,-73.947171,10029,East Harlem
71M670,Thurgood Marshall Academy for Learning and Social Change,Living Environment,Living_Env,2022,60.0,42,100.0,0.0,0.0,0.0,46,General Academic,0.0,0.0,4.0,83.0,29.0,12.0,1.0,88.0,23.0,29.0,29.0,THURGOOD MARSHALL ACAD FOR LEARNING,800000046704.0,40.815237,-73.944299,10030,Central Harlem - Morningside Heights
71M670,Thurgood Marshall Academy for Learning and Social Change,Common Core Algebra,Algebra_I,2022,59.0,75,76.0,24.0,0.0,0.0,46,General Academic,0.0,0.0,4.0,83.0,29.0,12.0,1.0,88.0,23.0,29.0,23.0,THURGOOD MARSHALL ACAD FOR LEARNING,800000046704.0,40.815237,-73.944299,10030,Central Harlem - Morningside Heights
71M670,Thurgood Marshall Academy for Learning and Social Change,Common Core English,ELA,2022,74.58,94,73.4,26.6,0.0,0.0,46,General Academic,0.0,0.0,4.0,83.0,29.0,12.0,1.0,88.0,23.0,29.0,26.0,THURGOOD MARSHALL ACAD FOR LEARNING,800000046704.0,40.815237,-73.944299,10030,Central Harlem - Morningside Heights
72X221,South Bronx Preparatory: A College Board School,Common Core English,ELA,2022,68.3,22,0.0,100.0,0.0,0.0,51,General Academic,0.0,0.0,9.0,94.0,25.0,11.0,1.0,89.0,27.0,23.0,25.0,SOUTH BRONX PREPARATORY,800000058074.0,40.813612,-73.920851,10454,Hunts Point - Mott Haven
72X221,South Bronx Preparatory: A College Board School,Living Environment,Living_Env,2022,66.78,92,22.83,77.17,0.0,0.0,51,General Academic,0.0,0.0,9.0,94.0,25.0,11.0,1.0,89.0,27.0,23.0,23.0,SOUTH BRONX PREPARATORY,800000058074.0,40.813612,-73.920851,10454,Hunts Point - Mott Haven
72X221,South Bronx Preparatory: A College Board School,Common Core Algebra,Algebra_I,2022,65.1,96,21.88,78.12,0.0,0.0,51,General Academic,0.0,0.0,9.0,94.0,25.0,11.0,1.0,89.0,27.0,23.0,27.0,SOUTH BRONX PREPARATORY,800000058074.0,40.813612,-73.920851,10454,Hunts Point - Mott Haven
72X231,Eagle Academy for Young Men,Living Environment,Living_Env,2022,61.44,69,55.07,44.93,0.0,0.0,37,General Academic,0.0,0.0,5.0,84.0,35.0,11.0,1.0,85.0,17.0,17.0,17.0,EAGLE ACADEMY FOR YOUNG MEN,800000058081.0,40.845366,-73.897479,10457,Crotona - Tremont
72X231,Eagle Academy for Young Men,Common Core Algebra,Algebra_I,2022,52.77,86,48.84,51.16,0.0,0.0,37,General Academic,0.0,0.0,5.0,84.0,35.0,11.0,1.0,85.0,17.0,17.0,17.0,EAGLE ACADEMY FOR YOUNG MEN,800000058081.0,40.845366,-73.897479,10457,Crotona - Tremont
72X231,Eagle Academy for Young Men,Common Core English,ELA,2022,70.48,90,63.33,36.67,0.0,0.0,37,General Academic,0.0,0.0,5.0,84.0,35.0,11.0,1.0,85.0,17.0,17.0,17.0,EAGLE ACADEMY FOR YOUNG MEN,800000058081.0,40.845366,-73.897479,10457,Crotona - Tremont
73K644,Eagle Academy for Young Men,Living Environment,Living_Env,2022,61.44,69,55.07,44.93,0.0,0.0,45,General Academic,0.0,0.0,1.0,82.0,31.0,11.0,1.0,89.0,18.0,21.0,21.0,EAGLE ACADEMY FOR YOUNG MEN II,800000062342.0,40.845366,-73.897479,10457,Crotona - Tremont
73K644,Eagle Academy for Young Men,Common Core Algebra,Algebra_I,2022,52.77,86,48.84,51.16,0.0,0.0,45,General Academic,0.0,0.0,1.0,82.0,31.0,11.0,1.0,89.0,18.0,21.0,18.0,EAGLE ACADEMY FOR YOUNG MEN II,800000062342.0,40.845366,-73.897479,10457,Crotona - Tremont
73K644,Eagle Academy for Young Men,Common Core English,ELA,2022,70.48,90,63.33,36.67,0.0,0.0,45,General Academic,0.0,0.0,1.0,82.0,31.0,11.0,1.0,89.0,18.0,21.0,19.5,EAGLE ACADEMY FOR YOUNG MEN II,800000062342.0,40.845366,-73.897479,10457,Crotona - Tremont
77Q327,Eagle Academy for Young Men,Living Environment,Living_Env,2022,61.44,69,55.07,44.93,0.0,0.0,32,General Academic,0.0,0.0,1.0,75.0,26.0,10.0,1.0,88.0,13.0,19.0,19.0,EAGLE ACADEMY FOR YOUNG MEN III,800000069164.0,40.845366,-73.897479,10457,Crotona - Tremont
77Q327,Eagle Academy for Young Men,Common Core Algebra,Algebra_I,2022,52.77,86,48.84,51.16,0.0,0.0,32,General Academic,0.0,0.0,1.0,75.0,26.0,10.0,1.0,88.0,13.0,19.0,13.0,EAGLE ACADEMY FOR YOUNG MEN III,800000069164.0,40.845366,-73.897479,10457,Crotona - Tremont
77Q327,Eagle Academy for Young Men,Common Core English,ELA,2022,70.48,90,63.33,36.67,0.0,0.0,32,General Academic,0.0,0.0,1.0,75.0,26.0,10.0,1.0,88.0,13.0,19.0,16.0,EAGLE ACADEMY FOR YOUNG MEN III,800000069164.0,40.845366,-73.897479,10457,Crotona - Tremont
72X241,Urban Assembly School for Applied Math and Science,Common Core Algebra,Algebra_I,2022,53.4,66,0.0,100.0,0.0,0.0,65,General Academic,0.0,0.0,15.0,95.0,29.0,12.0,1.0,76.0,26.0,19.0,26.0,URBAN ASSMBLY SCHOOL-APPL MATH,800000058089.0,40.839508,-73.901774,10457,Crotona - Tremont
72X241,Urban Assembly School for Applied Math and Science,Common Core English,ELA,2022,61.82,80,25.0,75.0,0.0,0.0,65,General Academic,0.0,0.0,15.0,95.0,29.0,12.0,1.0,76.0,26.0,19.0,22.5,URBAN ASSMBLY SCHOOL-APPL MATH,800000058089.0,40.839508,-73.901774,10457,Crotona - Tremont
72X241,Urban Assembly School for Applied Math and Science,Living Environment,Living_Env,2022,59.95,127,25.2,74.8,0.0,0.0,65,General Academic,0.0,0.0,15.0,95.0,29.0,12.0,1.0,76.0,26.0,19.0,19.0,URBAN ASSMBLY SCHOOL-APPL MATH,800000058089.0,40.839508,-73.901774,10457,Crotona - Tremont
72X243,West Bronx Academy for the Future,Common Core English,ELA,2022,78.7,35,0.0,100.0,0.0,0.0,55,General Academic,0.0,0.0,19.0,94.0,25.0,12.0,1.0,85.0,25.0,12.0,18.5,WEST BRONX ACAD FOR THE FUTURE,800000058099.0,40.859466,-73.888625,10458,Fordham - Bronx Park
72X267,Bronx Latin,Common Core English,ELA,2022,60.86,75,8.0,92.0,0.0,0.0,48,General Academic,0.0,0.0,14.0,93.0,25.0,9.0,1.0,86.0,15.0,16.0,15.5,BRONX LATIN SCHOOL,800000057983.0,40.826933,-73.900593,10456,High Bridge - Morrisania
72X267,Bronx Latin,Common Core Algebra,Algebra_I,2022,54.93,103,17.48,82.52,0.0,0.0,48,General Academic,0.0,0.0,14.0,93.0,25.0,9.0,1.0,86.0,15.0,16.0,15.0,BRONX LATIN SCHOOL,800000057983.0,40.826933,-73.900593,10456,High Bridge - Morrisania
72X267,Bronx Latin,Living Environment,Living_Env,2022,59.68,106,17.92,82.08,0.0,0.0,48,General Academic,0.0,0.0,14.0,93.0,25.0,9.0,1.0,86.0,15.0,16.0,16.0,BRONX LATIN SCHOOL,800000057983.0,40.826933,-73.900593,10456,High Bridge - Morrisania
72X269,Bronx Studio School for Writers and Artists,Common Core English,ELA,2022,70.8,46,0.0,100.0,0.0,0.0,57,General Academic,0.0,0.0,15.0,89.0,25.0,9.0,1.0,84.0,23.0,23.0,23.0,BRONX STUDIO SCHOOL-WRITERS-ARTISTS,800000057986.0,40.820388,-73.892961,10459,Hunts Point - Mott Haven
72X269,Bronx Studio School for Writers and Artists,Living Environment,Living_Env,2022,63.64,85,21.18,78.82,0.0,0.0,57,General Academic,0.0,0.0,15.0,89.0,25.0,9.0,1.0,84.0,23.0,23.0,23.0,BRONX STUDIO SCHOOL-WRITERS-ARTISTS,800000057986.0,40.820388,-73.892961,10459,Hunts Point - Mott Haven
72X269,Bronx Studio School for Writers and Artists,Common Core Algebra,Algebra_I,2022,64.08,85,22.35,77.65,0.0,0.0,57,General Academic,0.0,0.0,15.0,89.0,25.0,9.0,1.0,84.0,23.0,23.0,23.0,BRONX STUDIO SCHOOL-WRITERS-ARTISTS,800000057986.0,40.820388,-73.892961,10459,Hunts Point - Mott Haven
72X271,East Bronx Academy for the Future,Living Environment,Living_Env,2022,54.3,85,22.35,77.65,0.0,0.0,56,General Academic,0.0,0.0,16.0,95.0,31.0,11.0,1.0,79.0,16.0,18.0,18.0,EAST BRONX ACADEMY FOR THE FUTURE,800000058011.0,40.836821,-73.887688,10460,Crotona - Tremont
72X271,East Bronx Academy for the Future,Common Core English,ELA,2022,66.65,113,26.55,73.45,0.0,0.0,56,General Academic,0.0,0.0,16.0,95.0,31.0,11.0,1.0,79.0,16.0,18.0,17.0,EAST BRONX ACADEMY FOR THE FUTURE,800000058011.0,40.836821,-73.887688,10460,Crotona - Tremont
72X271,East Bronx Academy for the Future,Common Core Algebra,Algebra_I,2022,56.58,171,26.32,73.68,0.0,0.0,56,General Academic,0.0,0.0,16.0,95.0,31.0,11.0,1.0,79.0,16.0,18.0,16.0,EAST BRONX ACADEMY FOR THE FUTURE,800000058011.0,40.836821,-73.887688,10460,Crotona - Tremont
72X342,International School for Liberal Arts,Living Environment,Living_Env,2022,51.1,84,0.0,100.0,0.0,0.0,44,General Academic,0.0,0.0,79.0,90.0,12.0,31.0,1.0,88.0,11.0,13.0,13.0,INTERNATIONAL SCHOOL FOR LIBERAL ART,800000059631.0,40.869061,-73.897066,10468,Fordham - Bronx Park
72X342,International School for Liberal Arts,Common Core Algebra,Algebra_I,2022,55.0,88,0.0,100.0,0.0,0.0,44,General Academic,0.0,0.0,79.0,90.0,12.0,31.0,1.0,88.0,11.0,13.0,11.0,INTERNATIONAL SCHOOL FOR LIBERAL ART,800000059631.0,40.869061,-73.897066,10468,Fordham - Bronx Park
72X342,International School for Liberal Arts,Common Core English,ELA,2022,47.8,166,0.0,100.0,0.0,0.0,44,General Academic,0.0,0.0,79.0,90.0,12.0,31.0,1.0,88.0,11.0,13.0,12.0,INTERNATIONAL SCHOOL FOR LIBERAL ART,800000059631.0,40.869061,-73.897066,10468,Fordham - Bronx Park
72X376,Antonia Pantoja Preparatory Academy: A College Boa,Common Core English,ELA,2022,51.52,38,26.32,73.68,0.0,0.0,36,General Academic,0.0,0.0,17.0,88.0,31.0,11.0,1.0,83.0,15.0,17.0,16.0,ANTONIA PANTOJA PREP ACADEMY,800000060369.0,40.821218,-73.85593,10473,Pelham - Throgs Neck
72X376,Antonia Pantoja Preparatory Academy: A College Boa,Living Environment,Living_Env,2022,56.95,69,18.84,81.16,0.0,0.0,36,General Academic,0.0,0.0,17.0,88.0,31.0,11.0,1.0,83.0,15.0,17.0,17.0,ANTONIA PANTOJA PREP ACADEMY,800000060369.0,40.821218,-73.85593,10473,Pelham - Throgs Neck
72X376,Antonia Pantoja Preparatory Academy: A College Boa,Common Core Algebra,Algebra_I,2022,51.97,107,19.63,80.37,0.0,0.0,36,General Academic,0.0,0.0,17.0,88.0,31.0,11.0,1.0,83.0,15.0,17.0,15.0,ANTONIA PANTOJA PREP ACADEMY,800000060369.0,40.821218,-73.85593,10473,Pelham - Throgs Neck
72X500,Hostos-Lincoln Academy of Science,Living Environment,Living_Env,2022,78.98,53,18.87,81.13,0.0,0.0,39,General Academic,0.0,0.0,6.0,87.0,23.0,9.0,1.0,83.0,17.0,19.0,19.0,HOSTOS-LINCOLN ACADEMY OF SCIENCE,800000045662.0,40.814857,-73.912038,10455,Hunts Point - Mott Haven
72X500,Hostos-Lincoln Academy of Science,Common Core English,ELA,2022,78.58,64,28.12,71.88,0.0,0.0,39,General Academic,0.0,0.0,6.0,87.0,23.0,9.0,1.0,83.0,17.0,19.0,18.0,HOSTOS-LINCOLN ACADEMY OF SCIENCE,800000045662.0,40.814857,-73.912038,10455,Hunts Point - Mott Haven
72X500,Hostos-Lincoln Academy of Science,Common Core Algebra,Algebra_I,2022,68.56,96,23.96,76.04,0.0,0.0,39,General Academic,0.0,0.0,6.0,87.0,23.0,9.0,1.0,83.0,17.0,19.0,17.0,HOSTOS-LINCOLN ACADEMY OF SCIENCE,800000045662.0,40.814857,-73.912038,10455,Hunts Point - Mott Haven
72X505,"Bronx School for Law, Government and Justice",Living Environment,Living_Env,2022,64.0,93,0.0,100.0,0.0,0.0,57,General Academic,0.0,0.0,14.0,92.0,24.0,11.0,1.0,84.0,20.0,18.0,18.0,"BRONX SCHOOL FOR LAW, GOV, JUSTICE",800000045609.0,40.827461,-73.919024,10451,High Bridge - Morrisania
72X505,"Bronx School for Law, Government and Justice",Common Core Algebra,Algebra_I,2022,54.54,125,24.0,76.0,0.0,0.0,57,General Academic,0.0,0.0,14.0,92.0,24.0,11.0,1.0,84.0,20.0,18.0,20.0,"BRONX SCHOOL FOR LAW, GOV, JUSTICE",800000045609.0,40.827461,-73.919024,10451,High Bridge - Morrisania
72X505,"Bronx School for Law, Government and Justice",Common Core English,ELA,2022,71.4,222,21.17,78.83,0.0,0.0,57,General Academic,0.0,0.0,14.0,92.0,24.0,11.0,1.0,84.0,20.0,18.0,19.0,"BRONX SCHOOL FOR LAW, GOV, JUSTICE",800000045609.0,40.827461,-73.919024,10451,High Bridge - Morrisania
72X551,The Urban Assembly Bronx Academy of Letters,Common Core Algebra,Algebra_I,2022,48.8,66,0.0,100.0,0.0,0.0,51,General Academic,0.0,0.0,16.0,95.0,30.0,15.0,1.0,74.0,19.0,21.0,19.0,URBAN ASSEMBLY BRONX OF LETTERS,800000057149.0,40.813681,-73.925995,10451,High Bridge - Morrisania
72X551,The Urban Assembly Bronx Academy of Letters,Common Core English,ELA,2022,60.81,73,30.14,69.86,0.0,0.0,51,General Academic,0.0,0.0,16.0,95.0,30.0,15.0,1.0,74.0,19.0,21.0,20.0,URBAN ASSEMBLY BRONX OF LETTERS,800000057149.0,40.813681,-73.925995,10451,High Bridge - Morrisania
72X551,The Urban Assembly Bronx Academy of Letters,Living Environment,Living_Env,2022,52.57,180,35.56,64.44,0.0,0.0,51,General Academic,0.0,0.0,16.0,95.0,30.0,15.0,1.0,74.0,19.0,21.0,21.0,URBAN ASSEMBLY BRONX OF LETTERS,800000057149.0,40.813681,-73.925995,10451,High Bridge - Morrisania
73K404,Academy for Young Writers,Living Environment,Living_Env,2022,59.55,78,67.95,32.05,0.0,0.0,51,General Academic,0.0,0.0,4.0,91.0,25.0,9.0,1.0,78.0,21.0,24.0,24.0,ACADEMY FOR YOUNG WRITERS,800000059604.0,40.657266,-73.874064,11239,Canarsie - Flatlands
73K404,Academy for Young Writers,Common Core Algebra,Algebra_I,2022,56.25,82,69.51,30.49,0.0,0.0,51,General Academic,0.0,0.0,4.0,91.0,25.0,9.0,1.0,78.0,21.0,24.0,21.0,ACADEMY FOR YOUNG WRITERS,800000059604.0,40.657266,-73.874064,11239,Canarsie - Flatlands
73K404,Academy for Young Writers,Common Core English,ELA,2022,69.1,91,62.64,37.36,0.0,0.0,51,General Academic,0.0,0.0,4.0,91.0,25.0,9.0,1.0,78.0,21.0,24.0,22.5,ACADEMY FOR YOUNG WRITERS,800000059604.0,40.657266,-73.874064,11239,Canarsie - Flatlands
73K409,East New York Family Academy,Common Core English,ELA,2022,68.94,74,79.73,20.27,0.0,0.0,53,General Academic,0.0,0.0,3.0,90.0,24.0,9.0,1.0,83.0,22.0,24.0,23.0,EAST NEW YORK FAMILY ACADEMY,800000043555.0,40.673766,-73.895976,11207,East New York
73K409,East New York Family Academy,Common Core Algebra,Algebra_I,2022,57.76,106,66.04,33.96,0.0,0.0,53,General Academic,0.0,0.0,3.0,90.0,24.0,9.0,1.0,83.0,22.0,24.0,22.0,EAST NEW YORK FAMILY ACADEMY,800000043555.0,40.673766,-73.895976,11207,East New York
73K409,East New York Family Academy,Living Environment,Living_Env,2022,58.69,108,67.59,32.41,0.0,0.0,53,General Academic,0.0,0.0,3.0,90.0,24.0,9.0,1.0,83.0,22.0,24.0,24.0,EAST NEW YORK FAMILY ACADEMY,800000043555.0,40.673766,-73.895976,11207,East New York
73K448,Brooklyn Collaborative Studies,Common Core English,ELA,2022,73.73,142,38.73,40.85,0.0,20.42,59,General Academic,0.0,0.0,7.0,63.0,26.0,7.0,1.0,82.0,33.0,34.0,33.5,BROOKLYN COLLABORATIVE STUDIES,800000057121.0,40.679462,-74.002022,11231,Downtown - Heights - Park Slope
73K543,"Science, Technology and Research Early College High School at Erasmus (STAR)",Common Core Algebra,Algebra_I,2022,68.23,88,68.18,22.73,9.09,0.0,41,General Academic,0.0,0.0,1.0,72.0,16.0,5.0,1.0,89.0,10.0,22.0,10.0,"SCIENCE, TECH & RESEARCH EARLY COLLE",800000057151.0,40.649602,-73.957173,11226,East Flatbush - Flatbush
73K543,"Science, Technology and Research Early College High School at Erasmus (STAR)",Common Core English,ELA,2022,76.9,107,70.09,18.69,11.21,0.0,41,General Academic,0.0,0.0,1.0,72.0,16.0,5.0,1.0,89.0,10.0,22.0,16.0,"SCIENCE, TECH & RESEARCH EARLY COLLE",800000057151.0,40.649602,-73.957173,11226,East Flatbush - Flatbush
73K543,"Science, Technology and Research Early College High School at Erasmus (STAR)",Living Environment,Living_Env,2022,71.2,129,74.42,18.6,6.98,0.0,41,General Academic,0.0,0.0,1.0,72.0,16.0,5.0,1.0,89.0,10.0,22.0,22.0,"SCIENCE, TECH & RESEARCH EARLY COLLE",800000057151.0,40.649602,-73.957173,11226,East Flatbush - Flatbush
73K586,Lyons Community School,Common Core Algebra,Algebra_I,2022,47.2,27,0.0,100.0,0.0,0.0,45,General Academic,0.0,0.0,11.0,87.0,34.0,13.0,1.0,69.0,,,,LYONS COMMUNITY SCHOOL,800000060396.0,40.709765,-73.944463,11206,Williamsburg - Bushwick
73K586,Lyons Community School,Common Core English,ELA,2022,64.19,38,44.74,55.26,0.0,0.0,45,General Academic,0.0,0.0,11.0,87.0,34.0,13.0,1.0,69.0,,,,LYONS COMMUNITY SCHOOL,800000060396.0,40.709765,-73.944463,11206,Williamsburg - Bushwick
73K590,Medgar Evers College Preparatory School,Common Core English,ELA,2022,79.29,220,92.73,7.27,0.0,0.0,65,General Academic,0.0,0.0,0.0,83.0,8.0,5.0,1.0,96.0,30.0,25.0,27.5,MEDGAR EVERS COLLEGE PREP SCHOOL,800000043472.0,40.66679,-73.951823,11225,East Flatbush - Flatbush
73K590,Medgar Evers College Preparatory School,Common Core Algebra,Algebra_I,2022,70.51,285,89.82,10.18,0.0,0.0,65,General Academic,0.0,0.0,0.0,83.0,8.0,5.0,1.0,96.0,30.0,25.0,30.0,MEDGAR EVERS COLLEGE PREP SCHOOL,800000043472.0,40.66679,-73.951823,11225,East Flatbush - Flatbush
73K590,Medgar Evers College Preparatory School,Living Environment,Living_Env,2022,72.42,295,90.17,9.83,0.0,0.0,65,General Academic,0.0,0.0,0.0,83.0,8.0,5.0,1.0,96.0,30.0,25.0,25.0,MEDGAR EVERS COLLEGE PREP SCHOOL,800000043472.0,40.66679,-73.951823,11225,East Flatbush - Flatbush
73K614,Young Women's Leadership School of Brooklyn,Common Core English,ELA,2022,77.33,44,47.73,52.27,0.0,0.0,27,General Academic,0.0,0.0,9.0,85.0,25.0,12.0,1.0,77.0,34.0,34.0,34.0,YOUNG WOMENS LEADERSHIP SCH-BROOKLY,800000062325.0,40.705005,-73.93879,11206,Williamsburg - Bushwick
73K614,Young Women's Leadership School of Brooklyn,Living Environment,Living_Env,2022,65.14,52,55.77,44.23,0.0,0.0,27,General Academic,0.0,0.0,9.0,85.0,25.0,12.0,1.0,77.0,34.0,34.0,34.0,YOUNG WOMENS LEADERSHIP SCH-BROOKLY,800000062325.0,40.705005,-73.93879,11206,Williamsburg - Bushwick
73K614,Young Women's Leadership School of Brooklyn,Common Core Algebra,Algebra_I,2022,61.62,57,57.89,42.11,0.0,0.0,27,General Academic,0.0,0.0,9.0,85.0,25.0,12.0,1.0,77.0,34.0,34.0,34.0,YOUNG WOMENS LEADERSHIP SCH-BROOKLY,800000062325.0,40.705005,-73.93879,11206,Williamsburg - Bushwick
76K464,Park Slope Collegiate,Living Environment,Living_Env,2022,65.63,95,17.89,52.63,0.0,29.47,54,General Academic,0.0,0.0,7.0,65.0,27.0,6.0,1.0,83.0,18.0,19.0,19.0,PARK SLOPE COLLEGIATE,800000057170.0,40.669255,-73.97858,11215,Downtown - Heights - Park Slope
76K464,Park Slope Collegiate,Common Core Algebra,Algebra_I,2022,59.83,115,23.48,52.17,0.0,24.35,54,General Academic,0.0,0.0,7.0,65.0,27.0,6.0,1.0,83.0,18.0,19.0,18.0,PARK SLOPE COLLEGIATE,800000057170.0,40.669255,-73.97858,11215,Downtown - Heights - Park Slope
76K468,Kingsborough Early College School,Living Environment,Living_Env,2022,72.66,90,27.78,44.44,0.0,27.78,46,General Academic,0.0,0.0,5.0,73.0,19.0,6.0,1.0,83.0,10.0,22.0,22.0,KINGSBOROUGH EARLY COLLEGE SCHOOL,800000059703.0,40.593028,-73.986313,11214,Bensonhurst - Bay Ridge
76K468,Kingsborough Early College School,Common Core English,ELA,2022,78.57,114,24.56,32.46,8.77,34.21,46,General Academic,0.0,0.0,5.0,73.0,19.0,6.0,1.0,83.0,10.0,22.0,16.0,KINGSBOROUGH EARLY COLLEGE SCHOOL,800000059703.0,40.593028,-73.986313,11214,Bensonhurst - Bay Ridge
76K468,Kingsborough Early College School,Common Core Algebra,Algebra_I,2022,68.36,151,31.13,41.06,0.0,27.81,46,General Academic,0.0,0.0,5.0,73.0,19.0,6.0,1.0,83.0,10.0,22.0,10.0,KINGSBOROUGH EARLY COLLEGE SCHOOL,800000059703.0,40.593028,-73.986313,11214,Bensonhurst - Bay Ridge
76K497,The Boerum Hill School for International Studies,Living Environment,Living_Env,2022,65.15,95,31.58,32.63,0.0,35.79,68,General Academic,0.0,0.0,6.0,48.0,22.0,4.0,1.0,84.0,22.0,23.0,23.0,BOERUM HILL SCHOOL FOR INTERNATIONAL,800000043481.0,40.685006,-73.993293,11201,Downtown - Heights - Park Slope
76K497,The Boerum Hill School for International Studies,Common Core Algebra,Algebra_I,2022,58.66,148,30.41,19.59,0.0,50.0,68,General Academic,0.0,0.0,6.0,48.0,22.0,4.0,1.0,84.0,22.0,23.0,22.0,BOERUM HILL SCHOOL FOR INTERNATIONAL,800000043481.0,40.685006,-73.993293,11201,Downtown - Heights - Park Slope
76K497,The Boerum Hill School for International Studies,Common Core English,ELA,2022,68.82,204,25.98,24.51,2.94,46.57,68,General Academic,0.0,0.0,6.0,48.0,22.0,4.0,1.0,84.0,22.0,23.0,22.5,BOERUM HILL SCHOOL FOR INTERNATIONAL,800000043481.0,40.685006,-73.993293,11201,Downtown - Heights - Park Slope
76K527,Urban Assembly Institute of Math and Science for Young Women,Living Environment,Living_Env,2022,56.77,27,51.85,25.93,0.0,22.22,37,General Academic,0.0,0.0,9.0,85.0,18.0,10.0,1.0,80.0,24.0,26.0,26.0,URBAN ASSEMBLY INST OF MATH AND SCIE,800000059617.0,40.694629,-73.988323,11201,Downtown - Heights - Park Slope
76K527,Urban Assembly Institute of Math and Science for Young Women,Common Core Algebra,Algebra_I,2022,59.82,59,50.85,0.0,23.73,25.42,37,General Academic,0.0,0.0,9.0,85.0,18.0,10.0,1.0,80.0,24.0,26.0,24.0,URBAN ASSEMBLY INST OF MATH AND SCIE,800000059617.0,40.694629,-73.988323,11201,Downtown - Heights - Park Slope
76K527,Urban Assembly Institute of Math and Science for Young Women,Common Core English,ELA,2022,61.77,101,58.42,23.76,0.0,17.82,37,General Academic,0.0,0.0,9.0,85.0,18.0,10.0,1.0,80.0,24.0,26.0,25.0,URBAN ASSEMBLY INST OF MATH AND SCIE,800000059617.0,40.694629,-73.988323,11201,Downtown - Heights - Park Slope
76K609,Urban Assembly School for Leadership and Empowerment,Living Environment,Living_Env,2022,70.75,46,0.0,28.26,45.65,26.09,48,General Academic,0.0,0.0,15.0,87.0,15.0,9.0,1.0,82.0,23.0,22.0,22.0,URBAN ASSEMBLY SCHL-LEADER-EMPOWER,800000060380.0,40.63497525,-73.98180529,11219,Borough Park
76K609,Urban Assembly School for Leadership and Empowerment,Common Core English,ELA,2022,79.28,74,0.0,24.32,51.35,24.32,48,General Academic,0.0,0.0,15.0,87.0,15.0,9.0,1.0,82.0,23.0,22.0,22.5,URBAN ASSEMBLY SCHL-LEADER-EMPOWER,800000060380.0,40.63497525,-73.98180529,11219,Borough Park
76K609,Urban Assembly School for Leadership and Empowerment,Common Core Algebra,Algebra_I,2022,63.55,105,12.38,22.86,42.86,21.9,48,General Academic,0.0,0.0,15.0,87.0,15.0,9.0,1.0,82.0,23.0,22.0,23.0,URBAN ASSEMBLY SCHL-LEADER-EMPOWER,800000060380.0,40.63497525,-73.98180529,11219,Borough Park
77Q259,Pathways College Preparatory School: A College Board School,Living Environment,Living_Env,2022,63.25,90,92.22,0.0,7.78,0.0,49,General Academic,0.0,0.0,3.0,77.0,17.0,7.0,1.0,89.0,15.0,24.0,24.0,PATHWAYS COLLEGE PREPARATORY SCHOOL,800000059095.0,40.705989,-73.752885,11412,Jamaica
77Q259,Pathways College Preparatory School: A College Board School,Common Core Algebra,Algebra_I,2022,54.53,92,85.87,6.52,7.61,0.0,49,General Academic,0.0,0.0,3.0,77.0,17.0,7.0,1.0,89.0,15.0,24.0,15.0,PATHWAYS COLLEGE PREPARATORY SCHOOL,800000059095.0,40.705989,-73.752885,11412,Jamaica
77Q259,Pathways College Preparatory School: A College Board School,Common Core English,ELA,2022,73.9,97,84.54,6.19,9.28,0.0,49,General Academic,0.0,0.0,3.0,77.0,17.0,7.0,1.0,89.0,15.0,24.0,19.5,PATHWAYS COLLEGE PREPARATORY SCHOOL,800000059095.0,40.705989,-73.752885,11412,Jamaica
77Q262,Channel View School for Research,Common Core English,ELA,2022,73.43,95,38.95,47.37,13.68,0.0,97,General Academic,0.0,0.0,4.0,70.0,17.0,4.0,1.0,86.0,19.0,29.0,24.0,CHANNEL VIEW SCHOOL FOR RESEARCH,800000057994.0,40.586012,-73.825317,11694,Rockaway
77Q262,Channel View School for Research,Common Core Algebra,Algebra_I,2022,61.48,228,40.79,45.61,6.58,7.02,97,General Academic,0.0,0.0,4.0,70.0,17.0,4.0,1.0,86.0,19.0,29.0,19.0,CHANNEL VIEW SCHOOL FOR RESEARCH,800000057994.0,40.586012,-73.825317,11694,Rockaway
77Q262,Channel View School for Research,Living Environment,Living_Env,2022,64.77,235,41.28,45.11,5.96,7.66,97,General Academic,0.0,0.0,4.0,70.0,17.0,4.0,1.0,86.0,19.0,29.0,29.0,CHANNEL VIEW SCHOOL FOR RESEARCH,800000057994.0,40.586012,-73.825317,11694,Rockaway
77Q281,East-West School of International Studies,Common Core English,ELA,2022,78.07,93,0.0,25.81,74.19,0.0,62,General Academic,0.0,0.0,13.0,82.0,14.0,0.0,1.0,91.0,24.0,23.0,23.5,EAST-WEST SCHOOL OF INTERNATION STUD,800000059623.0,40.74943,-73.821402,11355,Flushing - Clearview
77Q281,East-West School of International Studies,Living Environment,Living_Env,2022,82.01,125,4.8,16.8,78.4,0.0,62,General Academic,0.0,0.0,13.0,82.0,14.0,0.0,1.0,91.0,24.0,23.0,23.0,EAST-WEST SCHOOL OF INTERNATION STUD,800000059623.0,40.74943,-73.821402,11355,Flushing - Clearview
77Q281,East-West School of International Studies,Common Core Algebra,Algebra_I,2022,75.12,130,4.62,16.92,78.46,0.0,62,General Academic,0.0,0.0,13.0,82.0,14.0,0.0,1.0,91.0,24.0,23.0,24.0,EAST-WEST SCHOOL OF INTERNATION STUD,800000059623.0,40.74943,-73.821402,11355,Flushing - Clearview
77Q284,York Early College Academy,Living Environment,Living_Env,2022,72.09,75,53.33,14.67,32.0,0.0,33,General Academic,0.0,0.0,1.0,75.0,16.0,2.0,1.0,90.0,18.0,27.0,27.0,YORK EARLY COLLEGE ACADEMY,800000059621.0,40.69691,-73.786403,11433,Jamaica
77Q284,York Early College Academy,Common Core Algebra,Algebra_I,2022,65.96,84,54.76,14.29,30.95,0.0,33,General Academic,0.0,0.0,1.0,75.0,16.0,2.0,1.0,90.0,18.0,27.0,18.0,YORK EARLY COLLEGE ACADEMY,800000059621.0,40.69691,-73.786403,11433,Jamaica
77Q309,Academy of Medical Technology: A College Board Sch,Common Core English,ELA,2022,68.4,13,100.0,0.0,0.0,0.0,50,General Academic,0.0,0.0,17.0,83.0,18.0,11.0,1.0,77.0,23.0,24.0,23.5,ACADEMY OF MEDICAL TECHNOLOGY,800000062363.0,40.601537,-73.763995,11691,Rockaway
77Q309,Academy of Medical Technology: A College Board Sch,Common Core Algebra,Algebra_I,2022,61.1,78,52.56,47.44,0.0,0.0,50,General Academic,0.0,0.0,17.0,83.0,18.0,11.0,1.0,77.0,23.0,24.0,23.0,ACADEMY OF MEDICAL TECHNOLOGY,800000062363.0,40.601537,-73.763995,11691,Rockaway
77Q309,Academy of Medical Technology: A College Board Sch,Living Environment,Living_Env,2022,62.77,82,45.12,54.88,0.0,0.0,50,General Academic,0.0,0.0,17.0,83.0,18.0,11.0,1.0,77.0,23.0,24.0,24.0,ACADEMY OF MEDICAL TECHNOLOGY,800000062363.0,40.601537,-73.763995,11691,Rockaway
77Q310,Queens Collegiate: A College Board School,Common Core English,ELA,2022,46.95,14,50.0,50.0,0.0,0.0,41,General Academic,0.0,0.0,9.0,85.0,16.0,5.0,1.0,84.0,16.0,21.0,18.5,QUEENS COLLEGIATE,800000062364.0,40.714551,-73.798658,11432,Jamaica
77Q310,Queens Collegiate: A College Board School,Common Core Algebra,Algebra_I,2022,60.43,86,39.53,31.4,29.07,0.0,41,General Academic,0.0,0.0,9.0,85.0,16.0,5.0,1.0,84.0,16.0,21.0,16.0,QUEENS COLLEGIATE,800000062364.0,40.714551,-73.798658,11432,Jamaica
77Q310,Queens Collegiate: A College Board School,Living Environment,Living_Env,2022,63.34,114,41.23,29.82,28.95,0.0,41,General Academic,0.0,0.0,9.0,85.0,16.0,5.0,1.0,84.0,16.0,21.0,21.0,QUEENS COLLEGIATE,800000062364.0,40.714551,-73.798658,11432,Jamaica
