DBN	School Name	Regents Exam	Exam	Year	Mean Score	Total Tested	Black_Percent	Hispanic_Percent	Asian_Percent	White_Percent	Teacher_Count	School Type	CTE	Transfer	ELL_Percent	EconDisadvantaged_Pct	SpecialEd_Pct	Homeless_Pct	NeedsIndex	ATTENDANCE_RATE	ClassSize_Algebra	ClassSize_Biology	ClassSize	NYSED_School_Name	INSTITUTION_ID	latitude	longitude	ZIP Code	Neighborhood
02M546	Academy for Software Engineering	Common Core Algebra	Algebra_I	2023	60.26	79	29.11	59.49	11.39	0	32	Career Technical	1	0	7	82	25	13	1	82	19	21	19	ACADEMY FOR SOFTWARE ENGINEERING	8E+11	40.735361	-73.987064	10003	Union Square - Lower East Side
02M546	Academy for Software Engineering	Living Environment	Living_Env	2023	61.41	88	25	63.64	11.36	0	32	Career Technical	1	0	7	82	25	13	1	82	19	21	21	ACADEMY FOR SOFTWARE ENGINEERING	8E+11	40.735361	-73.987064	10003	Union Square - Lower East Side
02M546	Academy for Software Engineering	Common Core English	ELA	2023	71.87	183	32.24	48.63	14.21	4.92	32	Career Technical	1	0	7	82	25	13	1	82	19	21	20	ACADEMY FOR SOFTWARE ENGINEERING	8E+11	40.735361	-73.987064	10003	Union Square - Lower East Side
07X625	Bronxdale High School	Living Environment	Living_Env	2023	57.34	77	28.57	61.04	0	10.39	16	General Academic	0	0	16	94	22	22	1	86	25	18	18	BRONX LEGACY HIGH SCHOOL	8E+11	40.860443	-73.860729	10469	Northeast Bronx
07X625	Bronxdale High School	Common Core Algebra	Algebra_I	2023	59.77	82	34.15	57.32	0	8.54	16	General Academic	0	0	16	94	22	22	1	86	25	18	25	BRONX LEGACY HIGH SCHOOL	8E+11	40.860443	-73.860729	10469	Northeast Bronx
07X625	Bronxdale High School	Common Core English	ELA	2023	64.19	103	33.98	57.28	0	8.74	16	General Academic	0	0	16	94	22	22	1	86	25	18	21.5	BRONX LEGACY HIGH SCHOOL	8E+11	40.860443	-73.860729	10469	Northeast Bronx
72X508	Bronxdale High School	Living Environment	Living_Env	2023	57.34	77	28.57	61.04	0	10.39	41	General Academic	0	0	6	89	26	5	1	87	13	14	14	BRONXDALE HIGH SCHOOL	8E+11	40.860443	-73.860729	10469	Northeast Bronx
72X508	Bronxdale High School	Common Core Algebra	Algebra_I	2023	59.77	82	34.15	57.32	0	8.54	41	General Academic	0	0	6	89	26	5	1	87	13	14	13	BRONXDALE HIGH SCHOOL	8E+11	40.860443	-73.860729	10469	Northeast Bronx
72X508	Bronxdale High School	Common Core English	ELA	2023	64.19	103	33.98	57.28	0	8.74	41	General Academic	0	0	6	89	26	5	1	87	13	14	13.5	BRONXDALE HIGH SCHOOL	8E+11	40.860443	-73.860729	10469	Northeast Bronx
08X537	Bronx Arena High School	Living Environment	Living_Env	2023	61.8	10	0	100	0	0	14	Transfer School	0	1	3	89	25	14	1	50	21	2	2	BRONX ARENA HIGH SCHOOL	8E+11	40.820486	-73.881187	10473	Pelham - Throgs Neck
08X537	Bronx Arena High School	Common Core English	ELA	2023	62.2	34	44.12	55.88	0	0	14	Transfer School	0	1	3	89	25	14	1	50	21	2	11.5	BRONX ARENA HIGH SCHOOL	8E+11	40.820486	-73.881187	10473	Pelham - Throgs Neck
30Q417	A-Tech High School	Living Environment	Living_Env	2023	67.7	100	46	54	0	0	7	Career Technical	1	0	7	77	19	7	1	88	20	17	17	GOTHAM TECH HIGH SCHOOL	8E+11	40.721448	-73.953328	11222	Greenpoint
30Q417	A-Tech High School	Common Core English	ELA	2023	69.53	134	33.58	66.42	0	0	7	Career Technical	1	0	7	77	19	7	1	88	20	17	18.5	GOTHAM TECH HIGH SCHOOL	8E+11	40.721448	-73.953328	11222	Greenpoint
30Q417	A-Tech High School	Common Core Algebra	Algebra_I	2023	61.76	172	44.77	55.23	0	0	7	Career Technical	1	0	7	77	19	7	1	88	20	17	20	GOTHAM TECH HIGH SCHOOL	8E+11	40.721448	-73.953328	11222	Greenpoint
76K610	A-Tech High School	Living Environment	Living_Env	2023	67.7	100	46	54	0	0	36	Career Technical	1	0	8	89	35	11	1	88	18	23	23	A-TECH HIGH SCHOOL	8E+11	40.721448	-73.953328	11222	Greenpoint
76K610	A-Tech High School	Common Core English	ELA	2023	69.53	134	33.58	66.42	0	0	36	Career Technical	1	0	8	89	35	11	1	88	18	23	20.5	A-TECH HIGH SCHOOL	8E+11	40.721448	-73.953328	11222	Greenpoint
76K610	A-Tech High School	Common Core Algebra	Algebra_I	2023	61.76	172	44.77	55.23	0	0	36	Career Technical	1	0	8	89	35	11	1	88	18	23	18	A-TECH HIGH SCHOOL	8E+11	40.721448	-73.953328	11222	Greenpoint
71M047	"47" The American Sign Language and English Secondary School	Living Environment	Living_Env	2023	61.4	25	0	100	0	0	35	Special Education	0	0	4	84	26	11	1	79	10	10	10	AMERICAN SIGN LANG & ENG SECONDAR	8E+11	40.738374	-73.981329	10010	Gramercy Park - Murray Hill
71M047	"47" The American Sign Language and English Secondary School	Common Core Algebra	Algebra_I	2023	62.1	35	0	100	0	0	35	Special Education	0	0	4	84	26	11	1	79	10	10	10	AMERICAN SIGN LANG & ENG SECONDAR	8E+11	40.738374	-73.981329	10010	Gramercy Park - Murray Hill
71M047	"47" The American Sign Language and English Secondary School	Common Core English	ELA	2023	71.4	49	0	100	0	0	35	Special Education	0	0	4	84	26	11	1	79	10	10	10	AMERICAN SIGN LANG & ENG SECONDAR	8E+11	40.738374	-73.981329	10010	Gramercy Park - Murray Hill
71M135	The Urban Assembly School for Emergency Management	Living Environment	Living_Env	2023	59.56	44	22.73	77.27	0	0	25	Career Technical	1	0	7	84	22	14	1	84	13	14	14	URBAN ASSEMBLY-EMERGENCY MANAGEMENT	8E+11	40.711441	-74.000851	10038	Lower Manhattam
71M135	The Urban Assembly School for Emergency Management	Common Core Algebra	Algebra_I	2023	61.59	83	31.33	68.67	0	0	25	Career Technical	1	0	7	84	22	14	1	84	13	14	13	URBAN ASSEMBLY-EMERGENCY MANAGEMENT	8E+11	40.711441	-74.000851	10038	Lower Manhattam
71M135	The Urban Assembly School for Emergency Management	Common Core English	ELA	2023	70.86	88	42.05	57.95	0	0	25	Career Technical	1	0	7	84	22	14	1	84	13	14	13.5	URBAN ASSEMBLY-EMERGENCY MANAGEMENT	8E+11	40.711441	-74.000851	10038	Lower Manhattam
71M139	Stephen T. Mather Building Arts & Craftsmanship High School	Living Environment	Living_Env	2023	57.64	67	34.33	65.67	0	0	35	Career Technical	1	0	5	85	29	6	1	80	20	18	18	STEPHEN T MATHER BLDG ARTS-CRAFTSMAN	8E+11	40.763655	-73.990318	10019	Chelsea - Clinton
71M139	Stephen T. Mather Building Arts & Craftsmanship High School	Common Core Algebra	Algebra_I	2023	54.89	74	40.54	59.46	0	0	35	Career Technical	1	0	5	85	29	6	1	80	20	18	20	STEPHEN T MATHER BLDG ARTS-CRAFTSMAN	8E+11	40.763655	-73.990318	10019	Chelsea - Clinton
71M139	Stephen T. Mather Building Arts & Craftsmanship High School	Common Core English	ELA	2023	61.91	100	33	67	0	0	35	Career Technical	1	0	5	85	29	6	1	80	20	18	19	STEPHEN T MATHER BLDG ARTS-CRAFTSMAN	8E+11	40.763655	-73.990318	10019	Chelsea - Clinton
71M157	The Urban Assembly School for Global Commerce	Common Core English	ELA	2023	76.6	26	100	0	0	0	21	Career Technical	1	0	9	89	38	23	1	75	11	18	14.5	URBAN ASSEMBLY-GLOBAL COMMERCE	8E+11	40.807019	-73.938714	10035	East Harlem
71M157	The Urban Assembly School for Global Commerce	Common Core Algebra	Algebra_I	2023	61.4	31	100	0	0	0	21	Career Technical	1	0	9	89	38	23	1	75	11	18	11	URBAN ASSEMBLY-GLOBAL COMMERCE	8E+11	40.807019	-73.938714	10035	East Harlem
71M157	The Urban Assembly School for Global Commerce	Living Environment	Living_Env	2023	59.8	45	66.67	33.33	0	0	21	Career Technical	1	0	9	89	38	23	1	75	11	18	18	URBAN ASSEMBLY-GLOBAL COMMERCE	8E+11	40.807019	-73.938714	10035	East Harlem
71M211	Inwood Early College For Health And Information Technologies	Living Environment	Living_Env	2023	61.8	85	0	100	0	0	37	Career Technical	1	0	16	94	26	16	1	83	20	22	22	INWOOD EARLY COLLEGE FOR HEALTH-INFO	8E+11	40.865556	-73.925464	10034	Washington Heights - Inwood
71M211	Inwood Early College For Health And Information Technologies	Common Core English	ELA	2023	63.8	127	0	100	0	0	37	Career Technical	1	0	16	94	26	16	1	83	20	22	21	INWOOD EARLY COLLEGE FOR HEALTH-INFO	8E+11	40.865556	-73.925464	10034	Washington Heights - Inwood
71M211	Inwood Early College For Health And Information Technologies	Common Core Algebra	Algebra_I	2023	61.2	152	4.61	95.39	0	0	37	Career Technical	1	0	16	94	26	16	1	83	20	22	20	INWOOD EARLY COLLEGE FOR HEALTH-INFO	8E+11	40.865556	-73.925464	10034	Washington Heights - Inwood
71M280	Manhattan Early College School for Advertising	Living Environment	Living_Env	2023	74.16	35	45.71	54.29	0	0	38	Career Technical	1	0	4	82	20	13	1	84	18	22	22	MANHATTAN EARLY COLLEGE SCH-ADVERTIS	8E+11	40.711441	-74.000851	10038	Lower Manhattam
71M280	Manhattan Early College School for Advertising	Common Core Algebra	Algebra_I	2023	63.41	63	38.1	61.9	0	0	38	Career Technical	1	0	4	82	20	13	1	84	18	22	18	MANHATTAN EARLY COLLEGE SCH-ADVERTIS	8E+11	40.711441	-74.000851	10038	Lower Manhattam
71M280	Manhattan Early College School for Advertising	Common Core English	ELA	2023	74.01	91	25.27	61.54	13.19	0	38	Career Technical	1	0	4	82	20	13	1	84	18	22	20	MANHATTAN EARLY COLLEGE SCH-ADVERTIS	8E+11	40.711441	-74.000851	10038	Lower Manhattam
71M282	Urban Assembly Maker Academy	Living Environment	Living_Env	2023	66.34	78	37.18	46.15	0	16.67	46	Career Technical	1	0	5	74	25	9	1	86	21	26	26	URBAN ASSEMBLY MAKER ACADEMY	8E+11	40.711441	-74.000851	10038	Lower Manhattam
71M282	Urban Assembly Maker Academy	Common Core English	ELA	2023	73.36	154	27.27	53.25	9.74	9.74	46	Career Technical	1	0	5	74	25	9	1	86	21	26	23.5	URBAN ASSEMBLY MAKER ACADEMY	8E+11	40.711441	-74.000851	10038	Lower Manhattam
71M282	Urban Assembly Maker Academy	Common Core Algebra	Algebra_I	2023	64.19	182	31.87	55.49	0	12.64	46	Career Technical	1	0	5	74	25	9	1	86	21	26	21	URBAN ASSEMBLY MAKER ACADEMY	8E+11	40.711441	-74.000851	10038	Lower Manhattam
71M285	Harlem Renaissance High School	Common Core English	ELA	2023	65.4	28	100	0	0	0	13	Transfer School	0	1	6	82	29	14	1	60	7	8	7.5	HARLEM RENAISSANCE HIGH SCHOOL	8E+11	40.807692	-73.939974	10035	East Harlem
71M288	Food and Finance High School	Common Core Algebra	Algebra_I	2023	56.46	88	40.91	59.09	0	0	32	Career Technical	1	0	5	85	26	11	1	87	24	25	24	FOOD AND FINANCE HIGH SCHOOL	8E+11	40.765474	-73.9927	10019	Chelsea - Clinton
71M288	Food and Finance High School	Living Environment	Living_Env	2023	64.51	95	41.05	58.95	0	0	32	Career Technical	1	0	5	85	26	11	1	87	24	25	25	FOOD AND FINANCE HIGH SCHOOL	8E+11	40.765474	-73.9927	10019	Chelsea - Clinton
71M288	Food and Finance High School	Common Core English	ELA	2023	70.9	100	40	60	0	0	32	Career Technical	1	0	5	85	26	11	1	87	24	25	24.5	FOOD AND FINANCE HIGH SCHOOL	8E+11	40.765474	-73.9927	10019	Chelsea - Clinton
71M292	Orchard Collegiate Academy	Common Core Algebra	Algebra_I	2023	59.67	43	23.26	76.74	0	0	25	General Academic	0	0	6	84	26	14	1	81	20	21	20	ORCHARD COLLEGIATE ACADEMY	8E+11	40.713362	-73.986051	10002	Union Square - Lower East Side
71M292	Orchard Collegiate Academy	Living Environment	Living_Env	2023	67.79	46	21.74	65.22	13.04	0	25	General Academic	0	0	6	84	26	14	1	81	20	21	21	ORCHARD COLLEGIATE ACADEMY	8E+11	40.713362	-73.986051	10002	Union Square - Lower East Side
71M292	Orchard Collegiate Academy	Common Core English	ELA	2023	74.82	65	24.62	60	15.38	0	25	General Academic	0	0	6	84	26	14	1	81	20	21	20.5	ORCHARD COLLEGIATE ACADEMY	8E+11	40.713362	-73.986051	10002	Union Square - Lower East Side
71M296	High School of Hospitality Management	Living Environment	Living_Env	2023	68.6	17	0	100	0	0	20	General Academic	0	0	9	86	23	12	1	73	14	14	14	HIGH SCHOOL OF HOSPITALITY MGMNT	8E+11	40.765474	-73.9927	10019	Chelsea - Clinton
71M296	High School of Hospitality Management	Common Core Algebra	Algebra_I	2023	56.1	37	0	100	0	0	20	General Academic	0	0	9	86	23	12	1	73	14	14	14	HIGH SCHOOL OF HOSPITALITY MGMNT	8E+11	40.765474	-73.9927	10019	Chelsea - Clinton
71M296	High School of Hospitality Management	Common Core English	ELA	2023	77.04	48	18.75	81.25	0	0	20	General Academic	0	0	9	86	23	12	1	73	14	14	14	HIGH SCHOOL OF HOSPITALITY MGMNT	8E+11	40.765474	-73.9927	10019	Chelsea - Clinton
71M298	Pace High School	Living Environment	Living_Env	2023	60.13	97	32.99	52.58	14.43	0	45	General Academic	0	0	5	74	22	8	1	77	22	23	23	PACE HIGH SCHOOL	8E+11	40.716231	-73.993607	10002	Union Square - Lower East Side
71M298	Pace High School	Common Core Algebra	Algebra_I	2023	62.76	107	29.91	58.88	11.21	0	45	General Academic	0	0	5	74	22	8	1	77	22	23	22	PACE HIGH SCHOOL	8E+11	40.716231	-73.993607	10002	Union Square - Lower East Side
71M298	Pace High School	Common Core English	ELA	2023	76.58	146	30.14	55.48	14.38	0	45	General Academic	0	0	5	74	22	8	1	77	22	23	22.5	PACE HIGH SCHOOL	8E+11	40.716231	-73.993607	10002	Union Square - Lower East Side
71M479	Pace High School	Living Environment	Living_Env	2023	60.13	97	32.99	52.58	14.43	0	84	General Academic	0	0	1	45	22	2	1	93	24	32	32	BEACON HIGH SCHOOL	8E+11	40.716231	-73.993607	10002	Union Square - Lower East Side
71M479	Pace High School	Common Core Algebra	Algebra_I	2023	62.76	107	29.91	58.88	11.21	0	84	General Academic	0	0	1	45	22	2	1	93	24	32	24	BEACON HIGH SCHOOL	8E+11	40.716231	-73.993607	10002	Union Square - Lower East Side
71M479	Pace High School	Common Core English	ELA	2023	76.58	146	30.14	55.48	14.38	0	84	General Academic	0	0	1	45	22	2	1	93	24	32	28	BEACON HIGH SCHOOL	8E+11	40.716231	-73.993607	10002	Union Square - Lower East Side
71M299	The Maxine Greene HS for Imaginative Inquiry	Common Core English	ELA	2023	67.4	24	25	75	0	0	14	General Academic	0	0	15	87	31	10	1	74	16	15	15.5	MAXINE GREENE HS-IMAGINATIVE INQUIRY	8E+11	40.774891	-73.985608	10023	Upper West Side
71M299	The Maxine Greene HS for Imaginative Inquiry	Common Core Algebra	Algebra_I	2023	59	25	0	100	0	0	14	General Academic	0	0	15	87	31	10	1	74	16	15	16	MAXINE GREENE HS-IMAGINATIVE INQUIRY	8E+11	40.774891	-73.985608	10023	Upper West Side
71M299	The Maxine Greene HS for Imaginative Inquiry	Living Environment	Living_Env	2023	62.17	33	30.3	69.7	0	0	14	General Academic	0	0	15	87	31	10	1	74	16	15	15	MAXINE GREENE HS-IMAGINATIVE INQUIRY	8E+11	40.774891	-73.985608	10023	Upper West Side
71M300	Urban Assembly School of Design and Construction	Living Environment	Living_Env	2023	56.76	38	39.47	60.53	0	0	26	General Academic	0	0	5	80	28	14	1	77	14	22	22	URBAN ASSMBLY SCH-DESIGN & CONST	8E+11	40.765474	-73.9927	10019	Chelsea - Clinton
71M300	Urban Assembly School of Design and Construction	Common Core Algebra	Algebra_I	2023	51.46	46	34.78	65.22	0	0	26	General Academic	0	0	5	80	28	14	1	77	14	22	14	URBAN ASSMBLY SCH-DESIGN & CONST	8E+11	40.765474	-73.9927	10019	Chelsea - Clinton
71M300	Urban Assembly School of Design and Construction	Common Core English	ELA	2023	76.97	60	23.33	76.67	0	0	26	General Academic	0	0	5	80	28	14	1	77	14	22	18	URBAN ASSMBLY SCH-DESIGN & CONST	8E+11	40.765474	-73.9927	10019	Chelsea - Clinton
71M303	The Facing History School	Common Core English	ELA	2023	65.23	93	24.73	75.27	0	0	31	General Academic	0	0	10	86	29	13	1	78	14	25	19.5	FACING HISTORY SCHOOL	8E+11	40.765474	-73.9927	10019	Chelsea - Clinton
71M304	Mott Hall High School	Common Core English	ELA	2023	74.3	27	0	100	0	0	17	General Academic	0	0	16	91	28	20	1	72	34		34	MOTT HALL HIGH SCHOOL	8E+11	40.817228	-73.947151	10030	Central Harlem - Morningside Heights
71M304	Mott Hall High School	Common Core Algebra	Algebra_I	2023	50.89	45	37.78	62.22	0	0	17	General Academic	0	0	16	91	28	20	1	72	34		34	MOTT HALL HIGH SCHOOL	8E+11	40.817228	-73.947151	10030	Central Harlem - Morningside Heights
71M305	The Urban Assembly Academy of Government and Law	Living Environment	Living_Env	2023	63.87	38	44.74	55.26	0	0	24	General Academic	0	0	5	87	19	11	1	80	18	21	21	URBAN ACADEMY-GOVERNMENT & LAW	8E+11	40.717329	-73.989329	10002	Union Square - Lower East Side
71M305	The Urban Assembly Academy of Government and Law	Common Core Algebra	Algebra_I	2023	58.49	50	42	58	0	0	24	General Academic	0	0	5	87	19	11	1	80	18	21	18	URBAN ACADEMY-GOVERNMENT & LAW	8E+11	40.717329	-73.989329	10002	Union Square - Lower East Side
71M305	The Urban Assembly Academy of Government and Law	Common Core English	ELA	2023	74.47	73	42.47	49.32	8.22	0	24	General Academic	0	0	5	87	19	11	1	80	18	21	19.5	URBAN ACADEMY-GOVERNMENT & LAW	8E+11	40.717329	-73.989329	10002	Union Square - Lower East Side
71M307	The Urban Assembly School for Media Studies (UAM)	Living Environment	Living_Env	2023	54.23	58	29.31	70.69	0	0	30	General Academic	0	0	7	88	20	12	1	78	16	17	17	URBAN ASSMBLY SCH-MEDIA STUDIES	8E+11	40.774891	-73.985608	10023	Upper West Side
71M307	The Urban Assembly School for Media Studies (UAM)	Common Core English	ELA	2023	58.05	79	41.77	58.23	0	0	30	General Academic	0	0	7	88	20	12	1	78	16	17	16.5	URBAN ASSMBLY SCH-MEDIA STUDIES	8E+11	40.774891	-73.985608	10023	Upper West Side
71M307	The Urban Assembly School for Media Studies (UAM)	Common Core Algebra	Algebra_I	2023	55.41	138	34.06	61.59	0	4.35	30	General Academic	0	0	7	88	20	12	1	78	16	17	16	URBAN ASSMBLY SCH-MEDIA STUDIES	8E+11	40.774891	-73.985608	10023	Upper West Side
71M308	Lower Manhattan Arts Academy	Living Environment	Living_Env	2023	58	32	46.88	53.12	0	0	26	General Academic	0	0	5	84	29	11	1	79	21	13	13	LOWER MANHATTAN ARTS ACADEMY	8E+11	40.717329	-73.989329	10002	Union Square - Lower East Side
71M308	Lower Manhattan Arts Academy	Common Core Algebra	Algebra_I	2023	54.96	66	42.42	57.58	0	0	26	General Academic	0	0	5	84	29	11	1	79	21	13	21	LOWER MANHATTAN ARTS ACADEMY	8E+11	40.717329	-73.989329	10002	Union Square - Lower East Side
71M308	Lower Manhattan Arts Academy	Common Core English	ELA	2023	69.69	78	37.18	48.72	14.1	0	26	General Academic	0	0	5	84	29	11	1	79	21	13	17	LOWER MANHATTAN ARTS ACADEMY	8E+11	40.717329	-73.989329	10002	Union Square - Lower East Side
71M316	Urban Assembly School of Business for Young Women	Common Core English	ELA	2023	70.7	13	0	100	0	0	9	General Academic	0	0	12	83	19	11	1	81	10	23	16.5	URBAN SCH-BUSINESS-YNG WOMEN	8E+11	40.705688	-74.013303	10004	Lower Manhattan
71M316	Urban Assembly School of Business for Young Women	Common Core Algebra	Algebra_I	2023	63.8	16	37.5	62.5	0	0	9	General Academic	0	0	12	83	19	11	1	81	10	23	10	URBAN SCH-BUSINESS-YNG WOMEN	8E+11	40.705688	-74.013303	10004	Lower Manhattan
71M369	Urban Assembly School for the Performing Arts	Common Core Algebra	Algebra_I	2023	57.2	33	100	0	0	0	24	General Academic	0	0	5	89	30	18	1	74	18	23	18	URBAN ASSEMBLY FOR THE PERFORM ARTS	8E+11	40.815747	-73.95552	10027	Central Harlem - Morningside Heights
71M369	Urban Assembly School for the Performing Arts	Common Core English	ELA	2023	63.4	52	100	0	0	0	24	General Academic	0	0	5	89	30	18	1	74	18	23	20.5	URBAN ASSEMBLY FOR THE PERFORM ARTS	8E+11	40.815747	-73.95552	10027	Central Harlem - Morningside Heights
71M369	Urban Assembly School for the Performing Arts	Living Environment	Living_Env	2023	55.75	69	57.97	42.03	0	0	24	General Academic	0	0	5	89	30	18	1	74	18	23	23	URBAN ASSEMBLY FOR THE PERFORM ARTS	8E+11	40.815747	-73.95552	10027	Central Harlem - Morningside Heights
71M374	Gramercy Arts High School	Living Environment	Living_Env	2023	68.07	82	36.59	46.34	0	17.07	37	General Academic	0	0	3	78	17	3	1	85	28	24	24	GRAMERCY ARTS HIGH SCHOOL	8E+11	40.735361	-73.987064	10003	Union Square - Lower East Side
71M374	Gramercy Arts High School	Common Core Algebra	Algebra_I	2023	66.96	105	40	48.57	0	11.43	37	General Academic	0	0	3	78	17	3	1	85	28	24	28	GRAMERCY ARTS HIGH SCHOOL	8E+11	40.735361	-73.987064	10003	Union Square - Lower East Side
71M374	Gramercy Arts High School	Common Core English	ELA	2023	74.43	240	30	58.75	0	11.25	37	General Academic	0	0	3	78	17	3	1	85	28	24	26	GRAMERCY ARTS HIGH SCHOOL	8E+11	40.735361	-73.987064	10003	Union Square - Lower East Side
71M376	NYC iSchool	Common Core Algebra	Algebra_I	2023	74.22	50	18	46	0	36	37	General Academic	0	0	2	56	25	4	1	87	18	27	18	NYC ISCHOOL	8E+11	40.72463	-74.005058	10013	Greenwich Village - SoHo
71M376	NYC iSchool	Living Environment	Living_Env	2023	74.68	51	15.69	37.25	11.76	35.29	37	General Academic	0	0	2	56	25	4	1	87	18	27	27	NYC ISCHOOL	8E+11	40.72463	-74.005058	10013	Greenwich Village - SoHo
71M376	NYC iSchool	Common Core English	ELA	2023	85.32	87	21.84	43.68	0	34.48	37	General Academic	0	0	2	56	25	4	1	87	18	27	22.5	NYC ISCHOOL	8E+11	40.72463	-74.005058	10013	Greenwich Village - SoHo
71M392	Manhattan Business Academy	Living Environment	Living_Env	2023	62.25	65	33.85	66.15	0	0	32	General Academic	0	0	9	91	22	13	1	86	26	26	26	MANHATTAN BUSINESS ACADEMY	8E+11	40.743407	-74.00254	10011	Chelsea - Clinton
71M392	Manhattan Business Academy	Common Core English	ELA	2023	74.52	81	24.69	75.31	0	0	32	General Academic	0	0	9	91	22	13	1	86	26	26	26	MANHATTAN BUSINESS ACADEMY	8E+11	40.743407	-74.00254	10011	Chelsea - Clinton
71M392	Manhattan Business Academy	Common Core Algebra	Algebra_I	2023	64.58	108	33.33	61.11	5.56	0	32	General Academic	0	0	9	91	22	13	1	86	26	26	26	MANHATTAN BUSINESS ACADEMY	8E+11	40.743407	-74.00254	10011	Chelsea - Clinton
71M393	Business Of Sports School	Living Environment	Living_Env	2023	50.7	66	33.33	66.67	0	0	37	Career Technical	1	0	10	88	26	12	1	77	16	20	20	BUSINESS OF SPORTS SCHOOL	8E+11	40.763655	-73.990318	10019	Chelsea - Clinton
71M393	Business Of Sports School	Common Core English	ELA	2023	70.61	167	34.73	65.27	0	0	37	Career Technical	1	0	10	88	26	12	1	77	16	20	18	BUSINESS OF SPORTS SCHOOL	8E+11	40.763655	-73.990318	10019	Chelsea - Clinton
71M393	Business Of Sports School	Common Core Algebra	Algebra_I	2023	58.5	247	36.44	61.13	2.43	0	37	Career Technical	1	0	10	88	26	12	1	77	16	20	16	BUSINESS OF SPORTS SCHOOL	8E+11	40.763655	-73.990318	10019	Chelsea - Clinton
71M394	Emma Lazarus High School	Common Core English	ELA	2023	65.43	56	17.86	41.07	41.07	0	18	Transfer School	0	1	90	94	1	26	1	91	23	25	24	EMMA LAZARUS HIGH SCHOOL	8E+11	40.716231	-73.993607	10002	Union Square - Lower East Side
71M394	Emma Lazarus High School	Living Environment	Living_Env	2023	72.05	92	6.52	50	34.78	8.7	18	Transfer School	0	1	90	94	1	26	1	91	23	25	25	EMMA LAZARUS HIGH SCHOOL	8E+11	40.716231	-73.993607	10002	Union Square - Lower East Side
71M394	Emma Lazarus High School	Common Core Algebra	Algebra_I	2023	74.66	116	11.21	47.41	34.48	6.9	18	Transfer School	0	1	90	94	1	26	1	91	23	25	23	EMMA LAZARUS HIGH SCHOOL	8E+11	40.716231	-73.993607	10002	Union Square - Lower East Side
71M399	The High School For Language And Diplomacy	Common Core Algebra	Algebra_I	2023	63.7	11	0	100	0	0	15	General Academic	0	0	8	77	25	14	1	75	24	29	24	HIGH SCHOOL-LANGUAGE AND DIPLOMACY	8E+11	40.735361	-73.987064	10003	Union Square - Lower East Side
71M399	The High School For Language And Diplomacy	Common Core English	ELA	2023	71.02	35	31.43	68.57	0	0	15	General Academic	0	0	8	77	25	14	1	75	24	29	26.5	HIGH SCHOOL-LANGUAGE AND DIPLOMACY	8E+11	40.735361	-73.987064	10003	Union Square - Lower East Side
71M400	High School for Environmental Studies	Living Environment	Living_Env	2023	66.88	167	15.57	68.26	0	16.17	72	General Academic	0	0	5	74	17	7	1	85	21	23	23	HS FOR ENVIRONMENTAL STUDIES 	8E+11	40.767848	-73.98861	10019	Chelsea - Clinton
71M400	High School for Environmental Studies	Common Core Algebra	Algebra_I	2023	61.7	239	22.18	65.69	0	12.13	72	General Academic	0	0	5	74	17	7	1	85	21	23	21	HS FOR ENVIRONMENTAL STUDIES 	8E+11	40.767848	-73.98861	10019	Chelsea - Clinton
71M400	High School for Environmental Studies	Common Core English	ELA	2023	78.86	279	12.9	55.91	16.13	15.05	72	General Academic	0	0	5	74	17	7	1	85	21	23	22	HS FOR ENVIRONMENTAL STUDIES 	8E+11	40.767848	-73.98861	10019	Chelsea - Clinton
71M402	The Urban Assembly School for Green Careers	Common Core English	ELA	2023	65.88	44	34.09	65.91	0	0	28	Career Technical	1	0	10	89	24	11	1	76	12	14	13	URBAN ASSEMBLY FOR GREEN CAREERS	8E+11	40.786134	-73.974483	10024	Upper West Side
71M402	The Urban Assembly School for Green Careers	Living Environment	Living_Env	2023	55.81	115	20.87	79.13	0	0	28	Career Technical	1	0	10	89	24	11	1	76	12	14	14	URBAN ASSEMBLY FOR GREEN CAREERS	8E+11	40.786134	-73.974483	10024	Upper West Side
71M402	The Urban Assembly School for Green Careers	Common Core Algebra	Algebra_I	2023	57.51	115	22.61	77.39	0	0	28	Career Technical	1	0	10	89	24	11	1	76	12	14	12	URBAN ASSEMBLY FOR GREEN CAREERS	8E+11	40.786134	-73.974483	10024	Upper West Side
71M403	The Global Learning Collaborative	Living Environment	Living_Env	2023	57.95	94	20.21	79.79	0	0	34	General Academic	0	0	11	91	21	15	1	78	16	27	27	GLOBAL LEARNING COLLABORATIVE	8E+11	40.786134	-73.974483	10024	Upper West Side
71M403	The Global Learning Collaborative	Common Core Algebra	Algebra_I	2023	60.08	127	20.47	79.53	0	0	34	General Academic	0	0	11	91	21	15	1	78	16	27	16	GLOBAL LEARNING COLLABORATIVE	8E+11	40.786134	-73.974483	10024	Upper West Side
71M403	The Global Learning Collaborative	Common Core English	ELA	2023	65.04	151	20.53	72.85	0	6.62	34	General Academic	0	0	11	91	21	15	1	78	16	27	21.5	GLOBAL LEARNING COLLABORATIVE	8E+11	40.786134	-73.974483	10024	Upper West Side
71M404	Innovation Diploma Plus	Living Environment	Living_Env	2023	50.6	13	0	100	0	0	12	Transfer School	0	1	11	90	27	19	1	50		14	14	INNOVATION DIPLOMA PLUS	8E+11	40.786134	-73.974483	10024	Upper West Side
71M404	Innovation Diploma Plus	Common Core Algebra	Algebra_I	2023	50.4	21	0	100	0	0	12	Transfer School	0	1	11	90	27	19	1	50		14		INNOVATION DIPLOMA PLUS	8E+11	40.786134	-73.974483	10024	Upper West Side
71M404	Innovation Diploma Plus	Common Core English	ELA	2023	58.22	64	25	75	0	0	12	Transfer School	0	1	11	90	27	19	1	50		14	14	INNOVATION DIPLOMA PLUS	8E+11	40.786134	-73.974483	10024	Upper West Side
71M411	Baruch College Campus High School	Common Core Algebra	Algebra_I	2023	73.48	65	21.54	36.92	21.54	20	30	General Academic	0	0	2	51	19	1	1	93	20		20	BARUCH COLLEGE CAMPUS HIGH SCHOOL	8E+11	40.741888	-73.985723	10010	Gramercy Park - Murray Hill
71M411	Baruch College Campus High School	Common Core English	ELA	2023	88.12	107	0	16.82	36.45	46.73	30	General Academic	0	0	2	51	19	1	1	93	20		20	BARUCH COLLEGE CAMPUS HIGH SCHOOL	8E+11	40.741888	-73.985723	10010	Gramercy Park - Murray Hill
71M414	N.Y.C. Museum School	Living Environment	Living_Env	2023	71.38	70	8.57	40	14.29	37.14	32	General Academic	0	0	2	46	21	3	1	96	29	28	28	NYC MUSEUM SCHOOL	8E+11	40.742512	-74.002222	10011	Chelsea - Clinton
71M414	N.Y.C. Museum School	Common Core Algebra	Algebra_I	2023	73.05	78	8.97	42.31	11.54	37.18	32	General Academic	0	0	2	46	21	3	1	96	29	28	29	NYC MUSEUM SCHOOL	8E+11	40.742512	-74.002222	10011	Chelsea - Clinton
71M414	N.Y.C. Museum School	Common Core English	ELA	2023	84.65	116	9.48	15.52	17.24	57.76	32	General Academic	0	0	2	46	21	3	1	96	29	28	28.5	NYC MUSEUM SCHOOL	8E+11	40.742512	-74.002222	10011	Chelsea - Clinton
71M416	Eleanor Roosevelt High School	Common Core Algebra	Algebra_I	2023	79.11	50	0	42	14	44	34	General Academic	0	0	1	39	16	2	1	94	31	33	31	ELEANOR ROOSEVELT HIGH SCHOOL	8E+11	40.770288	-73.953276	10021	Upper East Side
71M416	Eleanor Roosevelt High School	Living Environment	Living_Env	2023	82.04	87	9.2	33.33	18.39	39.08	34	General Academic	0	0	1	39	16	2	1	94	31	33	33	ELEANOR ROOSEVELT HIGH SCHOOL	8E+11	40.770288	-73.953276	10021	Upper East Side
71M416	Eleanor Roosevelt High School	Common Core English	ELA	2023	90.73	134	0	11.94	25.37	62.69	34	General Academic	0	0	1	39	16	2	1	94	31	33	32	ELEANOR ROOSEVELT HIGH SCHOOL	8E+11	40.770288	-73.953276	10021	Upper East Side
71M417	Frank McCourt High School	Living Environment	Living_Env	2023	69.95	69	20.29	53.62	0	26.09	31	General Academic	0	0	3	58	24	3	1	89		20	20	FRANK MCCOURT HIGH SCHOOL	8E+11	40.786134	-73.974483	10024	Upper West Side
71M417	Frank McCourt High School	Common Core Algebra	Algebra_I	2023	66.55	88	15.91	57.95	0	26.14	31	General Academic	0	0	3	58	24	3	1	89		20		FRANK MCCOURT HIGH SCHOOL	8E+11	40.786134	-73.974483	10024	Upper West Side
71M417	Frank McCourt High School	Common Core English	ELA	2023	73.99	95	14.74	58.95	0	26.32	31	General Academic	0	0	3	58	24	3	1	89		20	20	FRANK MCCOURT HIGH SCHOOL	8E+11	40.786134	-73.974483	10024	Upper West Side
71M419	Landmark High School	Common Core English	ELA	2023	66.99	95	31.58	68.42	0	0	32	General Academic	0	0	8	83	26	9	1	79	22	18	20	LANDMARK HIGH SCHOOL	8E+11	40.743407	-74.00254	10011	Chelsea - Clinton
71M449	Landmark High School	Common Core English	ELA	2023	66.99	95	31.58	68.42	0	0	33	General Academic	0	0	5	77	24	8	1	76	30	28	29	VANGUARD HIGH SCHOOL	8E+11	40.743407	-74.00254	10011	Chelsea - Clinton
76K572	Landmark High School	Common Core English	ELA	2023	66.99	95	31.58	68.42	0	0	30	General Academic	0	0	13	77	19	6	1	87	18		18	LEADERS HIGH SCHOOL	8E+11	40.743407	-74.00254	10011	Chelsea - Clinton
71M420	High School for Health Professions and Human Services	Common Core Algebra	Algebra_I	2023	62.08	212	25.94	60.85	13.21	0	97	General Academic	0	0	5	82	17	6	1	91	26	27	26	HS-HEALTH PROFESSIONS & HUMAN SVCS	8E+11	40.732665	-73.98259	10003	Union Square - Lower East Side
71M420	High School for Health Professions and Human Services	Living Environment	Living_Env	2023	67.89	222	16.67	61.26	14.86	7.21	97	General Academic	0	0	5	82	17	6	1	91	26	27	27	HS-HEALTH PROFESSIONS & HUMAN SVCS	8E+11	40.732665	-73.98259	10003	Union Square - Lower East Side
71M420	High School for Health Professions and Human Services	Common Core English	ELA	2023	81.89	364	14.01	56.04	22.8	7.14	97	General Academic	0	0	5	82	17	6	1	91	26	27	26.5	HS-HEALTH PROFESSIONS & HUMAN SVCS	8E+11	40.732665	-73.98259	10003	Union Square - Lower East Side
71M423	High School for Excellence and Innovation	Common Core English	ELA	2023	55.3	31	0	100	0	0	15	Transfer School	0	1	52	99	14	20	1	66	28	18	23	HS-EXCELLENCE AND INNOVATION	8E+11	40.865556	-73.925464	10034	Washington Heights - Inwood
71M425	Leadership and Public Service High School	Living Environment	Living_Env	2023	60.14	55	25.45	74.55	0	0	20	General Academic	0	0	5	83	14	10	1	80	19	22	22	LEADERSHIP & PUBLIC SERVICE HS	8E+11	40.708971	-74.012465	10006	Lower Manhattan
71M425	Leadership and Public Service High School	Common Core Algebra	Algebra_I	2023	55.26	87	31.03	62.07	6.9	0	20	General Academic	0	0	5	83	14	10	1	80	19	22	19	LEADERSHIP & PUBLIC SERVICE HS	8E+11	40.708971	-74.012465	10006	Lower Manhattan
71M425	Leadership and Public Service High School	Common Core English	ELA	2023	72.99	93	20.43	72.04	7.53	0	20	General Academic	0	0	5	83	14	10	1	80	19	22	20.5	LEADERSHIP & PUBLIC SERVICE HS	8E+11	40.708971	-74.012465	10006	Lower Manhattan
71M427	Manhattan Academy For Arts & Language	Living Environment	Living_Env	2023	57.8	48	0	100	0	0	15	General Academic	0	0	61	100	9	30	1	83	11	18	18	MANHATTAN ACAD-ARTS AND LANGUAGE	8E+11	40.74651	-73.98107	10016	Gramercy Park - Murray Hill
71M427	Manhattan Academy For Arts & Language	Common Core English	ELA	2023	66.8	56	0	100	0	0	15	General Academic	0	0	61	100	9	30	1	83	11	18	14.5	MANHATTAN ACAD-ARTS AND LANGUAGE	8E+11	40.74651	-73.98107	10016	Gramercy Park - Murray Hill
71M427	Manhattan Academy For Arts & Language	Common Core Algebra	Algebra_I	2023	58.3	65	0	100	0	0	15	General Academic	0	0	61	100	9	30	1	83	11	18	11	MANHATTAN ACAD-ARTS AND LANGUAGE	8E+11	40.74651	-73.98107	10016	Gramercy Park - Murray Hill
71M432	Murray Hill Academy	Common Core Algebra	Algebra_I	2023	63.24	45	40	60	0	0	20	Transfer School	0	1	3	80	19	7	1	77	9	12	9	MURRAY HILL ACADEMY	8E+11	40.74651	-73.98107	10016	Gramercy Park - Murray Hill
71M432	Murray Hill Academy	Living Environment	Living_Env	2023	70.48	53	24.53	43.4	18.87	13.21	20	Transfer School	0	1	3	80	19	7	1	77	9	12	12	MURRAY HILL ACADEMY	8E+11	40.74651	-73.98107	10016	Gramercy Park - Murray Hill
71M432	Murray Hill Academy	Common Core English	ELA	2023	77.94	57	40.35	59.65	0	0	20	Transfer School	0	1	3	80	19	7	1	77	9	12	10.5	MURRAY HILL ACADEMY	8E+11	40.74651	-73.98107	10016	Gramercy Park - Murray Hill
71M435	Manhattan Center for Science and Mathematics	Common Core Algebra	Algebra_I	2023	76.12	292	23.29	51.37	25.34	0	88	General Academic	0	0	6	80	18	7	1	94	27	30	27	MANHATTAN CENTER-SCIENCE & MATH	8E+11	40.794184	-73.932868	10029	East Harlem
71M435	Manhattan Center for Science and Mathematics	Living Environment	Living_Env	2023	75.06	359	23.12	52.92	23.96	0	88	General Academic	0	0	6	80	18	7	1	94	27	30	30	MANHATTAN CENTER-SCIENCE & MATH	8E+11	40.794184	-73.932868	10029	East Harlem
71M435	Manhattan Center for Science and Mathematics	Common Core English	ELA	2023	84.34	399	14.79	46.87	27.32	11.03	88	General Academic	0	0	6	80	18	7	1	94	27	30	28.5	MANHATTAN CENTER-SCIENCE & MATH	8E+11	40.794184	-73.932868	10029	East Harlem
71M437	Hudson High School of Learning Technologies	Living Environment	Living_Env	2023	64.6	20	0	100	0	0	18	General Academic	0	0	5	75	25	11	1	82	23	19	19	HUDSON HS OF LEARNING TECHNOLOGIES	8E+11	40.743407	-74.00254	10011	Chelsea - Clinton
71M437	Hudson High School of Learning Technologies	Common Core Algebra	Algebra_I	2023	62.9	37	0	100	0	0	18	General Academic	0	0	5	75	25	11	1	82	23	19	23	HUDSON HS OF LEARNING TECHNOLOGIES	8E+11	40.743407	-74.00254	10011	Chelsea - Clinton
71M437	Hudson High School of Learning Technologies	Common Core English	ELA	2023	67.74	51	21.57	78.43	0	0	18	General Academic	0	0	5	75	25	11	1	82	23	19	21	HUDSON HS OF LEARNING TECHNOLOGIES	8E+11	40.743407	-74.00254	10011	Chelsea - Clinton
71M448	University Neighborhood High School	Common Core Algebra	Algebra_I	2023	72.32	62	0	74.19	25.81	0	39	General Academic	0	0	12	83	22	6	1	88	15	18	15	UNIVERSITY NEIGHBORHOOD HIGH SCHOOL	8E+11	40.712269	-73.984128	10002	Union Square - Lower East Side
71M448	University Neighborhood High School	Living Environment	Living_Env	2023	72.57	67	0	68.66	31.34	0	39	General Academic	0	0	12	83	22	6	1	88	15	18	18	UNIVERSITY NEIGHBORHOOD HIGH SCHOOL	8E+11	40.712269	-73.984128	10002	Union Square - Lower East Side
71M448	University Neighborhood High School	Common Core English	ELA	2023	72.68	151	14.57	48.34	37.09	0	39	General Academic	0	0	12	83	22	6	1	88	15	18	16.5	UNIVERSITY NEIGHBORHOOD HIGH SCHOOL	8E+11	40.712269	-73.984128	10002	Union Square - Lower East Side
71M459	Manhattan International High School	Common Core English	ELA	2023	62.32	139	26.62	50.36	13.67	9.35	23	General Academic	0	0	76	69	3	20	1	87				MANHATTAN INTERNATIONAL HIGH SCHOOL	8E+11	40.765638	-73.959777	10065	Upper East Side
71M462	The College Academy	Common Core English	ELA	2023	53.4	96	0	100	0	0	28	General Academic	0	0	41	93	29	25	1	83	18	22	20	COLLEGE ACADEMY	8E+11	40.856532	-73.92606	10040	Washington Heights - Inwood
71M462	The College Academy	Common Core Algebra	Algebra_I	2023	66.8	104	0	100	0	0	28	General Academic	0	0	41	93	29	25	1	83	18	22	18	COLLEGE ACADEMY	8E+11	40.856532	-73.92606	10040	Washington Heights - Inwood
71M462	The College Academy	Living Environment	Living_Env	2023	58.9	111	0	100	0	0	28	General Academic	0	0	41	93	29	25	1	83	18	22	22	COLLEGE ACADEMY	8E+11	40.856532	-73.92606	10040	Washington Heights - Inwood
71M463	High School for Media and Communications	Living Environment	Living_Env	2023	56.3	108	0	100	0	0	28	General Academic	0	0	31	97	23	32	1	83	17	19	19	HIGH SCHOOL-MEDIA & COMMUNICATIONS 	8E+11	40.856532	-73.92606	10040	Washington Heights - Inwood
71M463	High School for Media and Communications	Common Core English	ELA	2023	61.1	172	0	100	0	0	28	General Academic	0	0	31	97	23	32	1	83	17	19	18	HIGH SCHOOL-MEDIA & COMMUNICATIONS 	8E+11	40.856532	-73.92606	10040	Washington Heights - Inwood
71M463	High School for Media and Communications	Common Core Algebra	Algebra_I	2023	58.48	232	11.64	88.36	0	0	28	General Academic	0	0	31	97	23	32	1	83	17	19	17	HIGH SCHOOL-MEDIA & COMMUNICATIONS 	8E+11	40.856532	-73.92606	10040	Washington Heights - Inwood
71M467	High School for Law and Public Service	Living Environment	Living_Env	2023	65.31	134	5.22	94.78	0	0	37	General Academic	0	0	36	96	21	21	1	77	15	21	21	HIGH SCHOOL-LAW & PUBLIC SERVICE 	8E+11	40.856532	-73.92606	10040	Washington Heights - Inwood
71M467	High School for Law and Public Service	Common Core English	ELA	2023	53.67	142	12.68	87.32	0	0	37	General Academic	0	0	36	96	21	21	1	77	15	21	18	HIGH SCHOOL-LAW & PUBLIC SERVICE 	8E+11	40.856532	-73.92606	10040	Washington Heights - Inwood
71M467	High School for Law and Public Service	Common Core Algebra	Algebra_I	2023	55.94	159	5.03	94.97	0	0	37	General Academic	0	0	36	96	21	21	1	77	15	21	15	HIGH SCHOOL-LAW & PUBLIC SERVICE 	8E+11	40.856532	-73.92606	10040	Washington Heights - Inwood
71M468	High School for Health Careers and Sciences	Living Environment	Living_Env	2023	54.44	86	9.3	90.7	0	0	29	General Academic	0	0	32	92	25	16	1	86	21	17	17	HIGH SCHOOL-HEALTH CAREERS & SCIES	8E+11	40.856532	-73.92606	10040	Washington Heights - Inwood
71M468	High School for Health Careers and Sciences	Common Core English	ELA	2023	63.31	97	14.43	85.57	0	0	29	General Academic	0	0	32	92	25	16	1	86	21	17	19	HIGH SCHOOL-HEALTH CAREERS & SCIES	8E+11	40.856532	-73.92606	10040	Washington Heights - Inwood
71M468	High School for Health Careers and Sciences	Common Core Algebra	Algebra_I	2023	50.4	174	8.62	91.38	0	0	29	General Academic	0	0	32	92	25	16	1	86	21	17	21	HIGH SCHOOL-HEALTH CAREERS & SCIES	8E+11	40.856532	-73.92606	10040	Washington Heights - Inwood
71M475	Stuyvesant High School	Common Core Algebra	Algebra_I	2023	88.24	108	8.33	0	69.44	22.22	154	General Academic	0	0	0	48	1	2	1	96	1	31	1	STUYVESANT HIGH SCHOOL	8E+11	40.718025	-74.013921	10282	Lower Manhattan
71M475	Stuyvesant High School	Living Environment	Living_Env	2023	92.14	292	3.08	7.53	66.44	22.95	154	General Academic	0	0	0	48	1	2	1	96	1	31	31	STUYVESANT HIGH SCHOOL	8E+11	40.718025	-74.013921	10282	Lower Manhattan
71M475	Stuyvesant High School	Common Core English	ELA	2023	94.31	722	2.49	3.46	78.12	15.93	154	General Academic	0	0	0	48	1	2	1	96	1	31	16	STUYVESANT HIGH SCHOOL	8E+11	40.718025	-74.013921	10282	Lower Manhattan
71M489	High School of Economics and Finance	Common Core Algebra	Algebra_I	2023	63.55	109	20.18	66.97	12.84	0	47	General Academic	0	0	3	80	16	10	1	88	18	19	18	HS OF ECONOMICS & FINANCE	8E+11	40.70927	-74.012328	10006	Lower Manhattan
71M489	High School of Economics and Finance	Living Environment	Living_Env	2023	68.05	113	23.01	61.95	15.04	0	47	General Academic	0	0	3	80	16	10	1	88	18	19	19	HS OF ECONOMICS & FINANCE	8E+11	40.70927	-74.012328	10006	Lower Manhattan
71M489	High School of Economics and Finance	Common Core English	ELA	2023	79.45	156	19.87	50	30.13	0	47	General Academic	0	0	3	80	16	10	1	88	18	19	18.5	HS OF ECONOMICS & FINANCE	8E+11	40.70927	-74.012328	10006	Lower Manhattan
71M492	High School for Law, Advocacy and Community Justice	Common Core English	ELA	2023	78.47	89	29.21	70.79	0	0	31	General Academic	0	0	9	86	19	11	1	79	21	24	22.5	HS-LAW ADVCY & COMM JUSTICE	8E+11	40.774891	-73.985608	10023	Upper West Side
71M492	High School for Law, Advocacy and Community Justice	Living Environment	Living_Env	2023	53.78	101	26.73	73.27	0	0	31	General Academic	0	0	9	86	19	11	1	79	21	24	24	HS-LAW ADVCY & COMM JUSTICE	8E+11	40.774891	-73.985608	10023	Upper West Side
71M492	High School for Law, Advocacy and Community Justice	Common Core Algebra	Algebra_I	2023	58.44	115	24.35	69.57	6.09	0	31	General Academic	0	0	9	86	19	11	1	79	21	24	21	HS-LAW ADVCY & COMM JUSTICE	8E+11	40.774891	-73.985608	10023	Upper West Side
71M494	High School of Arts and Technology	Common Core English	ELA	2023	66.02	135	27.41	72.59	0	0	36	General Academic	0	0	7	86	25	9	1	79	22	21	21.5	HIGH SCHOOL-ARTS AND TECHNOLOGY	8E+11	40.774891	-73.985608	10023	Upper West Side
71M494	High School of Arts and Technology	Living Environment	Living_Env	2023	52.55	137	28.47	71.53	0	0	36	General Academic	0	0	7	86	25	9	1	79	22	21	21	HIGH SCHOOL-ARTS AND TECHNOLOGY	8E+11	40.774891	-73.985608	10023	Upper West Side
71M494	High School of Arts and Technology	Common Core Algebra	Algebra_I	2023	53.87	144	27.78	72.22	0	0	36	General Academic	0	0	7	86	25	9	1	79	22	21	22	HIGH SCHOOL-ARTS AND TECHNOLOGY	8E+11	40.774891	-73.985608	10023	Upper West Side
71M495	Park East High School	Common Core English	ELA	2023	77.88	53	32.08	67.92	0	0	35	General Academic	0	0	3	82	24	6	1	92	15	23	19	PARK EAST HIGH SCHOOL	8E+11	40.790191	-73.944092	10029	East Harlem
71M495	Park East High School	Common Core Algebra	Algebra_I	2023	73.15	69	27.54	72.46	0	0	35	General Academic	0	0	3	82	24	6	1	92	15	23	15	PARK EAST HIGH SCHOOL	8E+11	40.790191	-73.944092	10029	East Harlem
71M495	Park East High School	Living Environment	Living_Env	2023	70.76	74	32.43	67.57	0	0	35	General Academic	0	0	3	82	24	6	1	92	15	23	23	PARK EAST HIGH SCHOOL	8E+11	40.790191	-73.944092	10029	East Harlem
71M505	Edward A. Reynolds West Side High School	Living Environment	Living_Env	2023	64.47	18	33.33	66.67	0	0	24	Transfer School	0	1	9	92	43	19	1	48	17	21	21	EDWARD A REYNOLDS WEST SIDE HS	8E+11	40.797136	-73.966779	10025	Upper West Side
71M505	Edward A. Reynolds West Side High School	Common Core Algebra	Algebra_I	2023	54.74	29	34.48	65.52	0	0	24	Transfer School	0	1	9	92	43	19	1	48	17	21	17	EDWARD A REYNOLDS WEST SIDE HS	8E+11	40.797136	-73.966779	10025	Upper West Side
71M505	Edward A. Reynolds West Side High School	Common Core English	ELA	2023	55	29	0	100	0	0	24	Transfer School	0	1	9	92	43	19	1	48	17	21	19	EDWARD A REYNOLDS WEST SIDE HS	8E+11	40.797136	-73.966779	10025	Upper West Side
71M507	Urban Assembly Gateway School for Technology	Living Environment	Living_Env	2023	70.76	76	26.32	59.21	14.47	0	38	Career Technical	1	0	4	68	28	9	1	87	26	26	26	URBAN ASSEMBLY GATEWAY SCHOOL-TECH	8E+11	40.763655	-73.990318	10019	Chelsea - Clinton
71M507	Urban Assembly Gateway School for Technology	Common Core Algebra	Algebra_I	2023	63.1	86	25.58	65.12	0	9.3	38	Career Technical	1	0	4	68	28	9	1	87	26	26	26	URBAN ASSEMBLY GATEWAY SCHOOL-TECH	8E+11	40.763655	-73.990318	10019	Chelsea - Clinton
71M507	Urban Assembly Gateway School for Technology	Common Core English	ELA	2023	71.17	111	27.93	62.16	0	9.91	38	Career Technical	1	0	4	68	28	9	1	87	26	26	26	URBAN ASSEMBLY GATEWAY SCHOOL-TECH	8E+11	40.763655	-73.990318	10019	Chelsea - Clinton
71M515	Lower East Side Preparatory High School	Common Core English	ELA	2023	66.07	80	0	46.25	53.75	0	36	Transfer School	0	1	71	66	9	10	1	77	18	27	22.5	LOWER EAST SIDE PREP HS	8E+11	40.72004	-73.986038	10002	Union Square - Lower East Side
71M515	Lower East Side Preparatory High School	Common Core Algebra	Algebra_I	2023	69.4	129	0	58.91	41.09	0	36	Transfer School	0	1	71	66	9	10	1	77	18	27	18	LOWER EAST SIDE PREP HS	8E+11	40.72004	-73.986038	10002	Union Square - Lower East Side
71M515	Lower East Side Preparatory High School	Living Environment	Living_Env	2023	61.3	152	0	66.45	33.55	0	36	Transfer School	0	1	71	66	9	10	1	77	18	27	27	LOWER EAST SIDE PREP HS	8E+11	40.72004	-73.986038	10002	Union Square - Lower East Side
71M519	Talent Unlimited High School	Common Core English	ELA	2023	76.31	197	22.84	57.87	4.57	14.72	34	General Academic	0	0	2	58	18	4	1	87	23	20	21.5	TALENT UNLIMITED HIGH SCHOOL	8E+11	40.765638	-73.959777	10065	Upper East Side
71M519	Talent Unlimited High School	Common Core Algebra	Algebra_I	2023	69.82	80	12.5	65	0	22.5	34	General Academic	0	0	2	58	18	4	1	87	23	20	23	TALENT UNLIMITED HIGH SCHOOL	8E+11	40.765638	-73.959777	10065	Upper East Side
71M519	Talent Unlimited High School	Living Environment	Living_Env	2023	71.03	84	20.24	58.33	0	21.43	34	General Academic	0	0	2	58	18	4	1	87	23	20	20	TALENT UNLIMITED HIGH SCHOOL	8E+11	40.765638	-73.959777	10065	Upper East Side
71M520	Murry Bergtraum High School for Business Careers	Common Core Algebra	Algebra_I	2023	52.85	20	50	50	0	0	15	General Academic	0	0	2	86	13	12	1	80	10	14	10	MURRY BERGTRAUM HS-BUSINESS CAREERS	8E+11	40.711441	-74.000851	10038	Lower Manhattam
71M520	Murry Bergtraum High School for Business Careers	Common Core English	ELA	2023	73.25	26	69.23	30.77	0	0	15	General Academic	0	0	2	86	13	12	1	80	10	14	12	MURRY BERGTRAUM HS-BUSINESS CAREERS	8E+11	40.711441	-74.000851	10038	Lower Manhattam
71M529	Jacqueline Kennedy Onassis High School	Common Core English	ELA	2023	64.82	48	25	75	0	0	20	General Academic	0	0	6	80	21	13	1	81	18	21	19.5	JACQUELINE KENNEDY-ONASSIS HS	8E+11	40.757626	-73.98346	10036	Chelsea - Clinton
71M529	Jacqueline Kennedy Onassis High School	Living Environment	Living_Env	2023	64	63	26.98	73.02	0	0	20	General Academic	0	0	6	80	21	13	1	81	18	21	21	JACQUELINE KENNEDY-ONASSIS HS	8E+11	40.757626	-73.98346	10036	Chelsea - Clinton
71M529	Jacqueline Kennedy Onassis High School	Common Core Algebra	Algebra_I	2023	59.39	98	28.57	71.43	0	0	20	General Academic	0	0	6	80	21	13	1	81	18	21	18	JACQUELINE KENNEDY-ONASSIS HS	8E+11	40.757626	-73.98346	10036	Chelsea - Clinton
71M533	Union Square Academy for Health Sciences	Living Environment	Living_Env	2023	62.84	103	18.45	67.96	13.59	0	34	Career Technical	1	0	6	84	15	8	1	92	16	14	14	UNION SQUARE ACAD FOR HEALTH SCIENCE	8E+11	40.735361	-73.987064	10003	Union Square - Lower East Side
71M533	Union Square Academy for Health Sciences	Common Core Algebra	Algebra_I	2023	62.29	112	21.43	66.96	11.61	0	34	Career Technical	1	0	6	84	15	8	1	92	16	14	16	UNION SQUARE ACAD FOR HEALTH SCIENCE	8E+11	40.735361	-73.987064	10003	Union Square - Lower East Side
71M533	Union Square Academy for Health Sciences	Common Core English	ELA	2023	75.69	120	19.17	65	15.83	0	34	Career Technical	1	0	6	84	15	8	1	92	16	14	15	UNION SQUARE ACAD FOR HEALTH SCIENCE	8E+11	40.735361	-73.987064	10003	Union Square - Lower East Side
71M534	Harvest Collegiate High School	Common Core English	ELA	2023	71.71	121	25.62	64.46	0	9.92	37	General Academic	0	0	5	72	24	9	1	80	22	23	22.5	HARVEST COLLEGIATE HIGH SCHOOL	8E+11	40.736416	-73.995731	10011	Chelsea - Clinton
71M540	A. Philip Randolph Campus High School	Common Core Algebra	Algebra_I	2023	67.18	163	36.2	63.8	0	0	83	General Academic	0	0	14	85	18	14	1	83	23	22	23	A PHILIP RANDOLPH CAMPUS HIGH SCHOOL	8E+11	40.8185	-73.949929	10031	Washington Heights - Inwood
71M540	A. Philip Randolph Campus High School	Living Environment	Living_Env	2023	63.66	174	35.06	64.94	0	0	83	General Academic	0	0	14	85	18	14	1	83	23	22	22	A PHILIP RANDOLPH CAMPUS HIGH SCHOOL	8E+11	40.8185	-73.949929	10031	Washington Heights - Inwood
71M540	A. Philip Randolph Campus High School	Common Core English	ELA	2023	69.76	293	34.47	61.77	3.75	0	83	General Academic	0	0	14	85	18	14	1	83	23	22	22.5	A PHILIP RANDOLPH CAMPUS HIGH SCHOOL	8E+11	40.8185	-73.949929	10031	Washington Heights - Inwood
71M542	Manhattan Bridges High School	Living Environment	Living_Env	2023	69.7	111	0	100	0	0	33	General Academic	0	0	37	95	12	18	1	90	25	26	26	MANHATTAN BRIDGES HIGH SCHOOL	8E+11	40.765474	-73.9927	10019	Chelsea - Clinton
71M542	Manhattan Bridges High School	Common Core English	ELA	2023	70.7	146	0	100	0	0	33	General Academic	0	0	37	95	12	18	1	90	25	26	25.5	MANHATTAN BRIDGES HIGH SCHOOL	8E+11	40.765474	-73.9927	10019	Chelsea - Clinton
71M542	Manhattan Bridges High School	Common Core Algebra	Algebra_I	2023	71.2	179	0	100	0	0	33	General Academic	0	0	37	95	12	18	1	90	25	26	25	MANHATTAN BRIDGES HIGH SCHOOL	8E+11	40.765474	-73.9927	10019	Chelsea - Clinton
71M543	New Design High School	Living Environment	Living_Env	2023	57.2	62	25.81	74.19	0	0	47	General Academic	0	0	5	86	27	11	1	85		24	24	NEW DESIGN HIGH SCHOOL	8E+11	40.717329	-73.989329	10002	Union Square - Lower East Side
71M543	New Design High School	Common Core Algebra	Algebra_I	2023	57.61	111	36.94	63.06	0	0	47	General Academic	0	0	5	86	27	11	1	85		24		NEW DESIGN HIGH SCHOOL	8E+11	40.717329	-73.989329	10002	Union Square - Lower East Side
71M543	New Design High School	Common Core English	ELA	2023	68.34	190	28.95	66.84	4.21	0	47	General Academic	0	0	5	86	27	11	1	85		24	24	NEW DESIGN HIGH SCHOOL	8E+11	40.717329	-73.989329	10002	Union Square - Lower East Side
71M544	Independence High School	Living Environment	Living_Env	2023	60.75	23	43.48	56.52	0	0	23	Transfer School	0	1	14	89	43	13	1	49	37	31	31	INDEPENDENCE HIGH SCHOOL	8E+11	40.767848	-73.98861	10019	Chelsea - Clinton
71M544	Independence High School	Common Core Algebra	Algebra_I	2023	56.3	31	0	100	0	0	23	Transfer School	0	1	14	89	43	13	1	49	37	31	37	INDEPENDENCE HIGH SCHOOL	8E+11	40.767848	-73.98861	10019	Chelsea - Clinton
71M544	Independence High School	Common Core English	ELA	2023	61.1	34	0	100	0	0	23	Transfer School	0	1	14	89	43	13	1	49	37	31	34	INDEPENDENCE HIGH SCHOOL	8E+11	40.767848	-73.98861	10019	Chelsea - Clinton
71M545	High School for Dual Language and Asian Studies	Common Core Algebra	Algebra_I	2023	91.8	39	0	0	100	0	23	General Academic	0	0	11	82	5	11	1	98	18	33	18	HS-DUAL LANGUAGE & ASIAN STUDIES	8E+11	40.717329	-73.989329	10002	Union Square - Lower East Side
71M545	High School for Dual Language and Asian Studies	Living Environment	Living_Env	2023	83.8	64	0	0	100	0	23	General Academic	0	0	11	82	5	11	1	98	18	33	33	HS-DUAL LANGUAGE & ASIAN STUDIES	8E+11	40.717329	-73.989329	10002	Union Square - Lower East Side
71M545	High School for Dual Language and Asian Studies	Common Core English	ELA	2023	76.1	87	0	0	100	0	23	General Academic	0	0	11	82	5	11	1	98	18	33	25.5	HS-DUAL LANGUAGE & ASIAN STUDIES	8E+11	40.717329	-73.989329	10002	Union Square - Lower East Side
71M550	Liberty High School Academy for Newcomers	Common Core English	ELA	2023	59.83	69	39.13	60.87	0	0	29	Transfer School	0	1	90	82	2	44	1	83	22	23	22.5	LIBERTY HS ACADEMY-NEWCOMERS	8E+11	40.74182	-74.000238	10011	Chelsea - Clinton
71M550	Liberty High School Academy for Newcomers	Living Environment	Living_Env	2023	64.79	84	32.14	67.86	0	0	29	Transfer School	0	1	90	82	2	44	1	83	22	23	23	LIBERTY HS ACADEMY-NEWCOMERS	8E+11	40.74182	-74.000238	10011	Chelsea - Clinton
71M550	Liberty High School Academy for Newcomers	Common Core Algebra	Algebra_I	2023	61.17	165	25.45	74.55	0	0	29	Transfer School	0	1	90	82	2	44	1	83	22	23	22	LIBERTY HS ACADEMY-NEWCOMERS	8E+11	40.74182	-74.000238	10011	Chelsea - Clinton
71M551	Urban Assembly New York Harbor School	Living Environment	Living_Env	2023	68.08	77	24.68	50.65	0	24.68	41	Career Technical	1	0	3	61	29	4	1	88	28	20	20	URBAN ASSEMBLY NY HARBOR SCHOOL	8E+11	40.689493	-74.018941	10004	Lower Manhattan
71M551	Urban Assembly New York Harbor School	Common Core Algebra	Algebra_I	2023	60.95	92	25	50	0	25	41	Career Technical	1	0	3	61	29	4	1	88	28	20	28	URBAN ASSEMBLY NY HARBOR SCHOOL	8E+11	40.689493	-74.018941	10004	Lower Manhattan
71M551	Urban Assembly New York Harbor School	Common Core English	ELA	2023	78.47	115	23.48	43.48	0	33.04	41	Career Technical	1	0	3	61	29	4	1	88	28	20	24	URBAN ASSEMBLY NY HARBOR SCHOOL	8E+11	40.689493	-74.018941	10004	Lower Manhattan
71M552	Gregorio Luperon High School for Science and Mathematics	Living Environment	Living_Env	2023	63.1	165	0	100	0	0	38	General Academic	0	0	76	88	8	36	1	90	25	25	25	GREGORIO LUPERON HS-SCI & MATH	8E+11	40.8381	-73.9383	10032	Washington Heights - Inwood
71M552	Gregorio Luperon High School for Science and Mathematics	Common Core Algebra	Algebra_I	2023	64	213	0	100	0	0	38	General Academic	0	0	76	88	8	36	1	90	25	25	25	GREGORIO LUPERON HS-SCI & MATH	8E+11	40.8381	-73.9383	10032	Washington Heights - Inwood
71M555	Central Park East High School	Common Core Algebra	Algebra_I	2023	77.9	37	0	83.78	16.22	0	34	General Academic	0	0	2	79	22	6	1	96	20	31	20	CENTRAL PARK EAST HIGH SCHOOL	8E+11	40.793649	-73.948488	10029	East Harlem
71M555	Central Park East High School	Living Environment	Living_Env	2023	70.69	77	38.96	61.04	0	0	34	General Academic	0	0	2	79	22	6	1	96	20	31	31	CENTRAL PARK EAST HIGH SCHOOL	8E+11	40.793649	-73.948488	10029	East Harlem
71M555	Central Park East High School	Common Core English	ELA	2023	80.91	135	21.48	54.81	23.7	0	34	General Academic	0	0	2	79	22	6	1	96	20	31	25.5	CENTRAL PARK EAST HIGH SCHOOL	8E+11	40.793649	-73.948488	10029	East Harlem
71M565	Urban Academy Laboratory High School	Common Core English	ELA	2023	76.1	26	50	0	0	50	15	Transfer School	0	1	4	52	19	9	1	84				URBAN ACAD LABORATORY HIGH SCHOOL	8E+11	40.765638	-73.959777	10065	Upper East Side
71M570	Brownsville Academy High School	Common Core English	ELA	2023	58.03	54	81.48	18.52	0	0	12	Transfer School	0	1	12	85	23	13	1	60	20	18	19	SATELLITE ACADEMY HIGH SCHOOL	8E+11	40.666251	-73.923881	11212	Bedford Stuyvesant - Crown Heights
73K553	Brownsville Academy High School	Common Core English	ELA	2023	58.03	54	81.48	18.52	0	0	11	Transfer School	0	1	2	87	33	11	1	57	9	10	9.5	BROOKLYN ACADEMY HIGH SCHOOL	8E+11	40.666251	-73.923881	11212	Bedford Stuyvesant - Crown Heights
76K568	Brownsville Academy High School	Common Core English	ELA	2023	58.03	54	81.48	18.52	0	0	6	Transfer School	0	1	5	84	34	10	1	59	6	5	5.5	BROWNSVILLE ACADEMY HIGH SCHOOL	8E+11	40.666251	-73.923881	11212	Bedford Stuyvesant - Crown Heights
71M575	Manhattan Comprehensive Night and Day High School	Living Environment	Living_Env	2023	65.72	83	46.99	53.01	0	0	44	Transfer School	0	1	64	83	8	9	1	73	20	15	15	MANHATTAN COMP NIGHT AND DAY HS	8E+11	40.732699	-73.984333	10003	Union Square - Lower East Side
71M575	Manhattan Comprehensive Night and Day High School	Common Core English	ELA	2023	68.12	125	30.4	60	9.6	0	44	Transfer School	0	1	64	83	8	9	1	73	20	15	17.5	MANHATTAN COMP NIGHT AND DAY HS	8E+11	40.732699	-73.984333	10003	Union Square - Lower East Side
71M575	Manhattan Comprehensive Night and Day High School	Common Core Algebra	Algebra_I	2023	63.81	168	23.81	63.69	6.55	5.95	44	Transfer School	0	1	64	83	8	9	1	73	20	15	20	MANHATTAN COMP NIGHT AND DAY HS	8E+11	40.732699	-73.984333	10003	Union Square - Lower East Side
71M580	Richard R. Green High School of Teaching	Living Environment	Living_Env	2023	71.43	60	16.67	50	18.33	15	22	General Academic	0	0	3	71	17	7	1	87	12	14	14	RICHARD R GREEN HS OF TEACHING	8E+11	40.705688	-74.013303	10004	Lower Manhattan
71M580	Richard R. Green High School of Teaching	Common Core Algebra	Algebra_I	2023	57.3	63	22.22	60.32	0	17.46	22	General Academic	0	0	3	71	17	7	1	87	12	14	12	RICHARD R GREEN HS OF TEACHING	8E+11	40.705688	-74.013303	10004	Lower Manhattan
71M580	Richard R. Green High School of Teaching	Common Core English	ELA	2023	75.76	79	20.25	54.43	0	25.32	22	General Academic	0	0	3	71	17	7	1	87	12	14	13	RICHARD R GREEN HS OF TEACHING	8E+11	40.705688	-74.013303	10004	Lower Manhattan
71M586	Harvey Milk High School	Common Core Algebra	Algebra_I	2023	68.7	10	0	100	0	0	10	Transfer School	0	1	4	80	43	12	1	70	18	15	18	HARVEY MILK HIGH SCHOOL	8E+11	40.729661	-73.992343	10003	Union Square - Lower East Side
71M586	Harvey Milk High School	Common Core English	ELA	2023	79.9	14	0	100	0	0	10	Transfer School	0	1	4	80	43	12	1	70	18	15	16.5	HARVEY MILK HIGH SCHOOL	8E+11	40.729661	-73.992343	10003	Union Square - Lower East Side
71M600	The High School of Fashion Industries	Common Core Algebra	Algebra_I	2023	67.49	284	24.3	67.25	3.87	4.58	110	Career Technical	1	0	4	81	20	9	1	89	25	28	25	HIGH SCHOOL OF FASHION INDUSTRIES	8E+11	40.745677	-73.996354	10011	Chelsea - Clinton
71M600	The High School of Fashion Industries	Living Environment	Living_Env	2023	67.86	293	24.23	65.19	3.75	6.83	110	Career Technical	1	0	4	81	20	9	1	89	25	28	28	HIGH SCHOOL OF FASHION INDUSTRIES	8E+11	40.745677	-73.996354	10011	Chelsea - Clinton
71M600	The High School of Fashion Industries	Common Core English	ELA	2023	78.31	393	29.52	62.6	3.31	4.58	110	Career Technical	1	0	4	81	20	9	1	89	25	28	26.5	HIGH SCHOOL OF FASHION INDUSTRIES	8E+11	40.745677	-73.996354	10011	Chelsea - Clinton
71M605	Humanities Preparatory Academy	Common Core English	ELA	2023	79.66	58	15.52	48.28	0	36.21	21	Transfer School	0	1	5	69	24	10	1	86	18	24	21	HUMANITIES PREP ACADEMY	8E+11	40.743407	-74.00254	10011	Chelsea - Clinton
71M615	Chelsea Career and Technical Education High School	Living Environment	Living_Env	2023	68.01	53	30.19	54.72	15.09	0	34	Career Technical	1	0	4	83	28	6	1	85	15	17	17	CHELSEA CAREER AND TECH ED HS	8E+11	40.72463	-74.005058	10013	Greenwich Village - SoHo
71M615	Chelsea Career and Technical Education High School	Common Core Algebra	Algebra_I	2023	58.3	68	36.76	63.24	0	0	34	Career Technical	1	0	4	83	28	6	1	85	15	17	15	CHELSEA CAREER AND TECH ED HS	8E+11	40.72463	-74.005058	10013	Greenwich Village - SoHo
71M615	Chelsea Career and Technical Education High School	Common Core English	ELA	2023	70.63	72	33.33	66.67	0	0	34	Career Technical	1	0	4	83	28	6	1	85	15	17	16	CHELSEA CAREER AND TECH ED HS	8E+11	40.72463	-74.005058	10013	Greenwich Village - SoHo
71M630	Art and Design High School	Common Core Algebra	Algebra_I	2023	75.02	162	15.43	45.06	11.73	27.78	97	Career Technical	1	0	1	52	24	4	1	89	14	15	14	ART AND DESIGN HIGH SCHOOL	8E+11	40.759248	-73.967204	10022	Gramercy Park - Murray Hill
71M630	Art and Design High School	Living Environment	Living_Env	2023	78.76	191	13.09	47.64	12.04	27.23	97	Career Technical	1	0	1	52	24	4	1	89	14	15	15	ART AND DESIGN HIGH SCHOOL	8E+11	40.759248	-73.967204	10022	Gramercy Park - Murray Hill
71M630	Art and Design High School	Common Core English	ELA	2023	81.64	524	15.08	44.27	11.64	29.01	97	Career Technical	1	0	1	52	24	4	1	89	14	15	14.5	ART AND DESIGN HIGH SCHOOL	8E+11	40.759248	-73.967204	10022	Gramercy Park - Murray Hill
71M650	Cascades High School	Living Environment	Living_Env	2023	61	12	0	100	0	0	13	Transfer School	0	1	9	97	46	12	1	54	13	9	9	CASCADES HIGH SCHOOL	8E+11	40.722415	-73.990468	10002	Union Square - Lower East Side
71M650	Cascades High School	Common Core Algebra	Algebra_I	2023	58	15	0	100	0	0	13	Transfer School	0	1	9	97	46	12	1	54	13	9	13	CASCADES HIGH SCHOOL	8E+11	40.722415	-73.990468	10002	Union Square - Lower East Side
71M650	Cascades High School	Common Core English	ELA	2023	62.11	38	42.11	57.89	0	0	13	Transfer School	0	1	9	97	46	12	1	54	13	9	11	CASCADES HIGH SCHOOL	8E+11	40.722415	-73.990468	10002	Union Square - Lower East Side
71M655	The High School for Climate Justice	Living Environment	Living_Env	2023	61.27	43	16.28	67.44	16.28	0	27	General Academic	0	0	7	89	25	17	1	74	16	19	19	HIGH SCHOOL-CLIMATE JUSTICE 	8E+11	40.78358769	-73.9458592	10128	Upper East Side
71M655	The High School for Climate Justice	Common Core Algebra	Algebra_I	2023	57.92	56	33.93	66.07	0	0	27	General Academic	0	0	7	89	25	17	1	74	16	19	16	HIGH SCHOOL-CLIMATE JUSTICE 	8E+11	40.78358769	-73.9458592	10128	Upper East Side
71M655	The High School for Climate Justice	Common Core English	ELA	2023	70.16	60	21.67	78.33	0	0	27	General Academic	0	0	7	89	25	17	1	74	16	19	17.5	HIGH SCHOOL-CLIMATE JUSTICE 	8E+11	40.78358769	-73.9458592	10128	Upper East Side
72X213	Bronx Engineering and Technology Academy	Living Environment	Living_Env	2023	57.74	69	26.09	73.91	0	0	31	General Academic	0	0	11	94	31	10	1	82	21	23	23	BRONX ENG & TECH ACADEMY	8E+11	40.877379	-73.912686	10463	Kingsbridge - Riverdale
72X213	Bronx Engineering and Technology Academy	Common Core Algebra	Algebra_I	2023	57.52	87	28.74	71.26	0	0	31	General Academic	0	0	11	94	31	10	1	82	21	23	21	BRONX ENG & TECH ACADEMY	8E+11	40.877379	-73.912686	10463	Kingsbridge - Riverdale
72X213	Bronx Engineering and Technology Academy	Common Core English	ELA	2023	63.87	174	29.31	60.92	4.6	5.17	31	General Academic	0	0	11	94	31	10	1	82	21	23	22	BRONX ENG & TECH ACADEMY	8E+11	40.877379	-73.912686	10463	Kingsbridge - Riverdale
72X227	Bronx Collegiate Academy	Living Environment	Living_Env	2023	64.2	96	32.29	67.71	0	0	27	General Academic	0	0	12	90	23	14	1	88	15	21	21	BRONX COLLEGIATE ACADEMY	8E+11	40.839307	-73.911366	10457	Crotona - Tremont
72X227	Bronx Collegiate Academy	Common Core Algebra	Algebra_I	2023	64.85	189	26.98	73.02	0	0	27	General Academic	0	0	12	90	23	14	1	88	15	21	15	BRONX COLLEGIATE ACADEMY	8E+11	40.839307	-73.911366	10457	Crotona - Tremont
72X227	Bronx Collegiate Academy	Common Core English	ELA	2023	62.1	248	27.82	72.18	0	0	27	General Academic	0	0	12	90	23	14	1	88	15	21	18	BRONX COLLEGIATE ACADEMY	8E+11	40.839307	-73.911366	10457	Crotona - Tremont
73K555	Bronx Collegiate Academy	Living Environment	Living_Env	2023	64.2	96	32.29	67.71	0	0	34	General Academic	0	0	1	73	16	4	1	91	20	13	13	BROOKLYN COLLEGE ACADEMY	8E+11	40.839307	-73.911366	10457	Crotona - Tremont
73K555	Bronx Collegiate Academy	Common Core Algebra	Algebra_I	2023	64.85	189	26.98	73.02	0	0	34	General Academic	0	0	1	73	16	4	1	91	20	13	20	BROOKLYN COLLEGE ACADEMY	8E+11	40.839307	-73.911366	10457	Crotona - Tremont
73K555	Bronx Collegiate Academy	Common Core English	ELA	2023	62.1	248	27.82	72.18	0	0	34	General Academic	0	0	1	73	16	4	1	91	20	13	16.5	BROOKLYN COLLEGE ACADEMY	8E+11	40.839307	-73.911366	10457	Crotona - Tremont
72X237	The Marie Curie School for Medicine, Nursing, and Health Professions	Living Environment	Living_Env	2023	62.04	44	29.55	70.45	0	0	25	General Academic	0	0	13	88	22	11	1	79	26	19	19	MARIE CURIE HIGH SCHOOL-NURSING	8E+11	40.875636	-73.901565	10463	Kingsbridge - Riverdale
72X237	The Marie Curie School for Medicine, Nursing, and Health Professions	Common Core English	ELA	2023	57.43	49	38.78	61.22	0	0	25	General Academic	0	0	13	88	22	11	1	79	26	19	22.5	MARIE CURIE HIGH SCHOOL-NURSING	8E+11	40.875636	-73.901565	10463	Kingsbridge - Riverdale
72X237	The Marie Curie School for Medicine, Nursing, and Health Professions	Common Core Algebra	Algebra_I	2023	53.23	100	31	69	0	0	25	General Academic	0	0	13	88	22	11	1	79	26	19	26	MARIE CURIE HIGH SCHOOL-NURSING	8E+11	40.875636	-73.901565	10463	Kingsbridge - Riverdale
72X249	Bronx Health Sciences High School	Common Core English	ELA	2023	79.5	39	66.67	33.33	0	0	25	General Academic	0	0	7	84	18	11	1	83	24	22	23	BRONX HEALTH SCIENCES HIGH SCHOOL	8E+11	40.874035	-73.831669	10475	Northeast Bronx
72X249	Bronx Health Sciences High School	Living Environment	Living_Env	2023	59.14	79	54.43	45.57	0	0	25	General Academic	0	0	7	84	18	11	1	83	24	22	22	BRONX HEALTH SCIENCES HIGH SCHOOL	8E+11	40.874035	-73.831669	10475	Northeast Bronx
72X249	Bronx Health Sciences High School	Common Core Algebra	Algebra_I	2023	57.02	97	59.79	40.21	0	0	25	General Academic	0	0	7	84	18	11	1	83	24	22	24	BRONX HEALTH SCIENCES HIGH SCHOOL	8E+11	40.874035	-73.831669	10475	Northeast Bronx
72X250	Eximius College Preparatory Academy: A College Board School	Common Core Algebra	Algebra_I	2023	68.6	52	0	100	0	0	28	General Academic	0	0	8	92	25	12	1	89	26	22	26	EXIMIUS COLLEGE PREP ACADEMY	8E+11	40.833884	-73.902794	10456	High Bridge - Morrisania
72X250	Eximius College Preparatory Academy: A College Board School	Living Environment	Living_Env	2023	59.7	57	0	100	0	0	28	General Academic	0	0	8	92	25	12	1	89	26	22	22	EXIMIUS COLLEGE PREP ACADEMY	8E+11	40.833884	-73.902794	10456	High Bridge - Morrisania
72X250	Eximius College Preparatory Academy: A College Board School	Common Core English	ELA	2023	74.83	81	32.1	67.9	0	0	28	General Academic	0	0	8	92	25	12	1	89	26	22	24	EXIMIUS COLLEGE PREP ACADEMY	8E+11	40.833884	-73.902794	10456	High Bridge - Morrisania
72X251	Explorations Academy High School	Living Environment	Living_Env	2023	56.89	68	30.88	69.12	0	0	27	General Academic	0	0	18	94	33	14	1	89	20	18	18	EXPLORATIONS ACADEMY HS	8E+11	40.836245	-73.890591	10460	Crotona - Tremont
72X251	Explorations Academy High School	Common Core Algebra	Algebra_I	2023	52.23	86	30.23	69.77	0	0	27	General Academic	0	0	18	94	33	14	1	89	20	18	20	EXPLORATIONS ACADEMY HS	8E+11	40.836245	-73.890591	10460	Crotona - Tremont
72X251	Explorations Academy High School	Common Core English	ELA	2023	61.5	88	31.82	68.18	0	0	27	General Academic	0	0	18	94	33	14	1	89	20	18	19	EXPLORATIONS ACADEMY HS	8E+11	40.836245	-73.890591	10460	Crotona - Tremont
72X252	Mott Hall Bronx High School	Living Environment	Living_Env	2023	59.25	71	21.13	78.87	0	0	31	General Academic	0	0	16	94	25	12	1	83	18	26	26	MOTT HALL BRONX HIGH SCHOOL	8E+11	40.839508	-73.901774	10457	Crotona - Tremont
72X252	Mott Hall Bronx High School	Common Core English	ELA	2023	75.58	81	32.1	67.9	0	0	31	General Academic	0	0	16	94	25	12	1	83	18	26	22	MOTT HALL BRONX HIGH SCHOOL	8E+11	40.839508	-73.901774	10457	Crotona - Tremont
72X252	Mott Hall Bronx High School	Common Core Algebra	Algebra_I	2023	57.72	95	24.21	75.79	0	0	31	General Academic	0	0	16	94	25	12	1	83	18	26	18	MOTT HALL BRONX HIGH SCHOOL	8E+11	40.839508	-73.901774	10457	Crotona - Tremont
72X253	Bronx High School for Writing and Communication Arts	Common Core English	ELA	2023	70.97	47	61.7	38.3	0	0	18	General Academic	0	0	10	87	23	15	1	79	21	24	22.5	BRONX HIGH SCH-WRITING & COMM ARTS	8E+11	40.875172	-73.861649	10467	Fordham - Bronx Park
72X253	Bronx High School for Writing and Communication Arts	Living Environment	Living_Env	2023	55.07	49	67.35	32.65	0	0	18	General Academic	0	0	10	87	23	15	1	79	21	24	24	BRONX HIGH SCH-WRITING & COMM ARTS	8E+11	40.875172	-73.861649	10467	Fordham - Bronx Park
72X253	Bronx High School for Writing and Communication Arts	Common Core Algebra	Algebra_I	2023	57.3	65	67.69	32.31	0	0	18	General Academic	0	0	10	87	23	15	1	79	21	24	21	BRONX HIGH SCH-WRITING & COMM ARTS	8E+11	40.875172	-73.861649	10467	Fordham - Bronx Park
72X260	Bronx Center for Science and Mathematics	Living Environment	Living_Env	2023	63.9	52	0	100	0	0	30	General Academic	0	0	7	91	23	8	1	86	14	11	11	BRONX CENTER FOR SCI & MATH	8E+11	40.833884	-73.902794	10456	High Bridge - Morrisania
72X260	Bronx Center for Science and Mathematics	Common Core Algebra	Algebra_I	2023	62.56	94	34.04	65.96	0	0	30	General Academic	0	0	7	91	23	8	1	86	14	11	14	BRONX CENTER FOR SCI & MATH	8E+11	40.833884	-73.902794	10456	High Bridge - Morrisania
72X260	Bronx Center for Science and Mathematics	Common Core English	ELA	2023	77.69	95	29.47	60	10.53	0	30	General Academic	0	0	7	91	23	8	1	86	14	11	12.5	BRONX CENTER FOR SCI & MATH	8E+11	40.833884	-73.902794	10456	High Bridge - Morrisania
72X263	Validus Preparatory Academy	Living Environment	Living_Env	2023	58.7	59	0	100	0	0	24	General Academic	0	0	12	100	30	15	1	83	13	16	16	VALIDUS PREP ACADEMY	8E+11	40.839508	-73.901774	10457	Crotona - Tremont
72X263	Validus Preparatory Academy	Common Core Algebra	Algebra_I	2023	56.5	63	0	100	0	0	24	General Academic	0	0	12	100	30	15	1	83	13	16	13	VALIDUS PREP ACADEMY	8E+11	40.839508	-73.901774	10457	Crotona - Tremont
72X263	Validus Preparatory Academy	Common Core English	ELA	2023	67.02	99	43.43	56.57	0	0	24	General Academic	0	0	12	100	30	15	1	83	13	16	14.5	VALIDUS PREP ACADEMY	8E+11	40.839508	-73.901774	10457	Crotona - Tremont
72X264	Bronx Academy for Software Engineering (BASE)	Living Environment	Living_Env	2023	65.7	69	21.74	78.26	0	0	39	Career Technical	1	0	9	86	31	13	1	80	13	13	13	BRONX ACAD FOR SOFTWARE ENGINEERING	8E+11	40.855392	-73.882487	10458	Fordham - Bronx Park
72X264	Bronx Academy for Software Engineering (BASE)	Common Core English	ELA	2023	71.29	90	31.11	68.89	0	0	39	Career Technical	1	0	9	86	31	13	1	80	13	13	13	BRONX ACAD FOR SOFTWARE ENGINEERING	8E+11	40.855392	-73.882487	10458	Fordham - Bronx Park
72X264	Bronx Academy for Software Engineering (BASE)	Common Core Algebra	Algebra_I	2023	61.86	109	24.77	75.23	0	0	39	Career Technical	1	0	9	86	31	13	1	80	13	13	13	BRONX ACAD FOR SOFTWARE ENGINEERING	8E+11	40.855392	-73.882487	10458	Fordham - Bronx Park
72X265	Brooklyn Lab School	Living Environment	Living_Env	2023	61.84	115	19.13	71.3	9.57	0	23	General Academic	0	0	12	84	28	6	1	77		16	16	BRONX LAB SCHOOL	8E+11	40.693002	-73.869305	11208	East New York
72X265	Brooklyn Lab School	Common Core English	ELA	2023	55.52	226	25.66	62.39	11.95	0	23	General Academic	0	0	12	84	28	6	1	77		16	16	BRONX LAB SCHOOL	8E+11	40.693002	-73.869305	11208	East New York
72X265	Brooklyn Lab School	Common Core Algebra	Algebra_I	2023	58.99	263	23.95	61.98	11.41	2.66	23	General Academic	0	0	12	84	28	6	1	77		16		BRONX LAB SCHOOL	8E+11	40.693002	-73.869305	11208	East New York
73K639	Brooklyn Lab School	Living Environment	Living_Env	2023	61.84	115	19.13	71.3	9.57	0	27	General Academic	0	0	21	87	22	11	1	87	26	26	26	BROOKLYN LAB SCHOOL	8E+11	40.693002	-73.869305	11208	East New York
73K639	Brooklyn Lab School	Common Core English	ELA	2023	55.52	226	25.66	62.39	11.95	0	27	General Academic	0	0	21	87	22	11	1	87	26	26	26	BROOKLYN LAB SCHOOL	8E+11	40.693002	-73.869305	11208	East New York
73K639	Brooklyn Lab School	Common Core Algebra	Algebra_I	2023	58.99	263	23.95	61.98	11.41	2.66	27	General Academic	0	0	21	87	22	11	1	87	26	26	26	BROOKLYN LAB SCHOOL	8E+11	40.693002	-73.869305	11208	East New York
72X268	Kingsbridge International High School	Living Environment	Living_Env	2023	59.5	69	0	100	0	0	18	General Academic	0	0	90	97	3	41	1	85	20	17	17	KINGSBRIDGE INTERNATIONAL HS	8E+11	40.869061	-73.897066	10468	Fordham - Bronx Park
72X268	Kingsbridge International High School	Common Core English	ELA	2023	43	99	0	100	0	0	18	General Academic	0	0	90	97	3	41	1	85	20	17	18.5	KINGSBRIDGE INTERNATIONAL HS	8E+11	40.869061	-73.897066	10468	Fordham - Bronx Park
72X268	Kingsbridge International High School	Common Core Algebra	Algebra_I	2023	61.4	108	0	100	0	0	18	General Academic	0	0	90	97	3	41	1	85	20	17	20	KINGSBRIDGE INTERNATIONAL HS	8E+11	40.869061	-73.897066	10468	Fordham - Bronx Park
72X270	Academy for Scholarship and Entrepreneurship: A College Board School	Living Environment	Living_Env	2023	62.45	68	75	25	0	0	28	General Academic	0	0	4	86	22	10	1	90	12	13	13	ACAD-SCHOLARSHIP & ENTREPRENEURSHIP	8E+11	40.888242	-73.852714	10466	Northeast Bronx
72X270	Academy for Scholarship and Entrepreneurship: A College Board School	Common Core English	ELA	2023	67.14	84	63.1	36.9	0	0	28	General Academic	0	0	4	86	22	10	1	90	12	13	12.5	ACAD-SCHOLARSHIP & ENTREPRENEURSHIP	8E+11	40.888242	-73.852714	10466	Northeast Bronx
72X270	Academy for Scholarship and Entrepreneurship: A College Board School	Common Core Algebra	Algebra_I	2023	56.81	110	64.55	35.45	0	0	28	General Academic	0	0	4	86	22	10	1	90	12	13	12	ACAD-SCHOLARSHIP & ENTREPRENEURSHIP	8E+11	40.888242	-73.852714	10466	Northeast Bronx
72X275	High School of Computers and Technology	Living Environment	Living_Env	2023	61.45	103	45.63	54.37	0	0	35	Career Technical	1	0	8	77	30	7	1	87	19	19	19	HIGH SCHOOL-COMPUTERS & TECHNOLOGY	8E+11	40.875172	-73.861649	10467	Fordham - Bronx Park
72X275	High School of Computers and Technology	Common Core English	ELA	2023	66.82	148	44.59	55.41	0	0	35	Career Technical	1	0	8	77	30	7	1	87	19	19	19	HIGH SCHOOL-COMPUTERS & TECHNOLOGY	8E+11	40.875172	-73.861649	10467	Fordham - Bronx Park
72X275	High School of Computers and Technology	Common Core Algebra	Algebra_I	2023	62.47	162	44.44	51.85	0	3.7	35	Career Technical	1	0	8	77	30	7	1	87	19	19	19	HIGH SCHOOL-COMPUTERS & TECHNOLOGY	8E+11	40.875172	-73.861649	10467	Fordham - Bronx Park
72X282	Women's Academy of Excellence	Living Environment	Living_Env	2023	55.58	44	34.09	47.73	18.18	0	17	General Academic	0	0	19	89	18	15	1	84	11	12	12	WOMEN'S ACADEMY OF EXCELLENCE	8E+11	40.815043	-73.85607	10473	Pelham - Throgs Neck
72X282	Women's Academy of Excellence	Common Core Algebra	Algebra_I	2023	59.88	59	32.2	50.85	16.95	0	17	General Academic	0	0	19	89	18	15	1	84	11	12	11	WOMEN'S ACADEMY OF EXCELLENCE	8E+11	40.815043	-73.85607	10473	Pelham - Throgs Neck
72X282	Women's Academy of Excellence	Common Core English	ELA	2023	62.48	63	36.51	46.03	0	17.46	17	General Academic	0	0	19	89	18	15	1	84	11	12	11.5	WOMEN'S ACADEMY OF EXCELLENCE	8E+11	40.815043	-73.85607	10473	Pelham - Throgs Neck
72X284	Bronx School of Law and Finance	Common Core Algebra	Algebra_I	2023	57.04	77	15.58	84.42	0	0	25	General Academic	0	0	12	90	22	15	1	80	17	22	17	BRONX SCHOOL OF LAW & FINANCE	8E+11	40.877379	-73.912686	10463	Kingsbridge - Riverdale
72X284	Bronx School of Law and Finance	Living Environment	Living_Env	2023	56.23	85	14.12	85.88	0	0	25	General Academic	0	0	12	90	22	15	1	80	17	22	22	BRONX SCHOOL OF LAW & FINANCE	8E+11	40.877379	-73.912686	10463	Kingsbridge - Riverdale
72X284	Bronx School of Law and Finance	Common Core English	ELA	2023	63.84	93	24.73	75.27	0	0	25	General Academic	0	0	12	90	22	15	1	80	17	22	19.5	BRONX SCHOOL OF LAW & FINANCE	8E+11	40.877379	-73.912686	10463	Kingsbridge - Riverdale
72X288	Collegiate Institute for Math and Science	Living Environment	Living_Env	2023	64.92	98	25.51	37.76	19.39	17.35	32	General Academic	0	0	7	78	22	10	1	91	22	32	32	COLLEGIATE INST-MATH & SCIENCE	8E+11	40.860443	-73.860729	10469	Northeast Bronx
72X288	Collegiate Institute for Math and Science	Common Core Algebra	Algebra_I	2023	66.54	115	24.35	40.87	16.52	18.26	32	General Academic	0	0	7	78	22	10	1	91	22	32	22	COLLEGIATE INST-MATH & SCIENCE	8E+11	40.860443	-73.860729	10469	Northeast Bronx
72X288	Collegiate Institute for Math and Science	Common Core English	ELA	2023	75.42	125	37.6	42.4	0	20	32	General Academic	0	0	7	78	22	10	1	91	22	32	27	COLLEGIATE INST-MATH & SCIENCE	8E+11	40.860443	-73.860729	10469	Northeast Bronx
72X290	Bronx Academy of Health Careers	Living Environment	Living_Env	2023	59.17	65	50.77	49.23	0	0	26	General Academic	0	0	12	89	25	18	1	87	28	26	26	BRONX ACADEMY OF HEALTH CAREERS	8E+11	40.875172	-73.861649	10467	Fordham - Bronx Park
72X290	Bronx Academy of Health Careers	Common Core Algebra	Algebra_I	2023	52.99	102	47.06	52.94	0	0	26	General Academic	0	0	12	89	25	18	1	87	28	26	28	BRONX ACADEMY OF HEALTH CAREERS	8E+11	40.875172	-73.861649	10467	Fordham - Bronx Park
72X290	Bronx Academy of Health Careers	Common Core English	ELA	2023	63.98	120	43.33	56.67	0	0	26	General Academic	0	0	12	89	25	18	1	87	28	26	27	BRONX ACADEMY OF HEALTH CAREERS	8E+11	40.875172	-73.861649	10467	Fordham - Bronx Park
72X293	Renaissance High School for Musical Theater and the Arts	Living Environment	Living_Env	2023	64.04	81	25.93	66.67	0	7.41	34	General Academic	0	0	5	78	25	7	1	82	23	27	27	RENAISSANCE HIGH SCHOOL-MTA	8E+11	40.839775	-73.839583	10461	Pelham - Throgs Neck
72X293	Renaissance High School for Musical Theater and the Arts	Common Core English	ELA	2023	73.2	105	23.81	66.67	0	9.52	34	General Academic	0	0	5	78	25	7	1	82	23	27	25	RENAISSANCE HIGH SCHOOL-MTA	8E+11	40.839775	-73.839583	10461	Pelham - Throgs Neck
72X293	Renaissance High School for Musical Theater and the Arts	Common Core Algebra	Algebra_I	2023	53.51	108	25.93	68.52	0	5.56	34	General Academic	0	0	5	78	25	7	1	82	23	27	23	RENAISSANCE HIGH SCHOOL-MTA	8E+11	40.839775	-73.839583	10461	Pelham - Throgs Neck
72X297	Morris Academy for Collaborative Studies	Living Environment	Living_Env	2023	67.7	53	0	100	0	0	38	General Academic	0	0	8	97	29	9	1	83	16	18	18	MORRIS ACADEMY FOR COLLA STUDIES	8E+11	40.827455	-73.90392	10456	High Bridge - Morrisania
72X297	Morris Academy for Collaborative Studies	Common Core English	ELA	2023	70.62	197	27.92	72.08	0	0	38	General Academic	0	0	8	97	29	9	1	83	16	18	17	MORRIS ACADEMY FOR COLLA STUDIES	8E+11	40.827455	-73.90392	10456	High Bridge - Morrisania
72X297	Morris Academy for Collaborative Studies	Common Core Algebra	Algebra_I	2023	64.73	206	29.61	70.39	0	0	38	General Academic	0	0	8	97	29	9	1	83	16	18	16	MORRIS ACADEMY FOR COLLA STUDIES	8E+11	40.827455	-73.90392	10456	High Bridge - Morrisania
72X299	Astor Collegiate Academy	Living Environment	Living_Env	2023	59.14	90	38.89	51.11	10	0	32	General Academic	0	0	12	86	24	10	1	88	25	21	21	ASTOR COLLEGIATE ACADEMY	8E+11	40.860443	-73.860729	10469	Northeast Bronx
72X299	Astor Collegiate Academy	Common Core Algebra	Algebra_I	2023	60.89	127	33.86	47.24	11.81	7.09	32	General Academic	0	0	12	86	24	10	1	88	25	21	25	ASTOR COLLEGIATE ACADEMY	8E+11	40.860443	-73.860729	10469	Northeast Bronx
72X299	Astor Collegiate Academy	Common Core English	ELA	2023	67.72	181	33.15	49.72	0	17.13	32	General Academic	0	0	12	86	24	10	1	88	25	21	23	ASTOR COLLEGIATE ACADEMY	8E+11	40.860443	-73.860729	10469	Northeast Bronx
72X312	Millennium Art Academy	Living Environment	Living_Env	2023	70.24	63	28.57	71.43	0	0	36	General Academic	0	0	6	88	27	11	1	80	18	13	13	MILLENIUM ART ACADEMY	8E+11	40.821218	-73.85593	10473	Pelham - Throgs Neck
72X312	Millennium Art Academy	Common Core English	ELA	2023	71.34	128	30.47	69.53	0	0	36	General Academic	0	0	6	88	27	11	1	80	18	13	15.5	MILLENIUM ART ACADEMY	8E+11	40.821218	-73.85593	10473	Pelham - Throgs Neck
72X312	Millennium Art Academy	Common Core Algebra	Algebra_I	2023	57.1	157	29.3	70.7	0	0	36	General Academic	0	0	6	88	27	11	1	80	18	13	18	MILLENIUM ART ACADEMY	8E+11	40.821218	-73.85593	10473	Pelham - Throgs Neck
72X320	Pelham Lab High School	Living Environment	Living_Env	2023	59.39	49	26.53	73.47	0	0	29	General Academic	0	0	7	85	26	8	1	81	22	15	15	PELHAM LAB HIGH SCHOOL	8E+11	40.839775	-73.839583	10461	Pelham - Throgs Neck
72X320	Pelham Lab High School	Common Core English	ELA	2023	61.57	117	28.21	61.54	10.26	0	29	General Academic	0	0	7	85	26	8	1	81	22	15	18.5	PELHAM LAB HIGH SCHOOL	8E+11	40.839775	-73.839583	10461	Pelham - Throgs Neck
72X320	Pelham Lab High School	Common Core Algebra	Algebra_I	2023	56.56	155	29.03	59.35	5.81	5.81	29	General Academic	0	0	7	85	26	8	1	81	22	15	22	PELHAM LAB HIGH SCHOOL	8E+11	40.839775	-73.839583	10461	Pelham - Throgs Neck
72X329	DreamYard Preparatory School	Living Environment	Living_Env	2023	57.18	82	23.17	76.83	0	0	26	General Academic	0	0	17	94	30	21	1	83	24	24	24	DREAMYARD PREPARATORY SCHOOL	8E+11	40.839307	-73.911366	10457	Crotona - Tremont
72X329	DreamYard Preparatory School	Common Core English	ELA	2023	69.38	151	28.48	71.52	0	0	26	General Academic	0	0	17	94	30	21	1	83	24	24	24	DREAMYARD PREPARATORY SCHOOL	8E+11	40.839307	-73.911366	10457	Crotona - Tremont
72X329	DreamYard Preparatory School	Common Core Algebra	Algebra_I	2023	55.47	180	27.78	72.22	0	0	26	General Academic	0	0	17	94	30	21	1	83	24	24	24	DREAMYARD PREPARATORY SCHOOL	8E+11	40.839307	-73.911366	10457	Crotona - Tremont
72X334	International Community High School	Common Core English	ELA	2023	58.46	83	21.69	78.31	0	0	27	General Academic	0	0	88	99	10	43	1	85				INTERNATIONAL COMMUNITY HS	8E+11	40.810314	-73.918774	10454	Hunts Point - Mott Haven
72X348	Schuylerville Preparatory High School	Living Environment	Living_Env	2023	58.7	106	25.47	52.83	10.38	11.32	27	General Academic	0	0	16	78	20	10	1	79	29	31	31	SCHUYLERVILLE PREP HS	8E+11	40.839775	-73.839583	10461	Pelham - Throgs Neck
72X348	Schuylerville Preparatory High School	Common Core Algebra	Algebra_I	2023	54.4	113	26.55	55.75	8.85	8.85	27	General Academic	0	0	16	78	20	10	1	79	29	31	29	SCHUYLERVILLE PREP HS	8E+11	40.839775	-73.839583	10461	Pelham - Throgs Neck
72X348	Schuylerville Preparatory High School	Common Core English	ELA	2023	56.53	151	31.13	53.64	6.62	8.61	27	General Academic	0	0	16	78	20	10	1	79	29	31	30	SCHUYLERVILLE PREP HS	8E+11	40.839775	-73.839583	10461	Pelham - Throgs Neck
72X349	Bronx River High School	Living Environment	Living_Env	2023	58.62	76	19.74	67.11	13.16	0	35	General Academic	0	0	9	81	26	6	1	87	21	11	11	BRONX RIVER HIGH SCHOOL	8E+11	40.839775	-73.839583	10461	Pelham - Throgs Neck
72X349	Bronx River High School	Common Core English	ELA	2023	70.49	97	27.84	72.16	0	0	35	General Academic	0	0	9	81	26	6	1	87	21	11	16	BRONX RIVER HIGH SCHOOL	8E+11	40.839775	-73.839583	10461	Pelham - Throgs Neck
72X349	Bronx River High School	Common Core Algebra	Algebra_I	2023	66.85	119	16.81	68.07	8.4	6.72	35	General Academic	0	0	9	81	26	6	1	87	21	11	21	BRONX RIVER HIGH SCHOOL	8E+11	40.839775	-73.839583	10461	Pelham - Throgs Neck
72X351	Bronx Collaborative High School	Common Core English	ELA	2023	64.38	123	24.39	75.61	0	0	38	General Academic	0	0	19	93	29	14	1	67	22	24	23	BRONX COLLABORATIVE HIGH SCHOOL	8E+11	40.879958	-73.889011	10468	Fordham - Bronx Park
72X353	World View High School	Living Environment	Living_Env	2023	66.64	109	16.51	76.15	7.34	0	48	General Academic	0	0	27	86	19	16	1	87	23	21	21	WORLD VIEW HIGH SCHOOL	8E+11	40.879958	-73.889011	10468	Fordham - Bronx Park
72X353	World View High School	Common Core English	ELA	2023	67.61	243	19.75	73.25	7	0	48	General Academic	0	0	27	86	19	16	1	87	23	21	22	WORLD VIEW HIGH SCHOOL	8E+11	40.879958	-73.889011	10468	Fordham - Bronx Park
72X353	World View High School	Common Core Algebra	Algebra_I	2023	62.78	330	15.15	76.06	6.06	2.73	48	General Academic	0	0	27	86	19	16	1	87	23	21	23	WORLD VIEW HIGH SCHOOL	8E+11	40.879958	-73.889011	10468	Fordham - Bronx Park
72X365	Academy for Language and Technology	Common Core English	ELA	2023	68.9	206	0	100	0	0	23	General Academic	0	0	75	100	5	54	1	89				ACADEMY-LANGUAGE AND TECHNOLOGY	8E+11	40.849416	-73.915217	10453	Crotona - Tremont
72X374	Knowledge and Power Preparatory Academy International High School	Common Core English	ELA	2023	58.4	82	29.27	70.73	0	0	32	General Academic	0	0	14	95	24	12	1	83	22	26	24	KNOWLEDGE, POWER PREP ACAD INTER HS	8E+11	40.859466	-73.888625	10458	Fordham - Bronx Park
72X374	Knowledge and Power Preparatory Academy International High School	Living Environment	Living_Env	2023	57.35	126	24.6	69.05	0	6.35	32	General Academic	0	0	14	95	24	12	1	83	22	26	26	KNOWLEDGE, POWER PREP ACAD INTER HS	8E+11	40.859466	-73.888625	10458	Fordham - Bronx Park
72X374	Knowledge and Power Preparatory Academy International High School	Common Core Algebra	Algebra_I	2023	56.83	147	29.93	63.95	0	6.12	32	General Academic	0	0	14	95	24	12	1	83	22	26	22	KNOWLEDGE, POWER PREP ACAD INTER HS	8E+11	40.859466	-73.888625	10458	Fordham - Bronx Park
72X377	South Brooklyn Community High School	Common Core Algebra	Algebra_I	2023	60.18	18	38.89	61.11	0	0	11	Transfer School	0	1	15	87	28	13	1	68	14	17	14	BRONX COMMUNITY HIGH SCHOOL	8E+11	40.677968	-74.014363	11234	Downtown - Heights - Park Slope
72X377	South Brooklyn Community High School	Living Environment	Living_Env	2023	55.27	22	27.27	72.73	0	0	11	Transfer School	0	1	15	87	28	13	1	68	14	17	17	BRONX COMMUNITY HIGH SCHOOL	8E+11	40.677968	-74.014363	11235	Downtown - Heights - Park Slope
72X377	South Brooklyn Community High School	Common Core English	ELA	2023	57.91	53	32.08	67.92	0	0	11	Transfer School	0	1	15	87	28	13	1	68	14	17	15.5	BRONX COMMUNITY HIGH SCHOOL	8E+11	40.677968	-74.014363	11246	Downtown - Heights - Park Slope
76K529	South Brooklyn Community High School	Common Core Algebra	Algebra_I	2023	60.18	18	38.89	61.11	0	0	16	Transfer School	0	1	8	88	33	5	1	68	18	14	18	WEST BROOKLYN COMMUNITY HIGH SCHOOL	8E+11	40.677968	-74.014363	11234	Downtown - Heights - Park Slope
76K529	South Brooklyn Community High School	Living Environment	Living_Env	2023	55.27	22	27.27	72.73	0	0	16	Transfer School	0	1	8	88	33	5	1	68	18	14	14	WEST BROOKLYN COMMUNITY HIGH SCHOOL	8E+11	40.677968	-74.014363	11235	Downtown - Heights - Park Slope
76K529	South Brooklyn Community High School	Common Core English	ELA	2023	57.91	53	32.08	67.92	0	0	16	Transfer School	0	1	8	88	33	5	1	68	18	14	16	WEST BROOKLYN COMMUNITY HIGH SCHOOL	8E+11	40.677968	-74.014363	11246	Downtown - Heights - Park Slope
76K673	South Brooklyn Community High School	Common Core Algebra	Algebra_I	2023	60.18	18	38.89	61.11	0	0	18	Transfer School	0	1	5	81	35	11	1	60	12	16	12	EAST BROOKLYN COMMUNITY HS	8E+11	40.677968	-74.014363	11234	Downtown - Heights - Park Slope
76K673	South Brooklyn Community High School	Living Environment	Living_Env	2023	55.27	22	27.27	72.73	0	0	18	Transfer School	0	1	5	81	35	11	1	60	12	16	16	EAST BROOKLYN COMMUNITY HS	8E+11	40.677968	-74.014363	11235	Downtown - Heights - Park Slope
76K673	South Brooklyn Community High School	Common Core English	ELA	2023	57.91	53	32.08	67.92	0	0	18	Transfer School	0	1	5	81	35	11	1	60	12	16	14	EAST BROOKLYN COMMUNITY HS	8E+11	40.677968	-74.014363	11246	Downtown - Heights - Park Slope
76K698	South Brooklyn Community High School	Common Core Algebra	Algebra_I	2023	60.18	18	38.89	61.11	0	0	12	Transfer School	0	1	9	91	36	13	1	58	9	7	9	SOUTH BROOKLYN COMM HIGH SCHOOL	8E+11	40.677968	-74.014363	11234	Downtown - Heights - Park Slope
76K698	South Brooklyn Community High School	Living Environment	Living_Env	2023	55.27	22	27.27	72.73	0	0	12	Transfer School	0	1	9	91	36	13	1	58	9	7	7	SOUTH BROOKLYN COMM HIGH SCHOOL	8E+11	40.677968	-74.014363	11235	Downtown - Heights - Park Slope
76K698	South Brooklyn Community High School	Common Core English	ELA	2023	57.91	53	32.08	67.92	0	0	12	Transfer School	0	1	9	91	36	13	1	58	9	7	8	SOUTH BROOKLYN COMM HIGH SCHOOL	8E+11	40.677968	-74.014363	11246	Downtown - Heights - Park Slope
72X379	Jill Chaifetz Transfer High School	Common Core Algebra	Algebra_I	2023	54.9	11	0	100	0	0	18	Transfer School	0	1	11	93	43	15	1	49	18	18	18	JILL CHAIFETZ TRANSFER HIGH SCHOOL	8E+11	40.818703	-73.905389	10456	High Bridge - Morrisania
72X379	Jill Chaifetz Transfer High School	Living Environment	Living_Env	2023	57.5	15	0	100	0	0	18	Transfer School	0	1	11	93	43	15	1	49	18	18	18	JILL CHAIFETZ TRANSFER HIGH SCHOOL	8E+11	40.818703	-73.905389	10456	High Bridge - Morrisania
72X379	Jill Chaifetz Transfer High School	Common Core English	ELA	2023	64.06	47	38.3	61.7	0	0	18	Transfer School	0	1	11	93	43	15	1	49	18	18	18	JILL CHAIFETZ TRANSFER HIGH SCHOOL	8E+11	40.818703	-73.905389	10456	High Bridge - Morrisania
72X381	Bronx Haven High School	Common Core Algebra	Algebra_I	2023	55.2	15	0	100	0	0	13	Transfer School	0	1	10	91	36	12	1	59	8	12	8	BRONX HAVEN HIGH SCHOOL	8E+11	40.818645	-73.919949	10451	High Bridge - Morrisania
72X381	Bronx Haven High School	Living Environment	Living_Env	2023	56.01	23	52.17	47.83	0	0	13	Transfer School	0	1	10	91	36	12	1	59	8	12	12	BRONX HAVEN HIGH SCHOOL	8E+11	40.818645	-73.919949	10451	High Bridge - Morrisania
72X381	Bronx Haven High School	Common Core English	ELA	2023	62.91	44	36.36	63.64	0	0	13	Transfer School	0	1	10	91	36	12	1	59	8	12	10	BRONX HAVEN HIGH SCHOOL	8E+11	40.818645	-73.919949	10451	High Bridge - Morrisania
72X388	Pan American International High School	Common Core English	ELA	2023	50.1	144	0	100	0	0	26	General Academic	0	0	91	97	2	32	1	84	19	22	20.5	PAN AMERICAN INTERNATIONAL HS	8E+11	40.743228	-73.871505	11373	West Queens
72X388	Pan American International High School	Common Core Algebra	Algebra_I	2023	60.3	278	0	100	0	0	26	General Academic	0	0	91	97	2	32	1	84	19	22	19	PAN AMERICAN INTERNATIONAL HS	8E+11	40.743228	-73.871505	11373	West Queens
77Q296	Pan American International High School	Common Core English	ELA	2023	50.1	144	0	100	0	0	31	General Academic	0	0	90	99	2	49	1	94	24	25	24.5	PAN AMERICAN INTERNATIONAL HS	8E+11	40.743228	-73.871505	11373	West Queens
77Q296	Pan American International High School	Common Core Algebra	Algebra_I	2023	60.3	278	0	100	0	0	31	General Academic	0	0	90	99	2	49	1	94	24	25	24	PAN AMERICAN INTERNATIONAL HS	8E+11	40.743228	-73.871505	11373	West Queens
72X403	Bronx International High School	Common Core English	ELA	2023	48.79	105	18.1	81.9	0	0	25	General Academic	0	0	88	87	3	31	1	76	16	5	10.5	BRONX INTERNATIONAL HIGH SCHOOL	8E+11	40.827455	-73.90392	10456	High Bridge - Morrisania
73K439	Bronx International High School	Common Core English	ELA	2023	48.79	105	18.1	81.9	0	0	25	General Academic	0	0	90	75	3	22	1	87		16	16	BROOKLYN INTERNATIONAL HS	8E+11	40.827455	-73.90392	10456	High Bridge - Morrisania
72X404	School for Excellence	Living Environment	Living_Env	2023	63.2	13	100	0	0	0	16	General Academic	0	0	13	96	38	17	1	80	12			SCHOOL FOR EXCELLENCE 	8E+11	40.827455	-73.90392	10456	High Bridge - Morrisania
72X404	School for Excellence	Common Core English	ELA	2023	65.35	37	48.65	51.35	0	0	16	General Academic	0	0	13	96	38	17	1	80	12		12	SCHOOL FOR EXCELLENCE 	8E+11	40.827455	-73.90392	10456	High Bridge - Morrisania
72X404	School for Excellence	Common Core Algebra	Algebra_I	2023	53.76	53	37.74	62.26	0	0	16	General Academic	0	0	13	96	38	17	1	80	12		12	SCHOOL FOR EXCELLENCE 	8E+11	40.827455	-73.90392	10456	High Bridge - Morrisania
72X405	Herbert H. Lehman High School	Living Environment	Living_Env	2023	64.67	235	26.81	63.4	0	9.79	80	General Academic	0	0	10	81	23	5	1	88	14	16	16	HERBERT H LEHMAN HIGH SCHOOL	8E+11	40.839775	-73.839583	10461	Pelham - Throgs Neck
72X405	Herbert H. Lehman High School	Common Core English	ELA	2023	65.57	309	24.92	59.22	7.44	8.41	80	General Academic	0	0	10	81	23	5	1	88	14	16	15	HERBERT H LEHMAN HIGH SCHOOL	8E+11	40.839775	-73.839583	10461	Pelham - Throgs Neck
72X405	Herbert H. Lehman High School	Common Core Algebra	Algebra_I	2023	61.48	349	26.93	58.74	6.3	8.02	80	General Academic	0	0	10	81	23	5	1	88	14	16	14	HERBERT H LEHMAN HIGH SCHOOL	8E+11	40.839775	-73.839583	10461	Pelham - Throgs Neck
72X412	Bronx High School of Business	Living Environment	Living_Env	2023	50.6	47	0	100	0	0	30	General Academic	0	0	22	93	28	18	1	82	21	26	26	BRONX HIGH SCHOOL OF BUSINESS	8E+11	40.839307	-73.911366	10457	Crotona - Tremont
72X412	Bronx High School of Business	Common Core Algebra	Algebra_I	2023	54.13	114	31.58	68.42	0	0	30	General Academic	0	0	22	93	28	18	1	82	21	26	21	BRONX HIGH SCHOOL OF BUSINESS	8E+11	40.839307	-73.911366	10457	Crotona - Tremont
72X412	Bronx High School of Business	Common Core English	ELA	2023	45.98	174	35.63	64.37	0	0	30	General Academic	0	0	22	93	28	18	1	82	21	26	23.5	BRONX HIGH SCHOOL OF BUSINESS	8E+11	40.839307	-73.911366	10457	Crotona - Tremont
72X418	Bronx High School for the Visual Arts	Living Environment	Living_Env	2023	62.22	106	24.53	66.04	0	9.43	33	General Academic	0	0	9	89	28	10	1	83	25	28	28	BRONX HIGH SCHOOL-VISUAL ARTS	8E+11	40.851577	-73.864438	10462	Pelham - Throgs Neck
72X418	Bronx High School for the Visual Arts	Common Core Algebra	Algebra_I	2023	64.96	155	30.97	55.48	0	13.55	33	General Academic	0	0	9	89	28	10	1	83	25	28	25	BRONX HIGH SCHOOL-VISUAL ARTS	8E+11	40.851577	-73.864438	10462	Pelham - Throgs Neck
72X418	Bronx High School for the Visual Arts	Common Core English	ELA	2023	64.35	202	27.23	58.42	0	14.36	33	General Academic	0	0	9	89	28	10	1	83	25	28	26.5	BRONX HIGH SCHOOL-VISUAL ARTS	8E+11	40.851577	-73.864438	10462	Pelham - Throgs Neck
72X427	Community School for Social Justice	Common Core English	ELA	2023	58.8	41	0	100	0	0	19	General Academic	0	0	19	93	27	26	1	75	2		2	COMMUNITY SCHOOL-SOCIAL JUSTICE	8E+11	40.815712	-73.92996	10451	High Bridge - Morrisania
72X432	Bronx Bridges High School	Living Environment	Living_Env	2023	63.31	129	13.18	81.4	5.43	0	30	General Academic	0	0	69	92	17	19	1	87	30	22	22	BRONX BRIDGES HIGH SCHOOL	8E+11	40.821218	-73.85593	10473	Pelham - Throgs Neck
72X432	Bronx Bridges High School	Common Core Algebra	Algebra_I	2023	68.77	131	9.16	90.84	0	0	30	General Academic	0	0	69	92	17	19	1	87	30	22	30	BRONX BRIDGES HIGH SCHOOL	8E+11	40.821218	-73.85593	10473	Pelham - Throgs Neck
72X432	Bronx Bridges High School	Common Core English	ELA	2023	52.78	156	8.97	82.69	8.33	0	30	General Academic	0	0	69	92	17	19	1	87	30	22	26	BRONX BRIDGES HIGH SCHOOL	8E+11	40.821218	-73.85593	10473	Pelham - Throgs Neck
72X433	High School for Teaching and the Professions	Living Environment	Living_Env	2023	57.7	72	0	100	0	0	36	General Academic	0	0	23	89	28	14	1	91	9	8	8	HS FOR TEACHING AND PROFESSIONS	8E+11	40.869061	-73.897066	10468	Fordham - Bronx Park
72X433	High School for Teaching and the Professions	Common Core Algebra	Algebra_I	2023	57.43	114	9.65	90.35	0	0	36	General Academic	0	0	23	89	28	14	1	91	9	8	9	HS FOR TEACHING AND PROFESSIONS	8E+11	40.869061	-73.897066	10468	Fordham - Bronx Park
72X433	High School for Teaching and the Professions	Common Core English	ELA	2023	61.48	118	14.41	85.59	0	0	36	General Academic	0	0	23	89	28	14	1	91	9	8	8.5	HS FOR TEACHING AND PROFESSIONS	8E+11	40.869061	-73.897066	10468	Fordham - Bronx Park
72X434	Belmont Preparatory High School	Living Environment	Living_Env	2023	66.73	45	24.44	75.56	0	0	25	General Academic	0	0	9	88	24	6	1	91	15	19	19	BELMONT PREPARATORY HIGH SCHOOL	8E+11	40.859466	-73.888625	10458	Fordham - Bronx Park
72X434	Belmont Preparatory High School	Common Core English	ELA	2023	71.59	113	16.81	83.19	0	0	25	General Academic	0	0	9	88	24	6	1	91	15	19	17	BELMONT PREPARATORY HIGH SCHOOL	8E+11	40.859466	-73.888625	10458	Fordham - Bronx Park
72X434	Belmont Preparatory High School	Common Core Algebra	Algebra_I	2023	52.67	125	18.4	81.6	0	0	25	General Academic	0	0	9	88	24	6	1	91	15	19	15	BELMONT PREPARATORY HIGH SCHOOL	8E+11	40.859466	-73.888625	10458	Fordham - Bronx Park
72X437	Fordham High School for the Arts	Living Environment	Living_Env	2023	66.74	103	27.18	72.82	0	0	29	General Academic	0	0	4	84	22	9	1	90	20	21	21	FORDHAM HS FOR THE ARTS	8E+11	40.859466	-73.888625	10458	Fordham - Bronx Park
72X437	Fordham High School for the Arts	Common Core English	ELA	2023	75.8	190	30.53	66.32	0	3.16	29	General Academic	0	0	4	84	22	9	1	90	20	21	20.5	FORDHAM HS FOR THE ARTS	8E+11	40.859466	-73.888625	10458	Fordham - Bronx Park
72X437	Fordham High School for the Arts	Common Core Algebra	Algebra_I	2023	66.04	270	30.37	67.04	2.59	0	29	General Academic	0	0	4	84	22	9	1	90	20	21	20	FORDHAM HS FOR THE ARTS	8E+11	40.859466	-73.888625	10458	Fordham - Bronx Park
72X438	Fordham Leadership Academy	Living Environment	Living_Env	2023	58.85	84	23.81	76.19	0	0	33	General Academic	0	0	11	91	25	12	1	89	22	24	24	FORDHAM LEADERSHIP ACADEMY	8E+11	40.859466	-73.888625	10458	Fordham - Bronx Park
72X438	Fordham Leadership Academy	Common Core Algebra	Algebra_I	2023	58.56	106	22.64	77.36	0	0	33	General Academic	0	0	11	91	25	12	1	89	22	24	22	FORDHAM LEADERSHIP ACADEMY	8E+11	40.859466	-73.888625	10458	Fordham - Bronx Park
72X438	Fordham Leadership Academy	Common Core English	ELA	2023	67.05	141	21.99	78.01	0	0	33	General Academic	0	0	11	91	25	12	1	89	22	24	23	FORDHAM LEADERSHIP ACADEMY	8E+11	40.859466	-73.888625	10458	Fordham - Bronx Park
72X439	Bronx High School for Law and Community Service	Living Environment	Living_Env	2023	61.89	73	20.55	79.45	0	0	34	General Academic	0	0	17	89	30	15	1	83	17	14	14	BRONX HIGH SCHOOL-LAW & COMM SVC	8E+11	40.859466	-73.888625	10458	Fordham - Bronx Park
72X439	Bronx High School for Law and Community Service	Common Core Algebra	Algebra_I	2023	59.15	122	24.59	75.41	0	0	34	General Academic	0	0	17	89	30	15	1	83	17	14	17	BRONX HIGH SCHOOL-LAW & COMM SVC	8E+11	40.859466	-73.888625	10458	Fordham - Bronx Park
72X439	Bronx High School for Law and Community Service	Common Core English	ELA	2023	62.48	178	24.72	75.28	0	0	34	General Academic	0	0	17	89	30	15	1	83	17	14	15.5	BRONX HIGH SCHOOL-LAW & COMM SVC	8E+11	40.859466	-73.888625	10458	Fordham - Bronx Park
72X440	DeWitt Clinton High School	Living Environment	Living_Env	2023	64.06	270	28.15	59.63	9.26	2.96	74	General Academic	0	0	8	87	22	15	1	90	20	24	24	DEWITT CLINTON HIGH SCHOOL	8E+11	40.879958	-73.889011	10468	Fordham - Bronx Park
72X440	DeWitt Clinton High School	Common Core Algebra	Algebra_I	2023	66.13	359	24.79	63.51	8.36	3.34	74	General Academic	0	0	8	87	22	15	1	90	20	24	20	DEWITT CLINTON HIGH SCHOOL	8E+11	40.879958	-73.889011	10468	Fordham - Bronx Park
72X440	DeWitt Clinton High School	Common Core English	ELA	2023	69.48	420	29.29	60.24	7.86	2.62	74	General Academic	0	0	8	87	22	15	1	90	20	24	22	DEWITT CLINTON HIGH SCHOOL	8E+11	40.879958	-73.889011	10468	Fordham - Bronx Park
72X442	The Celia Cruz Bronx High School of Music	Living Environment	Living_Env	2023	64.53	68	23.53	76.47	0	0	32	General Academic	0	0	4	83	21	10	1	94	13	15	15	CELIA CRUZ BRONX HS OF MUSIC	8E+11	40.869061	-73.897066	10468	Fordham - Bronx Park
72X442	The Celia Cruz Bronx High School of Music	Common Core English	ELA	2023	71.76	172	29.65	70.35	0	0	32	General Academic	0	0	4	83	21	10	1	94	13	15	14	CELIA CRUZ BRONX HS OF MUSIC	8E+11	40.869061	-73.897066	10468	Fordham - Bronx Park
72X442	The Celia Cruz Bronx High School of Music	Common Core Algebra	Algebra_I	2023	68.03	199	36.68	63.32	0	0	32	General Academic	0	0	4	83	21	10	1	94	13	15	13	CELIA CRUZ BRONX HS OF MUSIC	8E+11	40.869061	-73.897066	10468	Fordham - Bronx Park
72X445	The Bronx High School of Science	Common Core Algebra	Algebra_I	2023	87.94	121	7.44	18.18	52.07	22.31	138	General Academic	0	0	0	52	2	1	1	96	26	31	26	BRONX HIGH SCHOOL OF SCIENCE	8E+11	40.879958	-73.889011	10468	Fordham - Bronx Park
72X445	The Bronx High School of Science	Living Environment	Living_Env	2023	90.89	292	5.14	12.33	47.95	34.59	138	General Academic	0	0	0	52	2	1	1	96	26	31	31	BRONX HIGH SCHOOL OF SCIENCE	8E+11	40.879958	-73.889011	10468	Fordham - Bronx Park
72X445	The Bronx High School of Science	Common Core English	ELA	2023	94.05	730	4.52	9.45	62.19	23.84	138	General Academic	0	0	0	52	2	1	1	96	26	31	28.5	BRONX HIGH SCHOOL OF SCIENCE	8E+11	40.879958	-73.889011	10468	Fordham - Bronx Park
72X446	Arturo A. Schomburg Satellite Academy Bronx	Common Core English	ELA	2023	62.36	38	34.21	65.79	0	0	14	Transfer School	0	1	14	89	40	13	1	60	10	5	7.5	ARTURO A SCHOMBURG SATELLITE-BRONX	8E+11	40.823124	-73.898265	10459	Hunts Point - Mott Haven
72X452	Gotham Collaborative High School	Common Core English	ELA	2023	67.22	91	37.36	54.95	7.69	0	31	General Academic	0	0	18	92	29	15	1	86	21	27	24	GOTHAM COLLABORATIVE HIGH SCHOOL	8E+11	40.821218	-73.85593	10473	Pelham - Throgs Neck
72X452	Gotham Collaborative High School	Living Environment	Living_Env	2023	59.15	94	30.85	69.15	0	0	31	General Academic	0	0	18	92	29	15	1	86	21	27	27	GOTHAM COLLABORATIVE HIGH SCHOOL	8E+11	40.821218	-73.85593	10473	Pelham - Throgs Neck
72X452	Gotham Collaborative High School	Common Core Algebra	Algebra_I	2023	53.07	153	35.95	64.05	0	0	31	General Academic	0	0	18	92	29	15	1	86	21	27	21	GOTHAM COLLABORATIVE HIGH SCHOOL	8E+11	40.821218	-73.85593	10473	Pelham - Throgs Neck
72X455	Harry S Truman High School	Living Environment	Living_Env	2023	58.28	404	50.74	45.05	4.21	0	130	General Academic	0	0	7	80	28	12	1	90	13	15	15	HARRY S TRUMAN HIGH SCHOOL	8E+11	40.874035	-73.831669	10475	Northeast Bronx
72X455	Harry S Truman High School	Common Core English	ELA	2023	70.51	483	48.24	45.96	3.93	1.86	130	General Academic	0	0	7	80	28	12	1	90	13	15	14	HARRY S TRUMAN HIGH SCHOOL	8E+11	40.874035	-73.831669	10475	Northeast Bronx
72X455	Harry S Truman High School	Common Core Algebra	Algebra_I	2023	62.19	508	50.59	43.7	4.33	1.38	130	General Academic	0	0	7	80	28	12	1	90	13	15	13	HARRY S TRUMAN HIGH SCHOOL	8E+11	40.874035	-73.831669	10475	Northeast Bronx
72X473	Mott Haven Village Preparatory High School	Living Environment	Living_Env	2023	54.8	24	0	100	0	0	17	General Academic	0	0	14	97	34	15	1	82	13	17	17	MOTT HAVEN VILLAGE PREP HS	8E+11	40.818041	-73.911633	10455	Hunts Point - Mott Haven
72X473	Mott Haven Village Preparatory High School	Common Core Algebra	Algebra_I	2023	53.68	59	20.34	79.66	0	0	17	General Academic	0	0	14	97	34	15	1	82	13	17	13	MOTT HAVEN VILLAGE PREP HS	8E+11	40.818041	-73.911633	10455	Hunts Point - Mott Haven
72X473	Mott Haven Village Preparatory High School	Common Core English	ELA	2023	58.2	72	25	75	0	0	17	General Academic	0	0	14	97	34	15	1	82	13	17	15	MOTT HAVEN VILLAGE PREP HS	8E+11	40.818041	-73.911633	10455	Hunts Point - Mott Haven
72X477	Marble Hill High School for International Studies	Living Environment	Living_Env	2023	65.99	82	15.85	84.15	0	0	33	General Academic	0	0	36	92	17	20	1	90	25	22	22	MARBLE HILL HS-INTRNTNL STUDIES	8E+11	40.877379	-73.912686	10463	Kingsbridge - Riverdale
72X477	Marble Hill High School for International Studies	Common Core English	ELA	2023	71.99	102	10.78	80.39	8.82	0	33	General Academic	0	0	36	92	17	20	1	90	25	22	23.5	MARBLE HILL HS-INTRNTNL STUDIES	8E+11	40.877379	-73.912686	10463	Kingsbridge - Riverdale
72X477	Marble Hill High School for International Studies	Common Core Algebra	Algebra_I	2023	69.98	113	12.39	77.88	9.73	0	33	General Academic	0	0	36	92	17	20	1	90	25	22	25	MARBLE HILL HS-INTRNTNL STUDIES	8E+11	40.877379	-73.912686	10463	Kingsbridge - Riverdale
72X478	The Cinema School	Common Core Algebra	Algebra_I	2023	56.98	82	17.07	82.93	0	0	26	General Academic	0	0	11	87	27	13	1	89	25	28	25	CINEMA SCHOOL	8E+11	40.832508	-73.878191	10472	Pelham - Throgs Neck
72X478	The Cinema School	Living Environment	Living_Env	2023	58.91	83	9.64	90.36	0	0	26	General Academic	0	0	11	87	27	13	1	89	25	28	28	CINEMA SCHOOL	8E+11	40.832508	-73.878191	10472	Pelham - Throgs Neck
72X478	The Cinema School	Common Core English	ELA	2023	67.89	88	17.05	82.95	0	0	26	General Academic	0	0	11	87	27	13	1	89	25	28	26.5	CINEMA SCHOOL	8E+11	40.832508	-73.878191	10472	Pelham - Throgs Neck
02M260	The Cinema School	Common Core Algebra	Algebra_I	2023	56.98	82	17.07	82.93	0	0	56	General Academic	0	0	0	19	20	2	1	89	3	21	3	CLINTON SCHOOL	8E+11	40.832508	-73.878191	10472	Pelham - Throgs Neck
02M260	The Cinema School	Living Environment	Living_Env	2023	58.91	83	9.64	90.36	0	0	56	General Academic	0	0	0	19	20	2	1	89	3	21	21	CLINTON SCHOOL	8E+11	40.832508	-73.878191	10472	Pelham - Throgs Neck
02M260	The Cinema School	Common Core English	ELA	2023	67.89	88	17.05	82.95	0	0	56	General Academic	0	0	0	19	20	2	1	89	3	21	12	CLINTON SCHOOL	8E+11	40.832508	-73.878191	10472	Pelham - Throgs Neck
72X479	Bronx Career and College Preparatory High School	Living Environment	Living_Env	2023	47.52	20	35	65	0	0	17	General Academic	0	0	16	94	25	16	1	79	24	23	23	BRONX CAREER AND COLLEGE PREP HS	8E+11	40.826933	-73.900593	10456	High Bridge - Morrisania
72X479	Bronx Career and College Preparatory High School	Common Core English	ELA	2023	55.88	42	47.62	52.38	0	0	17	General Academic	0	0	16	94	25	16	1	79	24	23	23.5	BRONX CAREER AND COLLEGE PREP HS	8E+11	40.826933	-73.900593	10456	High Bridge - Morrisania
72X479	Bronx Career and College Preparatory High School	Common Core Algebra	Algebra_I	2023	52.76	49	28.57	71.43	0	0	17	General Academic	0	0	16	94	25	16	1	79	24	23	24	BRONX CAREER AND COLLEGE PREP HS	8E+11	40.826933	-73.900593	10456	High Bridge - Morrisania
72X480	Bronx Regional High School	Common Core English	ELA	2023	57	17	100	0	0	0	8	Transfer School	0	1	9	93	27	25	1	50	29	19	24	BRONX REGIONAL HIGH SCHOOL	8E+11	40.823124	-73.898265	10459	Hunts Point - Mott Haven
72X509	High School of Language and Innovation	Common Core Algebra	Algebra_I	2023	65.44	106	15.09	66.98	0	17.92	30	General Academic	0	0	80	82	5	19	1	90	24	18	24	HS FOR LANGUAGE-INNOVATION	8E+11	40.860443	-73.860729	10469	Northeast Bronx
72X509	High School of Language and Innovation	Living Environment	Living_Env	2023	52.77	111	14.41	64.86	0	20.72	30	General Academic	0	0	80	82	5	19	1	90	24	18	18	HS FOR LANGUAGE-INNOVATION	8E+11	40.860443	-73.860729	10469	Northeast Bronx
72X509	High School of Language and Innovation	Common Core English	ELA	2023	61.08	147	0	69.39	12.93	17.69	30	General Academic	0	0	80	82	5	19	1	90	24	18	21	HS FOR LANGUAGE-INNOVATION	8E+11	40.860443	-73.860729	10469	Northeast Bronx
72X511	Bronx Envision Academy	Living Environment	Living_Env	2023	52.73	81	37.04	62.96	0	0	35	General Academic	0	0	19	93	29	16	1	83	17	13	13	BRONX ENVISION ACADEMY	8E+11	40.836245	-73.890591	10460	Crotona - Tremont
72X511	Bronx Envision Academy	Common Core Algebra	Algebra_I	2023	56.83	116	39.66	60.34	0	0	35	General Academic	0	0	19	93	29	16	1	83	17	13	17	BRONX ENVISION ACADEMY	8E+11	40.836245	-73.890591	10460	Crotona - Tremont
72X511	Bronx Envision Academy	Common Core English	ELA	2023	70.43	120	40.83	59.17	0	0	35	General Academic	0	0	19	93	29	16	1	83	17	13	15	BRONX ENVISION ACADEMY	8E+11	40.836245	-73.890591	10460	Crotona - Tremont
72X513	New World High School	Living Environment	Living_Env	2023	56.76	107	9.35	84.11	0	6.54	22	General Academic	0	0	63	93	5	12	1	91	19	18	18	NEW WORLD HIGH SCHOOL	8E+11	40.888242	-73.852714	10466	Northeast Bronx
72X513	New World High School	Common Core English	ELA	2023	61.35	133	16.54	70.68	6.02	6.77	22	General Academic	0	0	63	93	5	12	1	91	19	18	18.5	NEW WORLD HIGH SCHOOL	8E+11	40.888242	-73.852714	10466	Northeast Bronx
72X513	New World High School	Common Core Algebra	Algebra_I	2023	65.91	186	15.05	74.19	3.76	6.99	22	General Academic	0	0	63	93	5	12	1	91	19	18	19	NEW WORLD HIGH SCHOOL	8E+11	40.888242	-73.852714	10466	Northeast Bronx
72X514	The Bronxwood Preparatory Academy	Living Environment	Living_Env	2023	55.79	113	58.41	41.59	0	0	26	General Academic	0	0	9	84	26	11	1	87	24	28	28	BRONXWOOD PREP ACADEMY	8E+11	40.888242	-73.852714	10466	Northeast Bronx
72X514	The Bronxwood Preparatory Academy	Common Core Algebra	Algebra_I	2023	58.96	129	57.36	42.64	0	0	26	General Academic	0	0	9	84	26	11	1	87	24	28	24	BRONXWOOD PREP ACADEMY	8E+11	40.888242	-73.852714	10466	Northeast Bronx
72X514	The Bronxwood Preparatory Academy	Common Core English	ELA	2023	62.42	133	59.4	40.6	0	0	26	General Academic	0	0	9	84	26	11	1	87	24	28	26	BRONXWOOD PREP ACADEMY	8E+11	40.888242	-73.852714	10466	Northeast Bronx
72X517	Frederick Douglass Academy VII High School	Common Core English	ELA	2023	71.4	42	100	0	0	0	24	General Academic	0	0	16	94	29	16	1	81	16	17	16.5	FREDERICK DOUGLASS ACAD III	8E+11	40.665568	-73.912102	11212	Bedford Stuyvesant - Crown Heights
72X517	Frederick Douglass Academy VII High School	Living Environment	Living_Env	2023	53.84	68	73.53	26.47	0	0	24	General Academic	0	0	16	94	29	16	1	81	16	17	17	FREDERICK DOUGLASS ACAD III	8E+11	40.665568	-73.912102	11212	Bedford Stuyvesant - Crown Heights
72X517	Frederick Douglass Academy VII High School	Common Core Algebra	Algebra_I	2023	55.69	90	73.33	26.67	0	0	24	General Academic	0	0	16	94	29	16	1	81	16	17	16	FREDERICK DOUGLASS ACAD III	8E+11	40.665568	-73.912102	11212	Bedford Stuyvesant - Crown Heights
73K514	Frederick Douglass Academy VII High School	Common Core English	ELA	2023	71.4	42	100	0	0	0	18	General Academic	0	0	7	91	28	21	1	91	12	18	15	FREDERICK DOUGLASS ACADEMY VII	8E+11	40.665568	-73.912102	11212	Bedford Stuyvesant - Crown Heights
73K514	Frederick Douglass Academy VII High School	Living Environment	Living_Env	2023	53.84	68	73.53	26.47	0	0	18	General Academic	0	0	7	91	28	21	1	91	12	18	18	FREDERICK DOUGLASS ACADEMY VII	8E+11	40.665568	-73.912102	11212	Bedford Stuyvesant - Crown Heights
73K514	Frederick Douglass Academy VII High School	Common Core Algebra	Algebra_I	2023	55.69	90	73.33	26.67	0	0	18	General Academic	0	0	7	91	28	21	1	91	12	18	12	FREDERICK DOUGLASS ACADEMY VII	8E+11	40.665568	-73.912102	11212	Bedford Stuyvesant - Crown Heights
03M860	Frederick Douglass Academy VII High School	Common Core English	ELA	2023	71.4	42	100	0	0	0	38	General Academic	0	0	11	91	31	19	1	83	23	27	25	FREDERICK DOUGLASS ACADEMY II	8E+11	40.665568	-73.912102	11212	Bedford Stuyvesant - Crown Heights
03M860	Frederick Douglass Academy VII High School	Living Environment	Living_Env	2023	53.84	68	73.53	26.47	0	0	38	General Academic	0	0	11	91	31	19	1	83	23	27	27	FREDERICK DOUGLASS ACADEMY II	8E+11	40.665568	-73.912102	11212	Bedford Stuyvesant - Crown Heights
03M860	Frederick Douglass Academy VII High School	Common Core Algebra	Algebra_I	2023	55.69	90	73.33	26.67	0	0	38	General Academic	0	0	11	91	31	19	1	83	23	27	23	FREDERICK DOUGLASS ACADEMY II	8E+11	40.665568	-73.912102	11212	Bedford Stuyvesant - Crown Heights
72X521	The Metropolitan Soundview High School	Living Environment	Living_Env	2023	51.83	65	12.31	87.69	0	0	36	General Academic	0	0	19	96	35	14	1	90	24	19	19	METROPOLITAN SOUNDVIEW HS 	8E+11	40.832508	-73.878191	10472	Pelham - Throgs Neck
72X521	The Metropolitan Soundview High School	Common Core Algebra	Algebra_I	2023	54.33	102	20.59	79.41	0	0	36	General Academic	0	0	19	96	35	14	1	90	24	19	24	METROPOLITAN SOUNDVIEW HS 	8E+11	40.832508	-73.878191	10472	Pelham - Throgs Neck
72X521	The Metropolitan Soundview High School	Common Core English	ELA	2023	64.44	151	24.5	75.5	0	0	36	General Academic	0	0	19	96	35	14	1	90	24	19	21.5	METROPOLITAN SOUNDVIEW HS 	8E+11	40.832508	-73.878191	10472	Pelham - Throgs Neck
72X522	Bronx Design and Construction Academy	Living Environment	Living_Env	2023	57.32	78	30.77	69.23	0	0	27	Career Technical	1	0	15	93	42	11	1	86	17	18	18	BRONX DESIGN-CONSTRUCTION ACADEMY	8E+11	40.818645	-73.919949	10451	High Bridge - Morrisania
72X522	Bronx Design and Construction Academy	Common Core English	ELA	2023	69.78	122	32.79	67.21	0	0	27	Career Technical	1	0	15	93	42	11	1	86	17	18	17.5	BRONX DESIGN-CONSTRUCTION ACADEMY	8E+11	40.818645	-73.919949	10451	High Bridge - Morrisania
72X522	Bronx Design and Construction Academy	Common Core Algebra	Algebra_I	2023	60.32	174	32.18	67.82	0	0	27	Career Technical	1	0	15	93	42	11	1	86	17	18	17	BRONX DESIGN-CONSTRUCTION ACADEMY	8E+11	40.818645	-73.919949	10451	High Bridge - Morrisania
72X524	Crotona International High School	Common Core English	ELA	2023	30.7	72	0	100	0	0	24	Career Technical	1	0	97	76	4	34	1	86	4		4	CROTONA INTERNATIONAL HS	8E+11	40.855392	-73.882487	10458	Fordham - Bronx Park
72X524	Crotona International High School	Common Core Algebra	Algebra_I	2023	50.86	118	5.08	94.92	0	0	24	Career Technical	1	0	97	76	4	34	1	86	4		4	CROTONA INTERNATIONAL HS	8E+11	40.855392	-73.882487	10458	Fordham - Bronx Park
72X525	Bronx Leadership Academy High School	Living Environment	Living_Env	2023	47.2	70	0	100	0	0	28	General Academic	0	0	12	94	38	20	1	83	21	22	22	BRONX LEADERSHIP ACAD HIGH SCHOOL	8E+11	40.84325	-73.902969	10457	Crotona - Tremont
72X525	Bronx Leadership Academy High School	Common Core Algebra	Algebra_I	2023	51.2	77	0	100	0	0	28	General Academic	0	0	12	94	38	20	1	83	21	22	21	BRONX LEADERSHIP ACAD HIGH SCHOOL	8E+11	40.84325	-73.902969	10457	Crotona - Tremont
72X525	Bronx Leadership Academy High School	Common Core English	ELA	2023	49	173	29.48	70.52	0	0	28	General Academic	0	0	12	94	38	20	1	83	21	22	21.5	BRONX LEADERSHIP ACAD HIGH SCHOOL	8E+11	40.84325	-73.902969	10457	Crotona - Tremont
72X527	Bronx Leadership Academy II High School	Living Environment	Living_Env	2023	53.38	84	25	75	0	0	39	General Academic	0	0	13	94	28	16	1	80	17			BRONX LEADERSHIP ACAD II HIGH SCHOOL	8E+11	40.821828	-73.922366	10451	High Bridge - Morrisania
72X527	Bronx Leadership Academy II High School	Common Core Algebra	Algebra_I	2023	60.87	110	28.18	71.82	0	0	39	General Academic	0	0	13	94	28	16	1	80	17		17	BRONX LEADERSHIP ACAD II HIGH SCHOOL	8E+11	40.821828	-73.922366	10451	High Bridge - Morrisania
72X527	Bronx Leadership Academy II High School	Common Core English	ELA	2023	59.63	130	35.38	64.62	0	0	39	General Academic	0	0	13	94	28	16	1	80	17		17	BRONX LEADERSHIP ACAD II HIGH SCHOOL	8E+11	40.821828	-73.922366	10451	High Bridge - Morrisania
72X530	Longwood Preparatory Academy	Living Environment	Living_Env	2023	60.4	52	0	100	0	0	34	General Academic	0	0	13	92	30	5	1	84	22	23	23	LONGWOOD PREPARATORY ACADEMY	8E+11	40.817741	-73.897876	10459	Hunts Point - Mott Haven
72X530	Longwood Preparatory Academy	Common Core Algebra	Algebra_I	2023	60.21	145	30.34	69.66	0	0	34	General Academic	0	0	13	92	30	5	1	84	22	23	22	LONGWOOD PREPARATORY ACADEMY	8E+11	40.817741	-73.897876	10459	Hunts Point - Mott Haven
72X530	Longwood Preparatory Academy	Common Core English	ELA	2023	64.6	162	33.33	66.67	0	0	34	General Academic	0	0	13	92	30	5	1	84	22	23	22.5	LONGWOOD PREPARATORY ACADEMY	8E+11	40.817741	-73.897876	10459	Hunts Point - Mott Haven
72X542	Pelham Preparatory Academy	Living Environment	Living_Env	2023	63.9	84	47.62	52.38	0	0	33	General Academic	0	0	7	81	29	4	1	90	12	22	22	PELHAM PREPARATORY ACADEMY	8E+11	40.860443	-73.860729	10469	Northeast Bronx
72X542	Pelham Preparatory Academy	Common Core Algebra	Algebra_I	2023	57.41	99	38.38	55.56	0	6.06	33	General Academic	0	0	7	81	29	4	1	90	12	22	12	PELHAM PREPARATORY ACADEMY	8E+11	40.860443	-73.860729	10469	Northeast Bronx
72X542	Pelham Preparatory Academy	Common Core English	ELA	2023	75.78	114	35.96	55.26	8.77	0	33	General Academic	0	0	7	81	29	4	1	90	12	22	17	PELHAM PREPARATORY ACADEMY	8E+11	40.860443	-73.860729	10469	Northeast Bronx
72X543	High School for Violin and Dance	Living Environment	Living_Env	2023	57.1	14	0	100	0	0	15	General Academic	0	0	17	96	34	13	1	88	15	24	24	HIGH SCHOOL-VIOLIN AND DANCE	8E+11	40.827455	-73.90392	10456	High Bridge - Morrisania
72X543	High School for Violin and Dance	Common Core Algebra	Algebra_I	2023	61.9	32	0	100	0	0	15	General Academic	0	0	17	96	34	13	1	88	15	24	15	HIGH SCHOOL-VIOLIN AND DANCE	8E+11	40.827455	-73.90392	10456	High Bridge - Morrisania
72X543	High School for Violin and Dance	Common Core English	ELA	2023	64.55	43	23.26	76.74	0	0	15	General Academic	0	0	17	96	34	13	1	88	15	24	19.5	HIGH SCHOOL-VIOLIN AND DANCE	8E+11	40.827455	-73.90392	10456	High Bridge - Morrisania
72X544	High School for Contemporary Arts	Living Environment	Living_Env	2023	50.09	68	55.88	44.12	0	0	24	General Academic	0	0	12	89	32	9	1	84	17	16	16	HIGH SCHOOL-CONTEMPORARY ARTS	8E+11	40.875172	-73.861649	10467	Fordham - Bronx Park
72X544	High School for Contemporary Arts	Common Core Algebra	Algebra_I	2023	49.91	85	48.24	51.76	0	0	24	General Academic	0	0	12	89	32	9	1	84	17	16	17	HIGH SCHOOL-CONTEMPORARY ARTS	8E+11	40.875172	-73.861649	10467	Fordham - Bronx Park
72X544	High School for Contemporary Arts	Common Core English	ELA	2023	56.83	115	35.65	64.35	0	0	24	General Academic	0	0	12	89	32	9	1	84	17	16	16.5	HIGH SCHOOL-CONTEMPORARY ARTS	8E+11	40.875172	-73.861649	10467	Fordham - Bronx Park
72X545	Bronx Aerospace High School	Common Core Algebra	Algebra_I	2023	51.1	26	0	100	0	0	18	General Academic	0	0	13	84	25	13	1	90	15	18	15	BRONX AEROSPACE HIGH SCHOOL	8E+11	40.875172	-73.861649	10467	Fordham - Bronx Park
72X545	Bronx Aerospace High School	Living Environment	Living_Env	2023	55.91	44	47.73	52.27	0	0	18	General Academic	0	0	13	84	25	13	1	90	15	18	18	BRONX AEROSPACE HIGH SCHOOL	8E+11	40.875172	-73.861649	10467	Fordham - Bronx Park
72X545	Bronx Aerospace High School	Common Core English	ELA	2023	63.91	66	37.88	62.12	0	0	18	General Academic	0	0	13	84	25	13	1	90	15	18	16.5	BRONX AEROSPACE HIGH SCHOOL	8E+11	40.875172	-73.861649	10467	Fordham - Bronx Park
72X546	Bronx Theatre High School	Living Environment	Living_Env	2023	49.7	14	0	100	0	0	24	General Academic	0	0	7	90	36	14	1	82	13	9	9	BRONX THEATRE HIGH SCHOOL	8E+11	40.877379	-73.912686	10463	Kingsbridge - Riverdale
72X546	Bronx Theatre High School	Common Core Algebra	Algebra_I	2023	63.5	60	40	60	0	0	24	General Academic	0	0	7	90	36	14	1	82	13	9	13	BRONX THEATRE HIGH SCHOOL	8E+11	40.877379	-73.912686	10463	Kingsbridge - Riverdale
72X546	Bronx Theatre High School	Common Core English	ELA	2023	65.42	97	30.93	69.07	0	0	24	General Academic	0	0	7	90	36	14	1	82	13	9	11	BRONX THEATRE HIGH SCHOOL	8E+11	40.877379	-73.912686	10463	Kingsbridge - Riverdale
72X548	Careers in Sports High School	Living Environment	Living_Env	2023	53.85	117	25.64	74.36	0	0	37	General Academic	0	0	17	96	29	16	1	82	16	15	15	CAREERS IN SPORTS HS	8E+11	40.821828	-73.922366	10451	High Bridge - Morrisania
72X548	Careers in Sports High School	Common Core Algebra	Algebra_I	2023	57.87	142	24.65	75.35	0	0	37	General Academic	0	0	17	96	29	16	1	82	16	15	16	CAREERS IN SPORTS HS	8E+11	40.821828	-73.922366	10451	High Bridge - Morrisania
72X548	Careers in Sports High School	Common Core English	ELA	2023	57.64	185	26.49	73.51	0	0	37	General Academic	0	0	17	96	29	16	1	82	16	15	15.5	CAREERS IN SPORTS HS	8E+11	40.821828	-73.922366	10451	High Bridge - Morrisania
72X550	High School of World Cultures	Common Core English	ELA	2023	57.7	80	0	100	0	0	29	General Academic	0	0	87	96	3	21	1	89	21	21	21	HIGH SCHOOL OF WORLD CULTURES	8E+11	40.832508	-73.878191	10472	Pelham - Throgs Neck
72X550	High School of World Cultures	Living Environment	Living_Env	2023	64.57	104	5.77	94.23	0	0	29	General Academic	0	0	87	96	3	21	1	89	21	21	21	HIGH SCHOOL OF WORLD CULTURES	8E+11	40.832508	-73.878191	10472	Pelham - Throgs Neck
72X550	High School of World Cultures	Common Core Algebra	Algebra_I	2023	64.92	139	10.79	89.21	0	0	29	General Academic	0	0	87	96	3	21	1	89	21	21	21	HIGH SCHOOL OF WORLD CULTURES	8E+11	40.832508	-73.878191	10472	Pelham - Throgs Neck
72X557	Mott Haven Community High School	Living Environment	Living_Env	2023	54.3	29	0	100	0	0	25	Transfer School	0	1	8	92	40	12	1	60	18	16	16	MOTT HAVEN COMMUNITY HIGH SCHOOL	8E+11	40.810671	-73.907528	10455	Hunts Point - Mott Haven
72X557	Mott Haven Community High School	Common Core Algebra	Algebra_I	2023	56.6	34	0	100	0	0	25	Transfer School	0	1	8	92	40	12	1	60	18	16	18	MOTT HAVEN COMMUNITY HIGH SCHOOL	8E+11	40.810671	-73.907528	10455	Hunts Point - Mott Haven
72X557	Mott Haven Community High School	Common Core English	ELA	2023	65.35	112	41.96	58.04	0	0	25	Transfer School	0	1	8	92	40	12	1	60	18	16	17	MOTT HAVEN COMMUNITY HIGH SCHOOL	8E+11	40.810671	-73.907528	10455	Hunts Point - Mott Haven
77Q792	Mott Haven Community High School	Living Environment	Living_Env	2023	54.3	29	0	100	0	0	9	Transfer School	0	1	14	77	22	14	1	56	18	12	12	NORTH QUEENS COMMUNITY HS	8E+11	40.810671	-73.907528	10455	Hunts Point - Mott Haven
77Q792	Mott Haven Community High School	Common Core Algebra	Algebra_I	2023	56.6	34	0	100	0	0	9	Transfer School	0	1	14	77	22	14	1	56	18	12	18	NORTH QUEENS COMMUNITY HS	8E+11	40.810671	-73.907528	10455	Hunts Point - Mott Haven
77Q792	Mott Haven Community High School	Common Core English	ELA	2023	65.35	112	41.96	58.04	0	0	9	Transfer School	0	1	14	77	22	14	1	56	18	12	15	NORTH QUEENS COMMUNITY HS	8E+11	40.810671	-73.907528	10455	Hunts Point - Mott Haven
72X558	Westchester Square Academy	Common Core English	ELA	2023	60.33	37	27.03	72.97	0	0	31	General Academic	0	0	12	82	27	6	1	81	23	19	21	WESTCHESTER SQUARE ACADEMY	8E+11	40.839775	-73.839583	10461	Pelham - Throgs Neck
72X558	Westchester Square Academy	Living Environment	Living_Env	2023	56.23	109	24.77	60.55	14.68	0	31	General Academic	0	0	12	82	27	6	1	81	23	19	19	WESTCHESTER SQUARE ACADEMY	8E+11	40.839775	-73.839583	10461	Pelham - Throgs Neck
72X558	Westchester Square Academy	Common Core Algebra	Algebra_I	2023	57.66	116	25.86	62.07	12.07	0	31	General Academic	0	0	12	82	27	6	1	81	23	19	23	WESTCHESTER SQUARE ACADEMY	8E+11	40.839775	-73.839583	10461	Pelham - Throgs Neck
72X561	Bronx Compass High School	Living Environment	Living_Env	2023	57.72	120	40	60	0	0	32	General Academic	0	0	9	91	28	12	1	81	21	21	21	BRONX COMPASS HIGH SCHOOL	8E+11	40.821218	-73.85593	10473	Pelham - Throgs Neck
72X561	Bronx Compass High School	Common Core English	ELA	2023	69.2	144	27.08	64.58	8.33	0	32	General Academic	0	0	9	91	28	12	1	81	21	21	21	BRONX COMPASS HIGH SCHOOL	8E+11	40.821218	-73.85593	10473	Pelham - Throgs Neck
72X561	Bronx Compass High School	Common Core Algebra	Algebra_I	2023	61.18	188	34.04	59.57	6.38	0	32	General Academic	0	0	9	91	28	12	1	81	21	21	21	BRONX COMPASS HIGH SCHOOL	8E+11	40.821218	-73.85593	10473	Pelham - Throgs Neck
72X565	High School for Energy and Technology	Common Core English	ELA	2023	67.48	80	26.25	73.75	0	0	33	Career Technical	1	0	14	92	29	14	1	80	18	22	20	HIGH SCHOOL-ENERGY AND TECHNOLOG	8E+11	40.855392	-73.882487	10458	Fordham - Bronx Park
72X565	High School for Energy and Technology	Living Environment	Living_Env	2023	63.01	83	22.89	77.11	0	0	33	Career Technical	1	0	14	92	29	14	1	80	18	22	22	HIGH SCHOOL-ENERGY AND TECHNOLOG	8E+11	40.855392	-73.882487	10458	Fordham - Bronx Park
72X565	High School for Energy and Technology	Common Core Algebra	Algebra_I	2023	56.14	132	29.55	70.45	0	0	33	Career Technical	1	0	14	92	29	14	1	80	18	22	18	HIGH SCHOOL-ENERGY AND TECHNOLOG	8E+11	40.855392	-73.882487	10458	Fordham - Bronx Park
72X600	Alfred E. Smith Career and Technical Education Hig	Living Environment	Living_Env	2023	59.44	78	28.21	71.79	0	0	37	Career Technical	1	0	13	89	30	14	1	81	23	18	18	ALFRED E SMITH CAREER-TECH HS	8E+11	40.818645	-73.919949	10451	High Bridge - Morrisania
72X600	Alfred E. Smith Career and Technical Education Hig	Common Core English	ELA	2023	72.64	97	22.68	77.32	0	0	37	Career Technical	1	0	13	89	30	14	1	81	23	18	20.5	ALFRED E SMITH CAREER-TECH HS	8E+11	40.818645	-73.919949	10451	High Bridge - Morrisania
72X600	Alfred E. Smith Career and Technical Education Hig	Common Core Algebra	Algebra_I	2023	55.1	170	30	70	0	0	37	Career Technical	1	0	13	89	30	14	1	81	23	18	23	ALFRED E SMITH CAREER-TECH HS	8E+11	40.818645	-73.919949	10451	High Bridge - Morrisania
73K615	Alfred E. Smith Career and Technical Education Hig	Living Environment	Living_Env	2023	59.44	78	28.21	71.79	0	0	78	Career Technical	1	0	6	79	31	9	1	86	18	14	14	TRANSIT TECH CAREER AND TECHNICAL	8E+11	40.818645	-73.919949	10451	High Bridge - Morrisania
73K615	Alfred E. Smith Career and Technical Education Hig	Common Core English	ELA	2023	72.64	97	22.68	77.32	0	0	78	Career Technical	1	0	6	79	31	9	1	86	18	14	16	TRANSIT TECH CAREER AND TECHNICAL	8E+11	40.818645	-73.919949	10451	High Bridge - Morrisania
73K615	Alfred E. Smith Career and Technical Education Hig	Common Core Algebra	Algebra_I	2023	55.1	170	30	70	0	0	78	Career Technical	1	0	6	79	31	9	1	86	18	14	18	TRANSIT TECH CAREER AND TECHNICAL	8E+11	40.818645	-73.919949	10451	High Bridge - Morrisania
72X670	Health Opportunities High School	Living Environment	Living_Env	2023	63.8	26	0	100	0	0	22	General Academic	0	0	11	99	33	19	1	82	21	23	23	HEALTH OPPORTUNITIES HIGH SCHOOL	8E+11	40.815712	-73.92996	10451	High Bridge - Morrisania
72X670	Health Opportunities High School	Common Core English	ELA	2023	61.84	87	28.74	71.26	0	0	22	General Academic	0	0	11	99	33	19	1	82	21	23	22	HEALTH OPPORTUNITIES HIGH SCHOOL	8E+11	40.815712	-73.92996	10451	High Bridge - Morrisania
72X670	Health Opportunities High School	Common Core Algebra	Algebra_I	2023	58.4	106	37.74	62.26	0	0	22	General Academic	0	0	11	99	33	19	1	82	21	23	21	HEALTH OPPORTUNITIES HIGH SCHOOL	8E+11	40.815712	-73.92996	10451	High Bridge - Morrisania
72X682	Fannie Lou Hamer Freedom High School	Common Core English	ELA	2023	67.92	99	24.24	69.7	6.06	0	41	General Academic	0	0	15	91	32	16	1	76				FANNIE LOU HAMER FREEDOM HS	8E+11	40.831212	-73.885804	10460	Crotona - Tremont
72X684	Wings Academy	Common Core English	ELA	2023	57.5	85	37.65	62.35	0	0	24	General Academic	0	0	9	91	35	14	1	81	12	19	15.5	WINGS ACADEMY	8E+11	40.841376	-73.875262	10460	Crotona - Tremont
72X684	Wings Academy	Living Environment	Living_Env	2023	55.54	88	31.82	68.18	0	0	24	General Academic	0	0	9	91	35	14	1	81	12	19	19	WINGS ACADEMY	8E+11	40.841376	-73.875262	10460	Crotona - Tremont
72X684	Wings Academy	Common Core Algebra	Algebra_I	2023	61.5	105	35.24	64.76	0	0	24	General Academic	0	0	9	91	35	14	1	81	12	19	12	WINGS ACADEMY	8E+11	40.841376	-73.875262	10460	Crotona - Tremont
72X696	High School of American Studies at Lehman College	Living Environment	Living_Env	2023	89.71	61	0	22.95	24.59	52.46	27	General Academic	0	0	0	33	4	2	1	96	26	22	22	HS AMER STUDIES AT LEHMAN COLL	8E+11	40.874725	-73.895543	10458	Fordham - Bronx Park
72X696	High School of American Studies at Lehman College	Common Core Algebra	Algebra_I	2023	87.5	62	0	24.19	19.35	56.45	27	General Academic	0	0	0	33	4	2	1	96	26	22	26	HS AMER STUDIES AT LEHMAN COLL	8E+11	40.874725	-73.895543	10458	Fordham - Bronx Park
72X696	High School of American Studies at Lehman College	Common Core English	ELA	2023	92.92	80	0	23.75	31.25	45	27	General Academic	0	0	0	33	4	2	1	96	26	22	24	HS AMER STUDIES AT LEHMAN COLL	8E+11	40.874725	-73.895543	10458	Fordham - Bronx Park
73K122	Pathways in Technology Early College High School (P-Tech)	Living Environment	Living_Env	2023	60.63	79	88.61	0	11.39	0	33	Career Technical	1	0	2	83	17	9	1	85	11	5	5	PATHWAYS TECH EARLY COLLEGE HS	8E+11	40.675905	-73.939282	11213	Bedford Stuyvesant - Crown Heights
73K122	Pathways in Technology Early College High School (P-Tech)	Common Core Algebra	Algebra_I	2023	65.97	168	85.12	10.12	4.76	0	33	Career Technical	1	0	2	83	17	9	1	85	11	5	11	PATHWAYS TECH EARLY COLLEGE HS	8E+11	40.675905	-73.939282	11213	Bedford Stuyvesant - Crown Heights
73K122	Pathways in Technology Early College High School (P-Tech)	Common Core English	ELA	2023	64	221	85.07	10.86	4.07	0	33	Career Technical	1	0	2	83	17	9	1	85	11	5	8	PATHWAYS TECH EARLY COLLEGE HS	8E+11	40.675905	-73.939282	11213	Bedford Stuyvesant - Crown Heights
73K337	International High School at Lafayette	Common Core English	ELA	2023	49.52	50	0	62	0	38	23	General Academic	0	0	89	89	1	54	1	82	22	20	21	INTERNATIONAL HS-LAFAYETTE	8E+11	40.593028	-73.986313	11214	Bensonhurst - Bay Ridge
73K337	International High School at Lafayette	Common Core Algebra	Algebra_I	2023	60.38	102	0	63.73	0	36.27	23	General Academic	0	0	89	89	1	54	1	82	22	20	22	INTERNATIONAL HS-LAFAYETTE	8E+11	40.593028	-73.986313	11214	Bensonhurst - Bay Ridge
73K348	High School of Sports Management	Living Environment	Living_Env	2023	56.43	96	17.71	46.88	0	35.42	27	General Academic	0	0	36	78	22	7	1	80	20	22	22	HIGH SCHOOL OF SPORTS MANAGEMENT	8E+11	40.593028	-73.986313	11214	Bensonhurst - Bay Ridge
73K348	High School of Sports Management	Common Core English	ELA	2023	44.57	115	24.35	42.61	0	33.04	27	General Academic	0	0	36	78	22	7	1	80	20	22	21	HIGH SCHOOL OF SPORTS MANAGEMENT	8E+11	40.593028	-73.986313	11214	Bensonhurst - Bay Ridge
73K348	High School of Sports Management	Common Core Algebra	Algebra_I	2023	56.54	156	14.74	49.36	0	35.9	27	General Academic	0	0	36	78	22	7	1	80	20	22	20	HIGH SCHOOL OF SPORTS MANAGEMENT	8E+11	40.593028	-73.986313	11214	Bensonhurst - Bay Ridge
73K350	Urban Assembly School of Music and Art	Living Environment	Living_Env	2023	56.67	24	58.33	41.67	0	0	10	General Academic	0	0	1	80	23	5	1	77	17	21	21	URBAN ASSEMBLY SCHOOL-MUSIC-ARTS	8E+11	40.69733	-73.984528	11201	Downtown - Heights - Park Slope
73K350	Urban Assembly School of Music and Art	Common Core Algebra	Algebra_I	2023	58.3	25	68	32	0	0	10	General Academic	0	0	1	80	23	5	1	77	17	21	17	URBAN ASSEMBLY SCHOOL-MUSIC-ARTS	8E+11	40.69733	-73.984528	11201	Downtown - Heights - Park Slope
73K350	Urban Assembly School of Music and Art	Common Core English	ELA	2023	66.94	34	79.41	20.59	0	0	10	General Academic	0	0	1	80	23	5	1	77	17	21	19	URBAN ASSEMBLY SCHOOL-MUSIC-ARTS	8E+11	40.69733	-73.984528	11201	Downtown - Heights - Park Slope
73K403	Academy for Excellence in Leadership	Living Environment	Living_Env	2023	58.4	70	0	100	0	0	24	General Academic	0	0	37	92	24	19	1	89	20	24	24	ACADEMY FOR EXCELLENCE-LEADERSHIP	8E+11	40.696457	-73.911751	11237	Williamsburg - Bushwick
73K403	Academy for Excellence in Leadership	Common Core Algebra	Algebra_I	2023	60.94	108	10.19	89.81	0	0	24	General Academic	0	0	37	92	24	19	1	89	20	24	20	ACADEMY FOR EXCELLENCE-LEADERSHIP	8E+11	40.696457	-73.911751	11237	Williamsburg - Bushwick
73K403	Academy for Excellence in Leadership	Common Core English	ELA	2023	50.95	132	12.12	87.88	0	0	24	General Academic	0	0	37	92	24	19	1	89	20	24	22	ACADEMY FOR EXCELLENCE-LEADERSHIP	8E+11	40.696457	-73.911751	11237	Williamsburg - Bushwick
73K405	Midwood High School	Living Environment	Living_Env	2023	70.08	632	29.27	16.77	37.34	16.61	227	General Academic	0	0	4	73	16	4	1	91	29	29	29	MIDWOOD HIGH SCHOOL	8E+11	40.632829	-73.952356	11210	East Flatbush - Flatbush
73K405	Midwood High School	Common Core Algebra	Algebra_I	2023	68.61	734	33.11	19.48	31.61	15.8	227	General Academic	0	0	4	73	16	4	1	91	29	29	29	MIDWOOD HIGH SCHOOL	8E+11	40.632829	-73.952356	11210	East Flatbush - Flatbush
73K405	Midwood High School	Common Core English	ELA	2023	84.01	1795	16.77	12.37	46.41	24.46	227	General Academic	0	0	4	73	16	4	1	91	29	29	29	MIDWOOD HIGH SCHOOL	8E+11	40.632829	-73.952356	11210	East Flatbush - Flatbush
73K408	Academy of Hospitality and Tourism	Living Environment	Living_Env	2023	59.68	38	73.68	26.32	0	0	24	General Academic	0	0	15	84	24	17	1	83	13	10	10	ACADEMY OF HOSPITALITY AND TOURISM	8E+11	40.649602	-73.957173	11226	East Flatbush - Flatbush
73K408	Academy of Hospitality and Tourism	Common Core Algebra	Algebra_I	2023	60.74	127	59.06	33.07	7.87	0	24	General Academic	0	0	15	84	24	17	1	83	13	10	13	ACADEMY OF HOSPITALITY AND TOURISM	8E+11	40.649602	-73.957173	11226	East Flatbush - Flatbush
73K408	Academy of Hospitality and Tourism	Common Core English	ELA	2023	73.3	142	61.27	32.39	6.34	0	24	General Academic	0	0	15	84	24	17	1	83	13	10	11.5	ACADEMY OF HOSPITALITY AND TOURISM	8E+11	40.649602	-73.957173	11226	East Flatbush - Flatbush
73K412	Brooklyn Community Arts & Media High School (BCAM)	Common Core Algebra	Algebra_I	2023	59.52	62	62.9	37.1	0	0	48	General Academic	0	0	5	83	32	11	1	78	20	23	20	BROOKLYN COMM ARTS-MEDIA HS	8E+11	40.692015	-73.95818	11205	Downtown - Heights - Park Slope
73K412	Brooklyn Community Arts & Media High School (BCAM)	Living Environment	Living_Env	2023	56.73	135	68.15	31.85	0	0	48	General Academic	0	0	5	83	32	11	1	78	20	23	23	BROOKLYN COMM ARTS-MEDIA HS	8E+11	40.692015	-73.95818	11205	Downtown - Heights - Park Slope
73K412	Brooklyn Community Arts & Media High School (BCAM)	Common Core English	ELA	2023	60.03	259	66.41	33.59	0	0	48	General Academic	0	0	5	83	32	11	1	78	20	23	21.5	BROOKLYN COMM ARTS-MEDIA HS	8E+11	40.692015	-73.95818	11205	Downtown - Heights - Park Slope
73K425	James Madison High School	Living Environment	Living_Env	2023	67.59	694	12.82	15.85	16.86	54.47	198	General Academic	0	0	12	73	14	7	1	88	20	21	21	JAMES MADISON HIGH SCHOOL	8E+11	40.610499	-73.947661	11229	Coney Island - Sheepshead Bay 
73K425	James Madison High School	Common Core Algebra	Algebra_I	2023	65.39	881	12.03	15.55	16.12	56.3	198	General Academic	0	0	12	73	14	7	1	88	20	21	20	JAMES MADISON HIGH SCHOOL	8E+11	40.610499	-73.947661	11229	Coney Island - Sheepshead Bay 
73K425	James Madison High School	Common Core English	ELA	2023	74.4	939	12.03	16.93	20.87	50.16	198	General Academic	0	0	12	73	14	7	1	88	20	21	20.5	JAMES MADISON HIGH SCHOOL	8E+11	40.610499	-73.947661	11229	Coney Island - Sheepshead Bay 
73K445	New Utrecht High School	Living Environment	Living_Env	2023	67.7	583	0	38.25	42.2	19.55	204	General Academic	0	0	17	80	18	5	1	86	18	16	16	NEW UTRECHT HIGH SCHOOL	8E+11	40.613041	-74.002308	11214	Bensonhurst - Bay Ridge
73K445	New Utrecht High School	Common Core Algebra	Algebra_I	2023	67.6	731	0	35.84	38.85	25.31	204	General Academic	0	0	17	80	18	5	1	86	18	16	18	NEW UTRECHT HIGH SCHOOL	8E+11	40.613041	-74.002308	11214	Bensonhurst - Bay Ridge
73K445	New Utrecht High School	Common Core English	ELA	2023	70.79	880	2.5	33.98	41.36	22.16	204	General Academic	0	0	17	80	18	5	1	86	18	16	17	NEW UTRECHT HIGH SCHOOL	8E+11	40.613041	-74.002308	11214	Bensonhurst - Bay Ridge
02M413	New Utrecht High School	Living Environment	Living_Env	2023	67.7	583	0	38.25	42.2	19.55	51	General Academic	0	0	2	41	25	2	1	91	18	26	26	SCHOOL OF THE FUTURE HIGH SCHOOL	8E+11	40.613041	-74.002308	11214	Bensonhurst - Bay Ridge
02M413	New Utrecht High School	Common Core Algebra	Algebra_I	2023	67.6	731	0	35.84	38.85	25.31	51	General Academic	0	0	2	41	25	2	1	91	18	26	18	SCHOOL OF THE FUTURE HIGH SCHOOL	8E+11	40.613041	-74.002308	11214	Bensonhurst - Bay Ridge
02M413	New Utrecht High School	Common Core English	ELA	2023	70.79	880	2.5	33.98	41.36	22.16	51	General Academic	0	0	2	41	25	2	1	91	18	26	22	SCHOOL OF THE FUTURE HIGH SCHOOL	8E+11	40.613041	-74.002308	11214	Bensonhurst - Bay Ridge
73K488	Brooklyn Preparatory High School	Living Environment	Living_Env	2023	73.08	99	46.46	53.54	0	0	39	General Academic	0	0	5	84	18	10	1	93	22	28	28	BROOKLYN PREPARATORY HS	8E+11	40.715561	-73.954815	11211	Greenpoint
73K488	Brooklyn Preparatory High School	Common Core Algebra	Algebra_I	2023	64.77	101	52.48	47.52	0	0	39	General Academic	0	0	5	84	18	10	1	93	22	28	22	BROOKLYN PREPARATORY HS	8E+11	40.715561	-73.954815	11211	Greenpoint
73K488	Brooklyn Preparatory High School	Common Core English	ELA	2023	68.15	149	47.65	52.35	0	0	39	General Academic	0	0	5	84	18	10	1	93	22	28	25	BROOKLYN PREPARATORY HS	8E+11	40.715561	-73.954815	11211	Greenpoint
73K493	Brooklyn Collegiate: A College Board School	Common Core Algebra	Algebra_I	2023	61.68	103	76.7	23.3	0	0	36	General Academic	0	0	7	84	23	12	1	84	14	26	14	BROOKLYN COLLEGIATE	8E+11	40.674456	-73.912685	11233	Bedford Stuyvesant - Crown Heights
73K493	Brooklyn Collegiate: A College Board School	Living Environment	Living_Env	2023	53.93	114	78.95	21.05	0	0	36	General Academic	0	0	7	84	23	12	1	84	14	26	26	BROOKLYN COLLEGIATE	8E+11	40.674456	-73.912685	11233	Bedford Stuyvesant - Crown Heights
73K493	Brooklyn Collegiate: A College Board School	Common Core English	ELA	2023	69.7	158	82.91	17.09	0	0	36	General Academic	0	0	7	84	23	12	1	84	14	26	20	BROOKLYN COLLEGIATE	8E+11	40.674456	-73.912685	11233	Bedford Stuyvesant - Crown Heights
73K504	High School for Civil Rights	Common Core Algebra	Algebra_I	2023	57.7	63	55.56	44.44	0	0	16	General Academic	0	0	16	93	31	18	1	79	10	23	10	HIGH SCHOOL FOR CIVIL RIGHTS	8E+11	40.666868	-73.895122	11207	East New York
73K504	High School for Civil Rights	Common Core English	ELA	2023	60.37	81	70.37	29.63	0	0	16	General Academic	0	0	16	93	31	18	1	79	10	23	16.5	HIGH SCHOOL FOR CIVIL RIGHTS	8E+11	40.666868	-73.895122	11207	East New York
73K505	Franklin Delano Roosevelt High School	Living Environment	Living_Env	2023	68.91	546	7.14	39.01	37.55	16.3	218	General Academic	0	0	27	80	19	4	1	86	25	27	27	FRANKLIN D ROOSEVELT HS	8E+11	40.621299	-73.982583	11204	Borough Park
73K505	Franklin Delano Roosevelt High School	Common Core Algebra	Algebra_I	2023	65.49	880	6.82	39.2	35.8	18.18	218	General Academic	0	0	27	80	19	4	1	86	25	27	25	FRANKLIN D ROOSEVELT HS	8E+11	40.621299	-73.982583	11204	Borough Park
73K505	Franklin Delano Roosevelt High School	Common Core English	ELA	2023	64.83	1016	7.48	37.4	36.61	18.5	218	General Academic	0	0	27	80	19	4	1	86	25	27	26	FRANKLIN D ROOSEVELT HS	8E+11	40.621299	-73.982583	11204	Borough Park
73K507	Performing Arts and Technology High School	Living Environment	Living_Env	2023	59.9	83	65.06	34.94	0	0	28	General Academic	0	0	10	90	25	12	1	90	9	12	12	PERFORMING ARTS & TECH HS	8E+11	40.666868	-73.895122	11207	East New York
73K507	Performing Arts and Technology High School	Common Core Algebra	Algebra_I	2023	61.58	185	60	40	0	0	28	General Academic	0	0	10	90	25	12	1	90	9	12	9	PERFORMING ARTS & TECH HS	8E+11	40.666868	-73.895122	11207	East New York
73K507	Performing Arts and Technology High School	Common Core English	ELA	2023	64.95	226	68.14	31.86	0	0	28	General Academic	0	0	10	90	25	12	1	90	9	12	10.5	PERFORMING ARTS & TECH HS	8E+11	40.666868	-73.895122	11207	East New York
73K510	World Academy for Total Community Health High School	Common Core English	ELA	2023	65.8	31	100	0	0	0	13	General Academic	0	0	11	92	27	15	1	80	27	25	26	WORLD ACAD FOR TOTAL COM HEALTH	8E+11	40.666868	-73.895122	11207	East New York
73K510	World Academy for Total Community Health High School	Living Environment	Living_Env	2023	55.67	46	56.52	43.48	0	0	13	General Academic	0	0	11	92	27	15	1	80	27	25	25	WORLD ACAD FOR TOTAL COM HEALTH	8E+11	40.666868	-73.895122	11207	East New York
73K510	World Academy for Total Community Health High School	Common Core Algebra	Algebra_I	2023	51.64	65	53.85	46.15	0	0	13	General Academic	0	0	11	92	27	15	1	80	27	25	27	WORLD ACAD FOR TOTAL COM HEALTH	8E+11	40.666868	-73.895122	11207	East New York
73K525	Edward R. Murrow High School	Living Environment	Living_Env	2023	66.8	557	26.39	26.57	21.36	25.67	223	General Academic	0	0	8	68	19	7	1	89	18	19	19	EDWARD R MURROW HIGH SCHOOL	8E+11	40.619671	-73.959141	11230	Borough Park
73K525	Edward R. Murrow High School	Common Core Algebra	Algebra_I	2023	61.89	807	24.54	27.51	19.08	28.87	223	General Academic	0	0	8	68	19	7	1	89	18	19	18	EDWARD R MURROW HIGH SCHOOL	8E+11	40.619671	-73.959141	11230	Borough Park
73K525	Edward R. Murrow High School	Common Core English	ELA	2023	76.87	932	15.88	20.17	28.22	35.73	223	General Academic	0	0	8	68	19	7	1	89	18	19	18.5	EDWARD R MURROW HIGH SCHOOL	8E+11	40.619671	-73.959141	11230	Borough Park
73K528	The High School for Global Citizenship	Common Core Algebra	Algebra_I	2023	74.4	46	100	0	0	0	16	General Academic	0	0	8	91	25	14	1	91	17	14	17	HIGH SCHOOL FOR GLOBAL CITIZENSHIP	8E+11	40.669805	-73.960689	11225	East Flatbush - Flatbush
73K528	The High School for Global Citizenship	Living Environment	Living_Env	2023	68.4	47	100	0	0	0	16	General Academic	0	0	8	91	25	14	1	91	17	14	14	HIGH SCHOOL FOR GLOBAL CITIZENSHIP	8E+11	40.669805	-73.960689	11225	East Flatbush - Flatbush
73K528	The High School for Global Citizenship	Common Core English	ELA	2023	65.94	90	85.56	14.44	0	0	16	General Academic	0	0	8	91	25	14	1	91	17	14	15.5	HIGH SCHOOL FOR GLOBAL CITIZENSHIP	8E+11	40.669805	-73.960689	11225	East Flatbush - Flatbush
73K531	The School for Human Rights	Living Environment	Living_Env	2023	59.8	28	100	0	0	0	15	General Academic	0	0	5	85	30	9	1	83	17	18	18	SCHOOL FOR HUMAN RIGHTS	8E+11	40.658671	-73.943839	11203	East Flatbush - Flatbush
73K531	The School for Human Rights	Common Core Algebra	Algebra_I	2023	58.9	35	100	0	0	0	15	General Academic	0	0	5	85	30	9	1	83	17	18	17	SCHOOL FOR HUMAN RIGHTS	8E+11	40.658671	-73.943839	11203	East Flatbush - Flatbush
73K531	The School for Human Rights	Common Core English	ELA	2023	64.7	41	100	0	0	0	15	General Academic	0	0	5	85	30	9	1	83	17	18	17.5	SCHOOL FOR HUMAN RIGHTS	8E+11	40.658671	-73.943839	11203	East Flatbush - Flatbush
73K535	Leon M. Goldstein High School for the Sciences	Living Environment	Living_Env	2023	73.6	132	26.52	0	27.27	46.21	60	General Academic	0	0	2	58	18	3	1	92	25	27	27	LEON M GOLDSTEIN HIGH SCH-SCIENCES	8E+11	40.578356	-73.934449	11235	Coney Island - Sheepshead Bay 
73K535	Leon M. Goldstein High School for the Sciences	Common Core Algebra	Algebra_I	2023	74.74	138	25.36	0	26.09	48.55	60	General Academic	0	0	2	58	18	3	1	92	25	27	25	LEON M GOLDSTEIN HIGH SCH-SCIENCES	8E+11	40.578356	-73.934449	11235	Coney Island - Sheepshead Bay 
73K535	Leon M. Goldstein High School for the Sciences	Common Core English	ELA	2023	85.59	212	17.92	0	31.6	50.47	60	General Academic	0	0	2	58	18	3	1	92	25	27	26	LEON M GOLDSTEIN HIGH SCH-SCIENCES	8E+11	40.578356	-73.934449	11235	Coney Island - Sheepshead Bay 
73K537	High School for Youth and Community Development at Erasmus	Living Environment	Living_Env	2023	55.67	123	78.86	21.14	0	0	23	General Academic	0	0	9	85	21	14	1	95	26	24	24	HIGH SCHOOL-YOUTH & COMM DVLPMNT	8E+11	40.649602	-73.957173	11226	East Flatbush - Flatbush
73K537	High School for Youth and Community Development at Erasmus	Common Core Algebra	Algebra_I	2023	58.99	124	75.81	24.19	0	0	23	General Academic	0	0	9	85	21	14	1	95	26	24	26	HIGH SCHOOL-YOUTH & COMM DVLPMNT	8E+11	40.649602	-73.957173	11226	East Flatbush - Flatbush
73K537	High School for Youth and Community Development at Erasmus	Common Core English	ELA	2023	62.76	165	72.12	18.79	9.09	0	23	General Academic	0	0	9	85	21	14	1	95	26	24	25	HIGH SCHOOL-YOUTH & COMM DVLPMNT	8E+11	40.649602	-73.957173	11226	East Flatbush - Flatbush
73K539	High School for Service & Learning at Erasmus	Living Environment	Living_Env	2023	56.45	52	63.46	36.54	0	0	17	General Academic	0	0	18	78	21	13	1	86	17	21	21	HIGH SCHOOL-SERVICE & LEARNING	8E+11	40.649602	-73.957173	11226	East Flatbush - Flatbush
73K539	High School for Service & Learning at Erasmus	Common Core Algebra	Algebra_I	2023	58.3	75	70.67	29.33	0	0	17	General Academic	0	0	18	78	21	13	1	86	17	21	17	HIGH SCHOOL-SERVICE & LEARNING	8E+11	40.649602	-73.957173	11226	East Flatbush - Flatbush
73K539	High School for Service & Learning at Erasmus	Common Core English	ELA	2023	59.24	90	71.11	28.89	0	0	17	General Academic	0	0	18	78	21	13	1	86	17	21	19	HIGH SCHOOL-SERVICE & LEARNING	8E+11	40.649602	-73.957173	11226	East Flatbush - Flatbush
73K540	John Dewey High School	Living Environment	Living_Env	2023	64.72	400	16	30.75	29.25	24	153	General Academic	0	0	18	87	17	7	1	89	25	26	26	JOHN DEWEY HIGH SCHOOL	8E+11	40.58807	-73.981925	11223	Coney Island - Sheepshead Bay 
73K540	John Dewey High School	Common Core Algebra	Algebra_I	2023	65.07	508	18.11	30.51	22.05	29.33	153	General Academic	0	0	18	87	17	7	1	89	25	26	25	JOHN DEWEY HIGH SCHOOL	8E+11	40.58807	-73.981925	11223	Coney Island - Sheepshead Bay 
73K540	John Dewey High School	Common Core English	ELA	2023	68.37	628	17.83	30.73	28.82	22.61	153	General Academic	0	0	18	87	17	7	1	89	25	26	25.5	JOHN DEWEY HIGH SCHOOL	8E+11	40.58807	-73.981925	11223	Coney Island - Sheepshead Bay 
73K545	EBC High School for Public Service - Bushwick	Common Core English	ELA	2023	56.8	94	0	100	0	0	34	General Academic	0	0	23	88	25	14	1	79	24	19	21.5	EBC HIGH SCHOOL-PUBLIC SERVICE	8E+11	40.694723	-73.929315	11221	Williamsburg - Bushwick
73K545	EBC High School for Public Service - Bushwick	Living Environment	Living_Env	2023	53.34	109	11.93	88.07	0	0	34	General Academic	0	0	23	88	25	14	1	79	24	19	19	EBC HIGH SCHOOL-PUBLIC SERVICE	8E+11	40.694723	-73.929315	11221	Williamsburg - Bushwick
73K545	EBC High School for Public Service - Bushwick	Common Core Algebra	Algebra_I	2023	55.39	122	9.84	90.16	0	0	34	General Academic	0	0	23	88	25	14	1	79	24	19	24	EBC HIGH SCHOOL-PUBLIC SERVICE	8E+11	40.694723	-73.929315	11221	Williamsburg - Bushwick
73K546	High School for Public Service: Heroes of Tomorrow	Common Core Algebra	Algebra_I	2023	59.71	82	82.93	17.07	0	0	30	General Academic	0	0	2	78	17	10	1	86	23	23	23	HS FOR PUBLIC SERVICE-HEROES OF TOM	8E+11	40.658671	-73.943839	11203	East Flatbush - Flatbush
73K546	High School for Public Service: Heroes of Tomorrow	Living Environment	Living_Env	2023	60.14	94	82.98	10.64	6.38	0	30	General Academic	0	0	2	78	17	10	1	86	23	23	23	HS FOR PUBLIC SERVICE-HEROES OF TOM	8E+11	40.658671	-73.943839	11203	East Flatbush - Flatbush
73K547	Brooklyn Academy of Science and the Environment	Living Environment	Living_Env	2023	57.52	48	79.17	20.83	0	0	19	General Academic	0	0	10	82	22	12	1	86	20	18	18	BROOKLYN ACADEMY OF SCI & ENVIRON	8E+11	40.669805	-73.960689	11225	East Flatbush - Flatbush
73K547	Brooklyn Academy of Science and the Environment	Common Core Algebra	Algebra_I	2023	62.57	49	85.71	14.29	0	0	19	General Academic	0	0	10	82	22	12	1	86	20	18	20	BROOKLYN ACADEMY OF SCI & ENVIRON	8E+11	40.669805	-73.960689	11225	East Flatbush - Flatbush
73K547	Brooklyn Academy of Science and the Environment	Common Core English	ELA	2023	69.18	53	81.13	18.87	0	0	19	General Academic	0	0	10	82	22	12	1	86	20	18	19	BROOKLYN ACADEMY OF SCI & ENVIRON	8E+11	40.669805	-73.960689	11225	East Flatbush - Flatbush
73K548	Brooklyn School for Music & Theatre	Living Environment	Living_Env	2023	55.7	41	100	0	0	0	19	General Academic	0	0	3	91	24	10	1	85	26	25	25	BROOKLYN SCHOOL FOR MUSIC & THEATER	8E+11	40.669805	-73.960689	11225	East Flatbush - Flatbush
73K548	Brooklyn School for Music & Theatre	Common Core Algebra	Algebra_I	2023	60.1	51	100	0	0	0	19	General Academic	0	0	3	91	24	10	1	85	26	25	26	BROOKLYN SCHOOL FOR MUSIC & THEATER	8E+11	40.669805	-73.960689	11225	East Flatbush - Flatbush
73K548	Brooklyn School for Music & Theatre	Common Core English	ELA	2023	64.58	66	77.27	22.73	0	0	19	General Academic	0	0	3	91	24	10	1	85	26	25	25.5	BROOKLYN SCHOOL FOR MUSIC & THEATER	8E+11	40.669805	-73.960689	11225	East Flatbush - Flatbush
73K549	The Brooklyn School for Social Justice	Living Environment	Living_Env	2023	53.5	55	0	100	0	0	29	General Academic	0	0	40	87	23	21	1	79	16	16	16	BROOKLYN SCHOOL FOR SOCIAL JUSTICE	8E+11	40.696457	-73.911751	11237	Williamsburg - Bushwick
73K549	The Brooklyn School for Social Justice	Common Core English	ELA	2023	63.81	174	13.79	86.21	0	0	29	General Academic	0	0	40	87	23	21	1	79	16	16	16	BROOKLYN SCHOOL FOR SOCIAL JUSTICE	8E+11	40.696457	-73.911751	11237	Williamsburg - Bushwick
73K549	The Brooklyn School for Social Justice	Common Core Algebra	Algebra_I	2023	57.02	190	10.53	89.47	0	0	29	General Academic	0	0	40	87	23	21	1	79	16	16	16	BROOKLYN SCHOOL FOR SOCIAL JUSTICE	8E+11	40.696457	-73.911751	11237	Williamsburg - Bushwick
73K552	The Academy of Urban Planning and Engineering	Living Environment	Living_Env	2023	60.71	82	19.51	80.49	0	0	35	General Academic	0	0	26	93	20	16	1	90	11	13	13	ACADEMY OF URBAN PLANNING-ENGINEERIN	8E+11	40.696457	-73.911751	11237	Williamsburg - Bushwick
73K552	The Academy of Urban Planning and Engineering	Common Core Algebra	Algebra_I	2023	58.68	124	24.19	75.81	0	0	35	General Academic	0	0	26	93	20	16	1	90	11	13	11	ACADEMY OF URBAN PLANNING-ENGINEERIN	8E+11	40.696457	-73.911751	11237	Williamsburg - Bushwick
73K552	The Academy of Urban Planning and Engineering	Common Core English	ELA	2023	62.44	142	16.9	77.46	0	5.63	35	General Academic	0	0	26	93	20	16	1	90	11	13	12	ACADEMY OF URBAN PLANNING-ENGINEERIN	8E+11	40.696457	-73.911751	11237	Williamsburg - Bushwick
73K556	Bushwick Leaders High School for Academic Excellen	Living Environment	Living_Env	2023	49.58	80	13.75	78.75	7.5	0	34	General Academic	0	0	31	95	26	21	1	78	17	19	19	BUSHWICK LEADERS HS-ACAD EXCELL	8E+11	40.695436	-73.927349	11221	Williamsburg - Bushwick
73K556	Bushwick Leaders High School for Academic Excellen	Common Core English	ELA	2023	49.8	108	14.81	85.19	0	0	34	General Academic	0	0	31	95	26	21	1	78	17	19	18	BUSHWICK LEADERS HS-ACAD EXCELL	8E+11	40.695436	-73.927349	11221	Williamsburg - Bushwick
73K556	Bushwick Leaders High School for Academic Excellen	Common Core Algebra	Algebra_I	2023	55.02	167	15.57	80.84	3.59	0	34	General Academic	0	0	31	95	26	21	1	78	17	19	17	BUSHWICK LEADERS HS-ACAD EXCELL	8E+11	40.695436	-73.927349	11221	Williamsburg - Bushwick
73K563	It Takes a Village Academy	Living Environment	Living_Env	2023	53.65	65	89.23	10.77	0	0	25	General Academic	0	0	14	81	21	12	1	87	12	11	11	IT TAKES A VILLAGE ACADEMY	8E+11	40.647728	-73.922212	11203	East Flatbush - Flatbush
73K563	It Takes a Village Academy	Common Core Algebra	Algebra_I	2023	51.68	78	80.77	11.54	0	7.69	25	General Academic	0	0	14	81	21	12	1	87	12	11	12	IT TAKES A VILLAGE ACADEMY	8E+11	40.647728	-73.922212	11203	East Flatbush - Flatbush
73K563	It Takes a Village Academy	Common Core English	ELA	2023	59.32	97	83.51	7.22	0	9.28	25	General Academic	0	0	14	81	21	12	1	87	12	11	11.5	IT TAKES A VILLAGE ACADEMY	8E+11	40.647728	-73.922212	11203	East Flatbush - Flatbush
73K564	Bushwick Community High School	Common Core Algebra	Algebra_I	2023	60	27	37.04	62.96	0	0	10	Transfer School	0	1	9	81	31	0	1	66	23	30	23	BUSHWICK COMMUNITY HS	8E+11	40.695875	-73.915217	11221	Williamsburg - Bushwick
73K564	Bushwick Community High School	Common Core English	ELA	2023	64	33	0	100	0	0	10	Transfer School	0	1	9	81	31	0	1	66	23	30	26.5	BUSHWICK COMMUNITY HS	8E+11	40.695875	-73.915217	11221	Williamsburg - Bushwick
73K566	Brooklyn Community High School for Excellence and Equity	Living Environment	Living_Env	2023	62.7	29	100	0	0	0	17	General Academic	0	0	9	77	23	8	1	80	21	13	13	BROOKLYN COMMUNITY HS-EXCEL-EQUITY	8E+11	40.634451	-73.916927	11236	Canarsie - Flatlands
73K566	Brooklyn Community High School for Excellence and Equity	Common Core English	ELA	2023	61.96	75	88	12	0	0	17	General Academic	0	0	9	77	23	8	1	80	21	13	17	BROOKLYN COMMUNITY HS-EXCEL-EQUITY	8E+11	40.634451	-73.916927	11236	Canarsie - Flatlands
73K566	Brooklyn Community High School for Excellence and Equity	Common Core Algebra	Algebra_I	2023	61.28	104	77.88	12.5	0	9.62	17	General Academic	0	0	9	77	23	8	1	80	21	13	21	BROOKLYN COMMUNITY HS-EXCEL-EQUITY	8E+11	40.634451	-73.916927	11236	Canarsie - Flatlands
73K567	Brooklyn Theatre Arts High School	Common Core English	ELA	2023	63.47	55	83.64	16.36	0	0	17	General Academic	0	0	6	85	28	14	1	81	19	26	22.5	BROOKLYN THEATRE ARTS HIGH SCHOOL	8E+11	40.634451	-73.916927	11236	Canarsie - Flatlands
73K567	Brooklyn Theatre Arts High School	Living Environment	Living_Env	2023	62.56	57	84.21	15.79	0	0	17	General Academic	0	0	6	85	28	14	1	81	19	26	26	BROOKLYN THEATRE ARTS HIGH SCHOOL	8E+11	40.634451	-73.916927	11236	Canarsie - Flatlands
73K567	Brooklyn Theatre Arts High School	Common Core Algebra	Algebra_I	2023	56.87	70	85.71	14.29	0	0	17	General Academic	0	0	6	85	28	14	1	81	19	26	19	BROOKLYN THEATRE ARTS HIGH SCHOOL	8E+11	40.634451	-73.916927	11236	Canarsie - Flatlands
73K569	Kurt Hahn Expeditionary Learning School	Common Core English	ELA	2023	61.57	46	80.43	19.57	0	0	18	General Academic	0	0	12	86	35	17	1	77	28	33	30.5	KURT HAHN EXPEDITIONARY LRNING SCH	8E+11	40.647728	-73.922212	11203	East Flatbush - Flatbush
73K576	Victory Collegiate High School	Common Core English	ELA	2023	65.54	56	87.5	0	0	12.5	16	General Academic	0	0	11	85	18	9	1	83	27		27	VICTORY COLLEGIATE HIGH SCHOOL	8E+11	40.634451	-73.916927	11236	Canarsie - Flatlands
73K576	Victory Collegiate High School	Common Core Algebra	Algebra_I	2023	60.91	122	78.69	11.48	0	9.84	16	General Academic	0	0	11	85	18	9	1	83	27		27	VICTORY COLLEGIATE HIGH SCHOOL	8E+11	40.634451	-73.916927	11236	Canarsie - Flatlands
73K583	Multicultural High School	Common Core Algebra	Algebra_I	2023	53.2	162	0	100	0	0	23	General Academic	0	0	94	88	2	17	1	90	22	31	22	MULTICULTURAL HIGH SCHOOL	8E+11	40.693002	-73.869305	11208	East New York
73K583	Multicultural High School	Common Core English	ELA	2023	27	218	0	100	0	0	23	General Academic	0	0	94	88	2	17	1	90	22	31	26.5	MULTICULTURAL HIGH SCHOOL	8E+11	40.693002	-73.869305	11208	East New York
73K592	Khalil Gibran International Academy	Living Environment	Living_Env	2023	44.65	26	30.77	26.92	0	42.31	17	General Academic	0	0	48	85	16	15	1	87	7	15	15	KHALIL GIBRAN INTERNATIONAL ACADEMY	8E+11	40.686147	-73.979829	11217	Downtown - Heights - Park Slope
73K592	Khalil Gibran International Academy	Common Core Algebra	Algebra_I	2023	49.51	38	39.47	36.84	0	23.68	17	General Academic	0	0	48	85	16	15	1	87	7	15	7	KHALIL GIBRAN INTERNATIONAL ACADEMY	8E+11	40.686147	-73.979829	11217	Downtown - Heights - Park Slope
73K592	Khalil Gibran International Academy	Common Core English	ELA	2023	48.62	60	0	33.33	30	36.67	17	General Academic	0	0	48	85	16	15	1	87	7	15	11	KHALIL GIBRAN INTERNATIONAL ACADEMY	8E+11	40.686147	-73.979829	11217	Downtown - Heights - Park Slope
73K595	Bedford Academy High School	Living Environment	Living_Env	2023	75.73	58	72.41	27.59	0	0	23	General Academic	0	0	0	70	12	6	1	91	12	17	17	BEDFORD ACADEMY HIGH SCHOOL	8E+11	40.685486	-73.953692	11216	Bedford Stuyvesant - Crown Heights
73K595	Bedford Academy High School	Common Core Algebra	Algebra_I	2023	74.2	71	76.06	23.94	0	0	23	General Academic	0	0	0	70	12	6	1	91	12	17	12	BEDFORD ACADEMY HIGH SCHOOL	8E+11	40.685486	-73.953692	11216	Bedford Stuyvesant - Crown Heights
73K595	Bedford Academy High School	Common Core English	ELA	2023	84.43	117	75.21	12.82	11.97	0	23	General Academic	0	0	0	70	12	6	1	91	12	17	14.5	BEDFORD ACADEMY HIGH SCHOOL	8E+11	40.685486	-73.953692	11216	Bedford Stuyvesant - Crown Heights
73K600	Clara Barton High School	Living Environment	Living_Env	2023	54.09	223	86.1	8.97	0	4.93	90	Career Technical	1	0	10	78	19	8	1	91	22	23	23	CLARA BARTON HIGH SCHOOL	8E+11	40.669805	-73.960689	11225	East Flatbush - Flatbush
73K600	Clara Barton High School	Common Core Algebra	Algebra_I	2023	58.52	312	87.82	9.94	0	2.24	90	Career Technical	1	0	10	78	19	8	1	91	22	23	22	CLARA BARTON HIGH SCHOOL	8E+11	40.669805	-73.960689	11225	East Flatbush - Flatbush
73K600	Clara Barton High School	Common Core English	ELA	2023	64.58	327	91.44	5.81	0	2.75	90	Career Technical	1	0	10	78	19	8	1	91	22	23	22.5	CLARA BARTON HIGH SCHOOL	8E+11	40.669805	-73.960689	11225	East Flatbush - Flatbush
73K611	Origins High School	Living Environment	Living_Env	2023	58.47	84	25	0	17.86	57.14	38	General Academic	0	0	26	86	17	8	1	81	27	30	30	ORIGINS HIGH SCHOOL	8E+11	40.593157	-73.936635	11235	Coney Island - Sheepshead Bay 
73K611	Origins High School	Common Core Algebra	Algebra_I	2023	63.99	98	26.53	0	21.43	52.04	38	General Academic	0	0	26	86	17	8	1	81	27	30	27	ORIGINS HIGH SCHOOL	8E+11	40.593157	-73.936635	11235	Coney Island - Sheepshead Bay 
73K611	Origins High School	Common Core English	ELA	2023	66.49	99	29.29	0	32.32	38.38	38	General Academic	0	0	26	86	17	8	1	81	27	30	28.5	ORIGINS HIGH SCHOOL	8E+11	40.593157	-73.936635	11235	Coney Island - Sheepshead Bay 
73K616	Brooklyn High School for Leadership and Community	Living Environment	Living_Env	2023	51.1	10	100	0	0	0	13	Transfer School	0	1	9	91	42	12	1	51	16	12	12	BROOKLYN HS-LEADERSHIP & COMMUNITY	8E+11	40.692015	-73.95818	11205	Downtown - Heights - Park Slope
73K616	Brooklyn High School for Leadership and Community	Common Core Algebra	Algebra_I	2023	46.1	15	100	0	0	0	13	Transfer School	0	1	9	91	42	12	1	51	16	12	16	BROOKLYN HS-LEADERSHIP & COMMUNITY	8E+11	40.692015	-73.95818	11205	Downtown - Heights - Park Slope
73K616	Brooklyn High School for Leadership and Community	Common Core English	ELA	2023	61.5	28	100	0	0	0	13	Transfer School	0	1	9	91	42	12	1	51	16	12	14	BROOKLYN HS-LEADERSHIP & COMMUNITY	8E+11	40.692015	-73.95818	11205	Downtown - Heights - Park Slope
73K617	High School for Innovation in Advertising and Media	Living Environment	Living_Env	2023	48.53	87	78.16	9.2	0	12.64	28	Career Technical	1	0	8	77	28	11	1	84	17	13	13	HS FOR INNOVATION -ADVERTISING/MEDIA	8E+11	40.640543	-73.898601	11236	Canarsie - Flatlands
73K617	High School for Innovation in Advertising and Media	Common Core Algebra	Algebra_I	2023	55.01	90	77.78	10	0	12.22	28	Career Technical	1	0	8	77	28	11	1	84	17	13	17	HS FOR INNOVATION -ADVERTISING/MEDIA	8E+11	40.640543	-73.898601	11236	Canarsie - Flatlands
73K617	High School for Innovation in Advertising and Media	Common Core English	ELA	2023	57.61	110	91.82	0	0	8.18	28	Career Technical	1	0	8	77	28	11	1	84	17	13	15	HS FOR INNOVATION -ADVERTISING/MEDIA	8E+11	40.640543	-73.898601	11236	Canarsie - Flatlands
73K618	Academy of Innovative Technology	Common Core English	ELA	2023	68.58	106	38.68	49.06	12.26	0	35	Career Technical	1	0	7	83	23	9	1	84	12	7	9.5	ACADEMY OF INNOVATIVE TECHNOLOGY	8E+11	40.693002	-73.869305	11208	East New York
73K618	Academy of Innovative Technology	Living Environment	Living_Env	2023	63.68	109	33.03	60.55	6.42	0	35	Career Technical	1	0	7	83	23	9	1	84	12	7	7	ACADEMY OF INNOVATIVE TECHNOLOGY	8E+11	40.693002	-73.869305	11208	East New York
73K618	Academy of Innovative Technology	Common Core Algebra	Algebra_I	2023	63.21	118	30.51	64.41	5.08	0	35	Career Technical	1	0	7	83	23	9	1	84	12	7	12	ACADEMY OF INNOVATIVE TECHNOLOGY	8E+11	40.693002	-73.869305	11208	East New York
73K629	Cultural Academy for the Arts and Sciences	Common Core English	ELA	2023	65.1	74	100	0	0	0	22	General Academic	0	0	3	80	26	7	1	87	17	20	18.5	CULTURAL ACADEMY-ARTS AND SCIENCES	8E+11	40.647728	-73.922212	11203	East Flatbush - Flatbush
73K629	Cultural Academy for the Arts and Sciences	Living Environment	Living_Env	2023	59.71	85	87.06	12.94	0	0	22	General Academic	0	0	3	80	26	7	1	87	17	20	20	CULTURAL ACADEMY-ARTS AND SCIENCES	8E+11	40.647728	-73.922212	11203	East Flatbush - Flatbush
73K629	Cultural Academy for the Arts and Sciences	Common Core Algebra	Algebra_I	2023	56.02	103	89.32	10.68	0	0	22	General Academic	0	0	3	80	26	7	1	87	17	20	17	CULTURAL ACADEMY-ARTS AND SCIENCES	8E+11	40.647728	-73.922212	11203	East Flatbush - Flatbush
73K630	Professional Pathways High School	Living Environment	Living_Env	2023	57.37	32	40.62	59.38	0	0	17	Transfer School	0	1	14	91	40	11	1	55	4	4	4	PROFESSIONAL PATHWAYS HIGH SCHOOL	8E+11	40.593157	-73.936635	11235	Coney Island - Sheepshead Bay 
73K630	Professional Pathways High School	Common Core Algebra	Algebra_I	2023	53.03	43	30.23	46.51	0	23.26	17	Transfer School	0	1	14	91	40	11	1	55	4	4	4	PROFESSIONAL PATHWAYS HIGH SCHOOL	8E+11	40.593157	-73.936635	11235	Coney Island - Sheepshead Bay 
73K630	Professional Pathways High School	Common Core English	ELA	2023	60.9	60	41.67	58.33	0	0	17	Transfer School	0	1	14	91	40	11	1	55	4	4	4	PROFESSIONAL PATHWAYS HIGH SCHOOL	8E+11	40.593157	-73.936635	11235	Coney Island - Sheepshead Bay 
73K633	High School for Medical Professions	Living Environment	Living_Env	2023	59.46	55	89.09	0	0	10.91	30	General Academic	0	0	9	99	12	9	1	86	21	20	20	HIGH SCHOOL FOR MEDICAL PROFESSIONS	8E+11	40.640543	-73.898601	11236	Canarsie - Flatlands
73K633	High School for Medical Professions	Common Core Algebra	Algebra_I	2023	62.26	95	90.53	9.47	0	0	30	General Academic	0	0	9	99	12	9	1	86	21	20	21	HIGH SCHOOL FOR MEDICAL PROFESSIONS	8E+11	40.640543	-73.898601	11236	Canarsie - Flatlands
73K633	High School for Medical Professions	Common Core English	ELA	2023	65.07	119	81.51	12.61	0	5.88	30	General Academic	0	0	9	99	12	9	1	86	21	20	20.5	HIGH SCHOOL FOR MEDICAL PROFESSIONS	8E+11	40.640543	-73.898601	11236	Canarsie - Flatlands
73K635	Olympus Academy	Living Environment	Living_Env	2023	62.3	25	100	0	0	0	16	Transfer School	0	1	1	87	27	8	1	56	13	13	13	OLYMPUS ACADEMY	8E+11	40.645965	-73.898607	11236	Canarsie - Flatlands
73K635	Olympus Academy	Common Core Algebra	Algebra_I	2023	69.6	38	100	0	0	0	16	Transfer School	0	1	1	87	27	8	1	56	13	13	13	OLYMPUS ACADEMY	8E+11	40.645965	-73.898607	11236	Canarsie - Flatlands
73K635	Olympus Academy	Common Core English	ELA	2023	67.2	65	100	0	0	0	16	Transfer School	0	1	1	87	27	8	1	56	13	13	13	OLYMPUS ACADEMY	8E+11	40.645965	-73.898607	11236	Canarsie - Flatlands
73K637	Academy for Conservation and the Environment	Living Environment	Living_Env	2023	58.29	98	77.55	11.22	11.22	0	30	General Academic	0	0	8	82	20	11	1	93	19	19	19	ACAD FOR CONSERVATION & ENVIRONMENT	8E+11	40.634451	-73.916927	11236	Canarsie - Flatlands
73K637	Academy for Conservation and the Environment	Common Core English	ELA	2023	69.61	115	75.65	12.17	12.17	0	30	General Academic	0	0	8	82	20	11	1	93	19	19	19	ACAD FOR CONSERVATION & ENVIRONMENT	8E+11	40.634451	-73.916927	11236	Canarsie - Flatlands
73K637	Academy for Conservation and the Environment	Common Core Algebra	Algebra_I	2023	57.7	124	82.26	9.68	8.06	0	30	General Academic	0	0	8	82	20	11	1	93	19	19	19	ACAD FOR CONSERVATION & ENVIRONMENT	8E+11	40.634451	-73.916927	11236	Canarsie - Flatlands
73K642	Urban Action Academy	Common Core English	ELA	2023	68.7	27	100	0	0	0	10	General Academic	0	0	9	80	28	8	1	86	8	15	11.5	URBAN ACTION ACADEMY	8E+11	40.640543	-73.898601	11236	Canarsie - Flatlands
73K642	Urban Action Academy	Common Core Algebra	Algebra_I	2023	56.9	33	100	0	0	0	10	General Academic	0	0	9	80	28	8	1	86	8	15	8	URBAN ACTION ACADEMY	8E+11	40.640543	-73.898601	11236	Canarsie - Flatlands
73K643	Brooklyn Democracy Academy	Living Environment	Living_Env	2023	50.9	29	100	0	0	0	14	Transfer School	0	1	8	88	33	18	1	65	11	14	14	BROOKLYN DEMOCRACY ACADEMY	8E+11	40.655644	-73.906662	11212	Bedford Stuyvesant - Crown Heights
73K643	Brooklyn Democracy Academy	Common Core English	ELA	2023	64.8	38	100	0	0	0	14	Transfer School	0	1	8	88	33	18	1	65	11	14	12.5	BROOKLYN DEMOCRACY ACADEMY	8E+11	40.655644	-73.906662	11212	Bedford Stuyvesant - Crown Heights
73K643	Brooklyn Democracy Academy	Common Core Algebra	Algebra_I	2023	51.66	50	68	32	0	0	14	Transfer School	0	1	8	88	33	18	1	65	11	14	11	BROOKLYN DEMOCRACY ACADEMY	8E+11	40.655644	-73.906662	11212	Bedford Stuyvesant - Crown Heights
73K646	Aspirations Diploma Plus High School	Living Environment	Living_Env	2023	49.4	20	100	0	0	0	14	Transfer School	0	1	1	80	34	12	1	51	14	10	10	ASPIRATIONS DIPLOMA PLUS HS	8E+11	40.669561	-73.955188	11225	East Flatbush - Flatbush
73K646	Aspirations Diploma Plus High School	Common Core English	ELA	2023	72.6	46	100	0	0	0	14	Transfer School	0	1	1	80	34	12	1	51	14	10	12	ASPIRATIONS DIPLOMA PLUS HS	8E+11	40.669561	-73.955188	11225	East Flatbush - Flatbush
73K659	Cypress Hills Collegiate Preparatory School	Living Environment	Living_Env	2023	55.85	98	15.31	84.69	0	0	29	General Academic	0	0	21	91	19	8	1	84	25	26	26	CYPRESS HILLS COLLEGIATE PREP SCHOOL	8E+11	40.693002	-73.869305	11208	East New York
73K659	Cypress Hills Collegiate Preparatory School	Common Core English	ELA	2023	60.78	289	15.57	77.51	6.92	0	29	General Academic	0	0	21	91	19	8	1	84	25	26	25.5	CYPRESS HILLS COLLEGIATE PREP SCHOOL	8E+11	40.693002	-73.869305	11208	East New York
73K659	Cypress Hills Collegiate Preparatory School	Common Core Algebra	Algebra_I	2023	61.09	326	11.66	81.9	6.44	0	29	General Academic	0	0	21	91	19	8	1	84	25	26	25	CYPRESS HILLS COLLEGIATE PREP SCHOOL	8E+11	40.693002	-73.869305	11208	East New York
73K660	W. H. Maxwell Career and Technical Education High School	Living Environment	Living_Env	2023	50.65	119	63.03	36.97	0	0	46	Career Technical	1	0	14	91	33	18	1	77	20	22	22	W H MAXWELL CAREER AND TECH HS	8E+11	40.673766	-73.895976	11207	East New York
73K660	W. H. Maxwell Career and Technical Education High School	Common Core Algebra	Algebra_I	2023	59.6	144	61.81	38.19	0	0	46	Career Technical	1	0	14	91	33	18	1	77	20	22	20	W H MAXWELL CAREER AND TECH HS	8E+11	40.673766	-73.895976	11207	East New York
73K660	W. H. Maxwell Career and Technical Education High School	Common Core English	ELA	2023	60.75	150	53.33	46.67	0	0	46	Career Technical	1	0	14	91	33	18	1	77	20	22	21	W H MAXWELL CAREER AND TECH HS	8E+11	40.673766	-73.895976	11207	East New York
73K667	Sunset Park High School	Living Environment	Living_Env	2023	56.45	274	4.74	78.47	11.31	5.47	112	General Academic	0	0	24	87	21	9	1	82	20	20	20	SUNSET PARK HIGH SCHOOL	8E+11	40.655583	-74.004342	11232	Sunset Park
73K667	Sunset Park High School	Common Core English	ELA	2023	68.53	310	8.39	74.84	16.77	0	112	General Academic	0	0	24	87	21	9	1	82	20	20	20	SUNSET PARK HIGH SCHOOL	8E+11	40.655583	-74.004342	11232	Sunset Park
73K667	Sunset Park High School	Common Core Algebra	Algebra_I	2023	59.11	529	5.29	79.02	10.21	5.48	112	General Academic	0	0	24	87	21	9	1	82	20	20	20	SUNSET PARK HIGH SCHOOL	8E+11	40.655583	-74.004342	11232	Sunset Park
73K670	Benjamin Banneker Academy	Living Environment	Living_Env	2023	69.02	117	79.49	20.51	0	0	48	General Academic	0	0	1	76	18	8	1	84	24	21	21	BENJAMIN BANNEKER ACADEMY	8E+11	40.695389	-73.968759	11205	Downtown - Heights - Park Slope
73K670	Benjamin Banneker Academy	Common Core Algebra	Algebra_I	2023	73.56	249	73.9	20.08	3.61	2.41	48	General Academic	0	0	1	76	18	8	1	84	24	21	24	BENJAMIN BANNEKER ACADEMY	8E+11	40.695389	-73.968759	11205	Downtown - Heights - Park Slope
73K670	Benjamin Banneker Academy	Common Core English	ELA	2023	79.66	279	79.93	20.07	0	0	48	General Academic	0	0	1	76	18	8	1	84	24	21	22.5	BENJAMIN BANNEKER ACADEMY	8E+11	40.695389	-73.968759	11205	Downtown - Heights - Park Slope
73K683	School for Classics High School	Living Environment	Living_Env	2023	49.04	57	52.63	47.37	0	0	22	General Academic	0	0	36	92	26	13	1	84	14	25	25	SCHOOL FOR CLASSICS HIGH SCHOOL	8E+11	40.67002	-73.874537	11208	East New York
73K683	School for Classics High School	Common Core English	ELA	2023	50.55	114	39.47	40.35	20.18	0	22	General Academic	0	0	36	92	26	13	1	84	14	25	19.5	SCHOOL FOR CLASSICS HIGH SCHOOL	8E+11	40.67002	-73.874537	11208	East New York
73K683	School for Classics High School	Common Core Algebra	Algebra_I	2023	48.88	136	36.76	40.44	16.18	6.62	22	General Academic	0	0	36	92	26	13	1	84	14	25	14	SCHOOL FOR CLASSICS HIGH SCHOOL	8E+11	40.67002	-73.874537	11208	East New York
73K697	Teachers Preparatory High School	Living Environment	Living_Env	2023	57.32	43	60.47	39.53	0	0	18	General Academic	0	0	16	95	41	30	1	75	20	19	19	TEACHERS PREPARATORY HIGH SCHOOL	8E+11	40.665568	-73.912102	11212	Bedford Stuyvesant - Crown Heights
73K697	Teachers Preparatory High School	Common Core Algebra	Algebra_I	2023	56.19	52	61.54	38.46	0	0	18	General Academic	0	0	16	95	41	30	1	75	20	19	20	TEACHERS PREPARATORY HIGH SCHOOL	8E+11	40.665568	-73.912102	11212	Bedford Stuyvesant - Crown Heights
73K697	Teachers Preparatory High School	Common Core English	ELA	2023	51.5	61	68.85	31.15	0	0	18	General Academic	0	0	16	95	41	30	1	75	20	19	19.5	TEACHERS PREPARATORY HIGH SCHOOL	8E+11	40.665568	-73.912102	11212	Bedford Stuyvesant - Crown Heights
73K745	Brooklyn Institute for Liberal Arts	Common Core Algebra	Algebra_I	2023	63.12	110	84.55	15.45	0	0	37	General Academic	0	0	4	84	25	9	1	88	18	21	18	BROOKLYN INSTITUTE FOR LIBERAL ARTS	8E+11	40.658671	-73.943839	11203	East Flatbush - Flatbush
73K745	Brooklyn Institute for Liberal Arts	Common Core English	ELA	2023	74.9	156	85.9	14.1	0	0	37	General Academic	0	0	4	84	25	9	1	88	18	21	19.5	BROOKLYN INSTITUTE FOR LIBERAL ARTS	8E+11	40.658671	-73.943839	11203	East Flatbush - Flatbush
73K745	Brooklyn Institute for Liberal Arts	Living Environment	Living_Env	2023	60.63	180	86.67	13.33	0	0	37	General Academic	0	0	4	84	25	9	1	88	18	21	21	BROOKLYN INSTITUTE FOR LIBERAL ARTS	8E+11	40.658671	-73.943839	11203	East Flatbush - Flatbush
73K751	Academy for Health Careers	Living Environment	Living_Env	2023	58.3	29	100	0	0	0	18	Career Technical	1	0	6	85	16	14	1	81	21	16	16	ACADEMY FOR HEALTH CAREERS	8E+11	40.675905	-73.939282	11213	Bedford Stuyvesant - Crown Heights
73K751	Academy for Health Careers	Common Core Algebra	Algebra_I	2023	52.95	41	82.93	17.07	0	0	18	Career Technical	1	0	6	85	16	14	1	81	21	16	21	ACADEMY FOR HEALTH CAREERS	8E+11	40.675905	-73.939282	11213	Bedford Stuyvesant - Crown Heights
73K751	Academy for Health Careers	Common Core English	ELA	2023	61.64	59	77.97	22.03	0	0	18	Career Technical	1	0	6	85	16	14	1	81	21	16	18.5	ACADEMY FOR HEALTH CAREERS	8E+11	40.675905	-73.939282	11213	Bedford Stuyvesant - Crown Heights
73K764	The Urban Assembly School for Collaborative Health	Living Environment	Living_Env	2023	61.65	100	29	63	8	0	26	Career Technical	1	0	12	80	14	10	1	86	19	20	20	URBAN ASSEMBLY-COLLABORATIVE HEALTHC	8E+11	40.693002	-73.869305	11208	East New York
73K764	The Urban Assembly School for Collaborative Health	Common Core English	ELA	2023	62.77	115	26.09	63.48	10.43	0	26	Career Technical	1	0	12	80	14	10	1	86	19	20	19.5	URBAN ASSEMBLY-COLLABORATIVE HEALTHC	8E+11	40.693002	-73.869305	11208	East New York
73K764	The Urban Assembly School for Collaborative Health	Common Core Algebra	Algebra_I	2023	62.21	129	24.81	68.99	6.2	0	26	Career Technical	1	0	12	80	14	10	1	86	19	20	19	URBAN ASSEMBLY-COLLABORATIVE HEALTHC	8E+11	40.693002	-73.869305	11208	East New York
73K765	Nelson Mandela High School	Common Core English	ELA	2023	63.7	32	100	0	0	0	17	General Academic	0	0	7	88	34	14	1	74	11	19	15	NELSON MANDELA HIGH SCHOOL	8E+11	40.678478	-73.931604	11213	Bedford Stuyvesant - Crown Heights
73K765	Nelson Mandela High School	Common Core Algebra	Algebra_I	2023	54.7	39	100	0	0	0	17	General Academic	0	0	7	88	34	14	1	74	11	19	11	NELSON MANDELA HIGH SCHOOL	8E+11	40.678478	-73.931604	11213	Bedford Stuyvesant - Crown Heights
73K765	Nelson Mandela High School	Living Environment	Living_Env	2023	51.9	43	100	0	0	0	17	General Academic	0	0	7	88	34	14	1	74	11	19	19	NELSON MANDELA HIGH SCHOOL	8E+11	40.678478	-73.931604	11213	Bedford Stuyvesant - Crown Heights
76K344	Rachel Carson High School for Coastal Studies	Living Environment	Living_Env	2023	65.56	147	0	21.77	14.29	63.95	38	General Academic	0	0	18	73	18	5	1	86	22	27	27	RACHEL CARSON HS FOR COASTAL STUDIES	8E+11	40.582518	-73.972009	11224	Coney Island - Sheepshead Bay 
76K344	Rachel Carson High School for Coastal Studies	Common Core Algebra	Algebra_I	2023	62.83	183	0	20.77	12.57	66.67	38	General Academic	0	0	18	73	18	5	1	86	22	27	22	RACHEL CARSON HS FOR COASTAL STUDIES	8E+11	40.582518	-73.972009	11224	Coney Island - Sheepshead Bay 
76K344	Rachel Carson High School for Coastal Studies	Common Core English	ELA	2023	61.84	198	11.11	18.18	12.12	58.59	38	General Academic	0	0	18	73	18	5	1	86	22	27	24.5	RACHEL CARSON HS FOR COASTAL STUDIES	8E+11	40.582518	-73.972009	11224	Coney Island - Sheepshead Bay 
76K410	Abraham Lincoln High School	Common Core English	ELA	2023	72.51	417	41.49	27.34	12.95	18.23	121	General Academic	0	0	14	82	17	9	1	80	23	11	17	ABRAHAM LINCOLN HIGH SCHOOL	8E+11	40.582627	-73.968733	11235	Coney Island - Sheepshead Bay 
76K410	Abraham Lincoln High School	Living Environment	Living_Env	2023	61.48	497	44.47	26.76	13.68	15.09	121	General Academic	0	0	14	82	17	9	1	80	23	11	11	ABRAHAM LINCOLN HIGH SCHOOL	8E+11	40.582627	-73.968733	11235	Coney Island - Sheepshead Bay 
76K410	Abraham Lincoln High School	Common Core Algebra	Algebra_I	2023	62.81	661	41.3	29.95	13.46	15.28	121	General Academic	0	0	14	82	17	9	1	80	23	11	23	ABRAHAM LINCOLN HIGH SCHOOL	8E+11	40.582627	-73.968733	11235	Coney Island - Sheepshead Bay 
76K423	Brooklyn Frontiers High School	Common Core Algebra	Algebra_I	2023	62.2	12	100	0	0	0	18	Transfer School	0	1	6	88	49	9	1	65	19	11	19	BROOKLYN FRONTIERS HS	8E+11	40.690007	-73.989369	11201	Downtown - Heights - Park Slope
76K423	Brooklyn Frontiers High School	Living Environment	Living_Env	2023	62.36	25	64	36	0	0	18	Transfer School	0	1	6	88	49	9	1	65	19	11	11	BROOKLYN FRONTIERS HS	8E+11	40.690007	-73.989369	11201	Downtown - Heights - Park Slope
76K423	Brooklyn Frontiers High School	Common Core English	ELA	2023	70.99	31	70.97	29.03	0	0	18	Transfer School	0	1	6	88	49	9	1	65	19	11	15	BROOKLYN FRONTIERS HS	8E+11	40.690007	-73.989369	11201	Downtown - Heights - Park Slope
76K429	Digital Arts and Cinema Technology High School	Living Environment	Living_Env	2023	70.75	42	54.76	45.24	0	0	27	General Academic	0	0	2	77	25	5	1	88	18	25	25	DIGITAL ARTS AND CINEMA TECH HS	8E+11	40.685006	-73.993293	11201	Downtown - Heights - Park Slope
76K429	Digital Arts and Cinema Technology High School	Common Core Algebra	Algebra_I	2023	73.4	50	54	46	0	0	27	General Academic	0	0	2	77	25	5	1	88	18	25	18	DIGITAL ARTS AND CINEMA TECH HS	8E+11	40.685006	-73.993293	11201	Downtown - Heights - Park Slope
76K429	Digital Arts and Cinema Technology High School	Common Core English	ELA	2023	79.62	75	48	52	0	0	27	General Academic	0	0	2	77	25	5	1	88	18	25	21.5	DIGITAL ARTS AND CINEMA TECH HS	8E+11	40.685006	-73.993293	11201	Downtown - Heights - Park Slope
76K430	Brooklyn Technical High School	Common Core Algebra	Algebra_I	2023	86.49	254	9.45	0	62.6	27.95	288	General Academic	0	0	0	59	2	2	1	90	24	31	24	BROOKLYN TECHNICAL HS	8E+11	40.688896	-73.976435	11217	Downtown - Heights - Park Slope
76K430	Brooklyn Technical High School	Living Environment	Living_Env	2023	89.61	532	4.89	6.58	66.17	22.37	288	General Academic	0	0	0	59	2	2	1	90	24	31	31	BROOKLYN TECHNICAL HS	8E+11	40.688896	-73.976435	11217	Downtown - Heights - Park Slope
76K430	Brooklyn Technical High School	Common Core English	ELA	2023	91.76	1275	6.59	7.45	62.98	22.98	288	General Academic	0	0	0	59	2	2	1	90	24	31	27.5	BROOKLYN TECHNICAL HS	8E+11	40.688896	-73.976435	11217	Downtown - Heights - Park Slope
76K449	The Brooklyn Latin School	Common Core Algebra	Algebra_I	2023	85.2	22	0	27.27	72.73	0	46	General Academic	0	0	0	59	4	0	1	90				BROOKLYN LATIN SCHOOL 	8E+11	40.709765	-73.944463	11206	Williamsburg - Bushwick
76K449	The Brooklyn Latin School	Living Environment	Living_Env	2023	85.24	71	11.27	19.72	53.52	15.49	46	General Academic	0	0	0	59	4	0	1	90				BROOKLYN LATIN SCHOOL 	8E+11	40.709765	-73.944463	11206	Williamsburg - Bushwick
76K449	The Brooklyn Latin School	Common Core English	ELA	2023	89.59	178	10.67	11.24	57.87	20.22	46	General Academic	0	0	0	59	4	0	1	90				BROOKLYN LATIN SCHOOL 	8E+11	40.709765	-73.944463	11206	Williamsburg - Bushwick
76K454	The Williamsburg High School of Art and Technology	Living Environment	Living_Env	2023	64.28	94	24.47	75.53	0	0	30	General Academic	0	0	11	80	23	9	1	83	33	39	39	WILLIAMSBURG HS-ART-TECH	8E+11	40.709765	-73.944463	11206	Williamsburg - Bushwick
76K454	The Williamsburg High School of Art and Technology	Common Core Algebra	Algebra_I	2023	64.91	163	23.31	76.69	0	0	30	General Academic	0	0	11	80	23	9	1	83	33	39	33	WILLIAMSBURG HS-ART-TECH	8E+11	40.709765	-73.944463	11206	Williamsburg - Bushwick
76K454	The Williamsburg High School of Art and Technology	Common Core English	ELA	2023	60.9	210	28.57	64.76	3.33	3.33	30	General Academic	0	0	11	80	23	9	1	83	33	39	36	WILLIAMSBURG HS-ART-TECH	8E+11	40.709765	-73.944463	11206	Williamsburg - Bushwick
76K455	Boys and Girls High School	Living Environment	Living_Env	2023	54.6	66	100	0	0	0	42	General Academic	0	0	4	89	33	17	1	81	14	10	10	BOYS AND GIRLS HIGH SCHOOL	8E+11	40.678478	-73.931604	11213	Bedford Stuyvesant - Crown Heights
76K455	Boys and Girls High School	Common Core English	ELA	2023	67.24	149	82.55	17.45	0	0	42	General Academic	0	0	4	89	33	17	1	81	14	10	12	BOYS AND GIRLS HIGH SCHOOL	8E+11	40.678478	-73.931604	11213	Bedford Stuyvesant - Crown Heights
76K455	Boys and Girls High School	Common Core Algebra	Algebra_I	2023	54.14	197	82.23	17.77	0	0	42	General Academic	0	0	4	89	33	17	1	81	14	10	14	BOYS AND GIRLS HIGH SCHOOL	8E+11	40.678478	-73.931604	11213	Bedford Stuyvesant - Crown Heights
76K462	John Jay School for Law	Living Environment	Living_Env	2023	65.85	98	52.04	38.78	9.18	0	37	General Academic	0	0	6	83	23	12	1	78	25	27	27	JOHN JAY SCHOOL FOR LAW 	8E+11	40.669255	-73.97858	11215	Downtown - Heights - Park Slope
76K462	John Jay School for Law	Common Core Algebra	Algebra_I	2023	59.18	112	54.46	39.29	6.25	0	37	General Academic	0	0	6	83	23	12	1	78	25	27	25	JOHN JAY SCHOOL FOR LAW 	8E+11	40.669255	-73.97858	11215	Downtown - Heights - Park Slope
76K462	John Jay School for Law	Common Core English	ELA	2023	73.24	134	61.94	38.06	0	0	37	General Academic	0	0	6	83	23	12	1	78	25	27	26	JOHN JAY SCHOOL FOR LAW 	8E+11	40.669255	-73.97858	11215	Downtown - Heights - Park Slope
76K463	Cyberarts Studio Academy	Common Core English	ELA	2023	53.53	22	36.36	63.64	0	0	24	General Academic	0	0	31	78	22	12	1	79	20	23	21.5	CYBERARTS STUDIO ACADEMY	8E+11	40.669255	-73.97858	11215	Downtown - Heights - Park Slope
76K463	Cyberarts Studio Academy	Living Environment	Living_Env	2023	54.93	61	14.75	63.93	11.48	9.84	24	General Academic	0	0	31	78	22	12	1	79	20	23	23	CYBERARTS STUDIO ACADEMY	8E+11	40.669255	-73.97858	11215	Downtown - Heights - Park Slope
76K463	Cyberarts Studio Academy	Common Core Algebra	Algebra_I	2023	58.65	100	15	69	9	7	24	General Academic	0	0	31	78	22	12	1	79	20	23	20	CYBERARTS STUDIO ACADEMY	8E+11	40.669255	-73.97858	11215	Downtown - Heights - Park Slope
76K474	PROGRESS High School for Professional Careers	Living Environment	Living_Env	2023	48.77	129	20.93	79.07	0	0	31	General Academic	0	0	19	89	28	14	1	84	12	14	14	PROGRESS HS-PROFESSIONAL CAREERS	8E+11	40.711134	-73.938921	11211	Greenpoint
76K474	PROGRESS High School for Professional Careers	Common Core Algebra	Algebra_I	2023	54.5	141	19.86	80.14	0	0	31	General Academic	0	0	19	89	28	14	1	84	12	14	12	PROGRESS HS-PROFESSIONAL CAREERS	8E+11	40.711134	-73.938921	11211	Greenpoint
76K474	PROGRESS High School for Professional Careers	Common Core English	ELA	2023	53.16	156	26.28	73.72	0	0	31	General Academic	0	0	19	89	28	14	1	84	12	14	13	PROGRESS HS-PROFESSIONAL CAREERS	8E+11	40.711134	-73.938921	11211	Greenpoint
76K477	East Williamsburg Scholars Academy	Living Environment	Living_Env	2023	53.61	136	14.71	85.29	0	0	37	General Academic	0	0	42	87	20	15	1	85	13	15	15	EAST WILLIAMSBURG SCHOLARS	8E+11	40.711134	-73.938921	11211	Greenpoint
76K477	East Williamsburg Scholars Academy	Common Core English	ELA	2023	58.47	155	13.55	80.65	0	5.81	37	General Academic	0	0	42	87	20	15	1	85	13	15	14	EAST WILLIAMSBURG SCHOLARS	8E+11	40.711134	-73.938921	11211	Greenpoint
76K477	East Williamsburg Scholars Academy	Common Core Algebra	Algebra_I	2023	57.02	156	15.38	84.62	0	0	37	General Academic	0	0	42	87	20	15	1	85	13	15	13	EAST WILLIAMSBURG SCHOLARS	8E+11	40.711134	-73.938921	11211	Greenpoint
76K483	The Urban Assembly School for Law and Justice	Common Core Algebra	Algebra_I	2023	62.7	70	57.14	42.86	0	0	29	General Academic	0	0	3	79	19	5	1	83	14	28	14	URBAN ASSMBLY SCH-LAW & JSTCE	8E+11	40.694629	-73.988323	11201	Downtown - Heights - Park Slope
76K483	The Urban Assembly School for Law and Justice	Living Environment	Living_Env	2023	64.05	83	63.86	36.14	0	0	29	General Academic	0	0	3	79	19	5	1	83	14	28	28	URBAN ASSMBLY SCH-LAW & JSTCE	8E+11	40.694629	-73.988323	11201	Downtown - Heights - Park Slope
76K483	The Urban Assembly School for Law and Justice	Common Core English	ELA	2023	74.98	106	62.26	37.74	0	0	29	General Academic	0	0	3	79	19	5	1	83	14	28	21	URBAN ASSMBLY SCH-LAW & JSTCE	8E+11	40.694629	-73.988323	11201	Downtown - Heights - Park Slope
76K485	High School of Telecommunication Arts and Technology	Living Environment	Living_Env	2023	62.37	234	5.13	51.28	20.94	22.65	97	General Academic	0	0	10	79	22	4	1	94	27	25	25	HIGH SCHOOL OF TELECOMMUNICATION	8E+11	40.636721	-74.023419	11220	Sunset Park
76K485	High School of Telecommunication Arts and Technology	Common Core Algebra	Algebra_I	2023	59.15	298	3.69	55.37	17.79	23.15	97	General Academic	0	0	10	79	22	4	1	94	27	25	27	HIGH SCHOOL OF TELECOMMUNICATION	8E+11	40.636721	-74.023419	11220	Sunset Park
76K485	High School of Telecommunication Arts and Technology	Common Core English	ELA	2023	77.38	320	0	45	41.25	13.75	97	General Academic	0	0	10	79	22	4	1	94	27	25	26	HIGH SCHOOL OF TELECOMMUNICATION	8E+11	40.636721	-74.023419	11220	Sunset Park
76K490	Fort Hamilton High School	Living Environment	Living_Env	2023	72.12	668	0	31.14	39.07	29.79	224	General Academic	0	0	12	74	16	4	1	88	18	19	19	FORT HAMILTON HIGH SCHOOL	8E+11	40.626827	-74.038103	11209	Bensonhurst - Bay Ridge
76K490	Fort Hamilton High School	Common Core Algebra	Algebra_I	2023	67.85	949	3.27	34.35	30.56	31.82	224	General Academic	0	0	12	74	16	4	1	88	18	19	18	FORT HAMILTON HIGH SCHOOL	8E+11	40.626827	-74.038103	11209	Bensonhurst - Bay Ridge
76K490	Fort Hamilton High School	Common Core English	ELA	2023	78.7	1026	3.31	31.97	28.17	36.55	224	General Academic	0	0	12	74	16	4	1	88	18	19	18.5	FORT HAMILTON HIGH SCHOOL	8E+11	40.626827	-74.038103	11209	Bensonhurst - Bay Ridge
76K498	Brooklyn High School for Law and Technology	Living Environment	Living_Env	2023	53.49	93	61.29	38.71	0	0	40	General Academic	0	0	7	84	22	9	1	81	17	21	21	BROOKLYN HIGH SCHOOL-LAW AND TECH	8E+11	40.688399	-73.920603	11221	Williamsburg - Bushwick
76K498	Brooklyn High School for Law and Technology	Common Core Algebra	Algebra_I	2023	50.77	102	66.67	33.33	0	0	40	General Academic	0	0	7	84	22	9	1	81	17	21	17	BROOKLYN HIGH SCHOOL-LAW AND TECH	8E+11	40.688399	-73.920603	11221	Williamsburg - Bushwick
76K498	Brooklyn High School for Law and Technology	Common Core English	ELA	2023	66.46	152	61.18	32.89	5.92	0	40	General Academic	0	0	7	84	22	9	1	81	17	21	19	BROOKLYN HIGH SCHOOL-LAW AND TECH	8E+11	40.688399	-73.920603	11221	Williamsburg - Bushwick
76K519	Cobble Hill School of American Studies	Living Environment	Living_Env	2023	47.78	80	42.5	57.5	0	0	26	General Academic	0	0	18	80	19	15	1	82	23	22	22	COBBLE HILL SCHOOL-AMERICAN STUDIES	8E+11	40.684869	-73.990884	11201	Downtown - Heights - Park Slope
76K519	Cobble Hill School of American Studies	Common Core English	ELA	2023	60.92	103	64.08	35.92	0	0	26	General Academic	0	0	18	80	19	15	1	82	23	22	22.5	COBBLE HILL SCHOOL-AMERICAN STUDIES	8E+11	40.684869	-73.990884	11201	Downtown - Heights - Park Slope
76K519	Cobble Hill School of American Studies	Common Core Algebra	Algebra_I	2023	54.29	105	47.62	52.38	0	0	26	General Academic	0	0	18	80	19	15	1	82	23	22	23	COBBLE HILL SCHOOL-AMERICAN STUDIES	8E+11	40.684869	-73.990884	11201	Downtown - Heights - Park Slope
76K558	Williamsburg High School for Architecture and Design	Living Environment	Living_Env	2023	62.54	103	35.92	64.08	0	0	34	Career Technical	1	0	7	84	24	9	1	90	19	19	19	WILLAMSBURG HS-ARCH & DESIGN	8E+11	40.715561	-73.954815	11211	Greenpoint
76K558	Williamsburg High School for Architecture and Design	Common Core Algebra	Algebra_I	2023	66.43	107	34.58	57.01	0	8.41	34	Career Technical	1	0	7	84	24	9	1	90	19	19	19	WILLAMSBURG HS-ARCH & DESIGN	8E+11	40.715561	-73.954815	11211	Greenpoint
76K558	Williamsburg High School for Architecture and Design	Common Core English	ELA	2023	77.62	144	23.61	68.06	0	8.33	34	Career Technical	1	0	7	84	24	9	1	90	19	19	19	WILLAMSBURG HS-ARCH & DESIGN	8E+11	40.715561	-73.954815	11211	Greenpoint
76K559	Life Academy High School for Film and Music	Common Core English	ELA	2023	57.76	75	16	61.33	0	22.67	17	General Academic	0	0	25	85	22	12	1	83	18	24	21	LIFE ACAD HS FOR FILM AND MUSIC	8E+11	40.593028	-73.986313	11214	Bensonhurst - Bay Ridge
76K559	Life Academy High School for Film and Music	Living Environment	Living_Env	2023	54.57	88	11.36	56.82	6.82	25	17	General Academic	0	0	25	85	22	12	1	83	18	24	24	LIFE ACAD HS FOR FILM AND MUSIC	8E+11	40.593028	-73.986313	11214	Bensonhurst - Bay Ridge
76K559	Life Academy High School for Film and Music	Common Core Algebra	Algebra_I	2023	57.84	102	15.69	49.02	7.84	27.45	17	General Academic	0	0	25	85	22	12	1	83	18	24	18	LIFE ACAD HS FOR FILM AND MUSIC	8E+11	40.593028	-73.986313	11214	Bensonhurst - Bay Ridge
76K561	Williamsburg Preparatory School	Common Core English	ELA	2023	76.93	109	20.18	73.39	6.42	0	53	General Academic	0	0	5	80	22	7	1	86	23	24	23.5	WILLIAMSBURG PREPARATORY SCHOOL	8E+11	40.715561	-73.954815	11211	Greenpoint
76K561	Williamsburg Preparatory School	Living Environment	Living_Env	2023	63.16	126	20.63	73.81	0	5.56	53	General Academic	0	0	5	80	22	7	1	86	23	24	24	WILLIAMSBURG PREPARATORY SCHOOL	8E+11	40.715561	-73.954815	11211	Greenpoint
76K561	Williamsburg Preparatory School	Common Core Algebra	Algebra_I	2023	61.95	139	26.62	73.38	0	0	53	General Academic	0	0	5	80	22	7	1	86	23	24	23	WILLIAMSBURG PREPARATORY SCHOOL	8E+11	40.715561	-73.954815	11211	Greenpoint
76K605	George Westinghouse Career and Technical Education	Living Environment	Living_Env	2023	58.25	133	75.94	24.06	0	0	53	Career Technical	1	0	3	85	29	10	1	86	23	31	31	GEORGE WESTINGHOUSE CAREER/TECH HS	8E+11	40.695444	-73.986105	11201	Downtown - Heights - Park Slope
76K605	George Westinghouse Career and Technical Education	Common Core English	ELA	2023	65.62	212	63.68	28.3	4.72	3.3	53	Career Technical	1	0	3	85	29	10	1	86	23	31	27	GEORGE WESTINGHOUSE CAREER/TECH HS	8E+11	40.695444	-73.986105	11201	Downtown - Heights - Park Slope
76K605	George Westinghouse Career and Technical Education	Common Core Algebra	Algebra_I	2023	58.3	241	67.22	28.22	4.56	0	53	Career Technical	1	0	3	85	29	10	1	86	23	31	23	GEORGE WESTINGHOUSE CAREER/TECH HS	8E+11	40.695444	-73.986105	11201	Downtown - Heights - Park Slope
76K620	William E. Grady Career and Technical Education High School	Common Core English	ELA	2023	70.58	122	41.8	36.89	21.31	0	51	Career Technical	1	0	15	83	33	8	1	82	12	12	12	WILLIAM E GRADY CAREER AND TECH	8E+11	40.583263	-73.963764	11235	Coney Island - Sheepshead Bay 
76K620	William E. Grady Career and Technical Education High School	Living Environment	Living_Env	2023	60.14	134	30.6	33.58	0	35.82	51	Career Technical	1	0	15	83	33	8	1	82	12	12	12	WILLIAM E GRADY CAREER AND TECH	8E+11	40.583263	-73.963764	11235	Coney Island - Sheepshead Bay 
76K620	William E. Grady Career and Technical Education High School	Common Core Algebra	Algebra_I	2023	56.47	259	38.22	31.66	0	30.12	51	Career Technical	1	0	15	83	33	8	1	82	12	12	12	WILLIAM E GRADY CAREER AND TECH	8E+11	40.583263	-73.963764	11235	Coney Island - Sheepshead Bay 
76K656	Brooklyn High School of the Arts	Living Environment	Living_Env	2023	67.55	140	52.86	29.29	5.71	12.14	67	General Academic	0	0	1	67	16	4	1	86	19	23	23	BROOKLYN HIGH SCHOOL OF THE ARTS	8E+11	40.683951	-73.980266	11217	Downtown - Heights - Park Slope
76K656	Brooklyn High School of the Arts	Common Core Algebra	Algebra_I	2023	65.17	153	54.25	27.45	5.88	12.42	67	General Academic	0	0	1	67	16	4	1	86	19	23	19	BROOKLYN HIGH SCHOOL OF THE ARTS	8E+11	40.683951	-73.980266	11217	Downtown - Heights - Park Slope
76K656	Brooklyn High School of the Arts	Common Core English	ELA	2023	74.91	222	48.2	30.63	5.86	15.32	67	General Academic	0	0	1	67	16	4	1	86	19	23	21	BROOKLYN HIGH SCHOOL OF THE ARTS	8E+11	40.683951	-73.980266	11217	Downtown - Heights - Park Slope
76K669	Research and Service High School	Common Core Algebra	Algebra_I	2023	55.1	33	100	0	0	0	16	Transfer School	0	1	3	87	28	9	1	54	18	17	18	RESEARCH AND SERVICE HIGH SCHOOL	8E+11	40.678478	-73.931604	11213	Bedford Stuyvesant - Crown Heights
76K669	Research and Service High School	Living Environment	Living_Env	2023	55.7	34	100	0	0	0	16	Transfer School	0	1	3	87	28	9	1	54	18	17	17	RESEARCH AND SERVICE HIGH SCHOOL	8E+11	40.678478	-73.931604	11213	Bedford Stuyvesant - Crown Heights
76K669	Research and Service High School	Common Core English	ELA	2023	59.89	95	72.63	27.37	0	0	16	Transfer School	0	1	3	87	28	9	1	54	18	17	17.5	RESEARCH AND SERVICE HIGH SCHOOL	8E+11	40.678478	-73.931604	11213	Bedford Stuyvesant - Crown Heights
76K688	The Brooklyn Academy of Global Finance	Living Environment	Living_Env	2023	55.32	53	56.6	43.4	0	0	17	General Academic	0	0	15	95	28	15	1	84	11	28	28	BROOKYLN ACADEMY OF GLOBAL FINANCE	8E+11	40.691467	-73.932254	11221	Williamsburg - Bushwick
76K688	The Brooklyn Academy of Global Finance	Common Core English	ELA	2023	57.67	59	54.24	45.76	0	0	17	General Academic	0	0	15	95	28	15	1	84	11	28	19.5	BROOKYLN ACADEMY OF GLOBAL FINANCE	8E+11	40.691467	-73.932254	11221	Williamsburg - Bushwick
76K688	The Brooklyn Academy of Global Finance	Common Core Algebra	Algebra_I	2023	50.32	60	51.67	48.33	0	0	17	General Academic	0	0	15	95	28	15	1	84	11	28	11	BROOKYLN ACADEMY OF GLOBAL FINANCE	8E+11	40.691467	-73.932254	11221	Williamsburg - Bushwick
76K728	Liberation Diploma Plus	Living Environment	Living_Env	2023	51.92	37	54.05	45.95	0	0	14	Transfer School	0	1	7	96	36	8	1	49	9	12	12	LIBERATION DIPLOMA PLUS	8E+11	40.576976	-73.985413	11224	Coney Island - Sheepshead Bay 
76K728	Liberation Diploma Plus	Common Core Algebra	Algebra_I	2023	53.63	38	36.84	47.37	0	15.79	14	Transfer School	0	1	7	96	36	8	1	49	9	12	9	LIBERATION DIPLOMA PLUS	8E+11	40.576976	-73.985413	11224	Coney Island - Sheepshead Bay 
76K728	Liberation Diploma Plus	Common Core English	ELA	2023	67.58	69	34.78	53.62	0	11.59	14	Transfer School	0	1	7	96	36	8	1	49	9	12	10.5	LIBERATION DIPLOMA PLUS	8E+11	40.576976	-73.985413	11224	Coney Island - Sheepshead Bay 
76R047	CSI High School for International Studies	Common Core Algebra	Algebra_I	2023	74.78	62	0	51.61	48.39	0	26	General Academic	0	0	2	59	21	0	1	93	30	26	30	CSI HS-INTERNATIONAL STUDIES	8E+11	40.581958	-74.159343	10314	Willowbrook
76R047	CSI High School for International Studies	Living Environment	Living_Env	2023	79.86	69	0	30.43	20.29	49.28	26	General Academic	0	0	2	59	21	0	1	93	30	26	26	CSI HS-INTERNATIONAL STUDIES	8E+11	40.581958	-74.159343	10314	Willowbrook
76R047	CSI High School for International Studies	Common Core English	ELA	2023	84.39	123	0	22.76	33.33	43.9	26	General Academic	0	0	2	59	21	0	1	93	30	26	28	CSI HS-INTERNATIONAL STUDIES	8E+11	40.581958	-74.159343	10314	Willowbrook
76R064	Gaynor McCown Expeditionary Learning School	Common Core English	ELA	2023	86.57	101	0	24.75	13.86	61.39	32	General Academic	0	0	1	57	28	2	1	88	25	29	27	GAYNOR MCCOWN EXPEDITIONARY LEARNING	8E+11	40.581958	-74.159343	10314	Willowbrook
76R064	Gaynor McCown Expeditionary Learning School	Living Environment	Living_Env	2023	74.17	112	6.25	32.14	16.07	45.54	32	General Academic	0	0	1	57	28	2	1	88	25	29	29	GAYNOR MCCOWN EXPEDITIONARY LEARNING	8E+11	40.581958	-74.159343	10314	Willowbrook
76R064	Gaynor McCown Expeditionary Learning School	Common Core Algebra	Algebra_I	2023	65.21	119	9.24	31.93	13.45	45.38	32	General Academic	0	0	1	57	28	2	1	88	25	29	25	GAYNOR MCCOWN EXPEDITIONARY LEARNING	8E+11	40.581958	-74.159343	10314	Willowbrook
76R440	New Dorp High School	Common Core Algebra	Algebra_I	2023	65.11	671	10.88	34.87	15.05	39.2	209	General Academic	0	0	7	64	24	3	1	89	21	23	21	NEW DORP HIGH SCHOOL	8E+11	40.570909	-74.105878	10306	South Beach - Tottenville 
76R440	New Dorp High School	Living Environment	Living_Env	2023	65.43	685	9.34	33.43	18.69	38.54	209	General Academic	0	0	7	64	24	3	1	89	21	23	23	NEW DORP HIGH SCHOOL	8E+11	40.570909	-74.105878	10306	South Beach - Tottenville 
76R440	New Dorp High School	Common Core English	ELA	2023	73.39	862	10.09	28.19	17.29	44.43	209	General Academic	0	0	7	64	24	3	1	89	21	23	22	NEW DORP HIGH SCHOOL	8E+11	40.570909	-74.105878	10306	South Beach - Tottenville 
76R445	Port Richmond High School	Living Environment	Living_Env	2023	57.83	357	22.97	56.58	7.56	12.89	128	General Academic	0	0	13	78	33	7	1	85	14	15	15	PORT RICHMOND HIGH SCHOOL	8E+11	40.635562	-74.141924	10302	Port Richmond
76R445	Port Richmond High School	Common Core English	ELA	2023	63.06	548	21.53	59.31	6.57	12.59	128	General Academic	0	0	13	78	33	7	1	85	14	15	14.5	PORT RICHMOND HIGH SCHOOL	8E+11	40.635562	-74.141924	10302	Port Richmond
76R445	Port Richmond High School	Common Core Algebra	Algebra_I	2023	57.99	620	24.52	58.55	5.48	11.45	128	General Academic	0	0	13	78	33	7	1	85	14	15	14	PORT RICHMOND HIGH SCHOOL	8E+11	40.635562	-74.141924	10302	Port Richmond
76R450	Curtis High School	Common Core English	ELA	2023	75.64	515	27.77	52.23	6.02	13.98	141	General Academic	0	0	8	79	20	5	1	86	17	18	17.5	CURTIS HIGH SCHOOL	8E+11	40.645436	-74.082149	10301	Stapleton - St. George
76R450	Curtis High School	Living Environment	Living_Env	2023	61.24	545	31.56	53.94	6.97	7.52	141	General Academic	0	0	8	79	20	5	1	86	17	18	18	CURTIS HIGH SCHOOL	8E+11	40.645436	-74.082149	10301	Stapleton - St. George
76R450	Curtis High School	Common Core Algebra	Algebra_I	2023	57.09	623	30.82	55.38	5.62	8.19	141	General Academic	0	0	8	79	20	5	1	86	17	18	17	CURTIS HIGH SCHOOL	8E+11	40.645436	-74.082149	10301	Stapleton - St. George
76R455	Tottenville High School	Common Core Algebra	Algebra_I	2023	66.45	760	3.68	25.26	13.55	57.5	230	General Academic	0	0	2	51	23	2	1	91	24	26	24	TOTTENVILLE HIGH SCHOOL	8E+11	40.528152	-74.193431	10312	South Beach - Tottenville 
76R455	Tottenville High School	Living Environment	Living_Env	2023	65.81	767	3	23.34	13.56	60.1	230	General Academic	0	0	2	51	23	2	1	91	24	26	26	TOTTENVILLE HIGH SCHOOL	8E+11	40.528152	-74.193431	10312	South Beach - Tottenville 
76R455	Tottenville High School	Common Core English	ELA	2023	81.74	963	2.08	18.17	11.21	68.54	230	General Academic	0	0	2	51	23	2	1	91	24	26	25	TOTTENVILLE HIGH SCHOOL	8E+11	40.528152	-74.193431	10312	South Beach - Tottenville 
76R460	Susan E. Wagner High School	Living Environment	Living_Env	2023	68.61	548	9.49	40.15	22.45	27.92	184	General Academic	0	0	5	62	22	3	1	92	23	27	27	SUSAN E WAGNER HIGH SCHOOL	8E+11	40.588985	-74.130819	10314	Willowbrook
76R460	Susan E. Wagner High School	Common Core Algebra	Algebra_I	2023	59.87	581	11.19	45.44	17.56	25.82	184	General Academic	0	0	5	62	22	3	1	92	23	27	23	SUSAN E WAGNER HIGH SCHOOL	8E+11	40.588985	-74.130819	10314	Willowbrook
76R460	Susan E. Wagner High School	Common Core English	ELA	2023	82.34	767	7.82	32.86	20.47	38.85	184	General Academic	0	0	5	62	22	3	1	92	23	27	25	SUSAN E WAGNER HIGH SCHOOL	8E+11	40.588985	-74.130819	10314	Willowbrook
76R470	Concord High School	Living Environment	Living_Env	2023	58.3	15	0	100	0	0	17	Transfer School	0	1	4	92	40	9	1	60	4	10	10	CONCORD HIGH SCHOOL	8E+11	40.61062	-74.087072	10304	Stapleton - St. George
76R470	Concord High School	Common Core Algebra	Algebra_I	2023	54.24	33	18.18	81.82	0	0	17	Transfer School	0	1	4	92	40	9	1	60	4	10	4	CONCORD HIGH SCHOOL	8E+11	40.61062	-74.087072	10304	Stapleton - St. George
76R470	Concord High School	Common Core English	ELA	2023	71	59	45.76	44.07	0	10.17	17	Transfer School	0	1	4	92	40	9	1	60	4	10	7	CONCORD HIGH SCHOOL	8E+11	40.61062	-74.087072	10304	Stapleton - St. George
76R600	Ralph R. McKee Career and Technical Education High School	Common Core English	ELA	2023	76.91	161	27.33	55.28	0	17.39	69	Career Technical	1	0	9	79	39	4	1	83	12	14	13	RALPH R MCKEE CAREER-TECH 	8E+11	40.64282	-74.079263	10301	Stapleton - St. George
76R600	Ralph R. McKee Career and Technical Education High School	Living Environment	Living_Env	2023	63.04	169	27.22	58.58	0	14.2	69	Career Technical	1	0	9	79	39	4	1	83	12	14	14	RALPH R MCKEE CAREER-TECH 	8E+11	40.64282	-74.079263	10301	Stapleton - St. George
76R600	Ralph R. McKee Career and Technical Education High School	Common Core Algebra	Algebra_I	2023	62.01	183	26.23	60.66	0	13.11	69	Career Technical	1	0	9	79	39	4	1	83	12	14	12	RALPH R MCKEE CAREER-TECH 	8E+11	40.64282	-74.079263	10301	Stapleton - St. George
76R605	Staten Island Technical High School	Common Core Algebra	Algebra_I	2023	88.42	43	0	0	79.07	20.93	64	General Academic	0	0	0	49	1	1	1	97	21	34	21	STATEN ISLAND TECHNICAL HS	8E+11	40.568299	-74.117086	10306	South Beach - Tottenville 
76R605	Staten Island Technical High School	Living Environment	Living_Env	2023	89.01	119	0	0	88.24	11.76	64	General Academic	0	0	0	49	1	1	1	97	21	34	34	STATEN ISLAND TECHNICAL HS	8E+11	40.568299	-74.117086	10306	South Beach - Tottenville 
76R605	Staten Island Technical High School	Common Core English	ELA	2023	92.84	349	0	4.87	72.78	22.35	64	General Academic	0	0	0	49	1	1	1	97	21	34	27.5	STATEN ISLAND TECHNICAL HS	8E+11	40.568299	-74.117086	10306	South Beach - Tottenville 
77Q240	Veritas Academy	Living Environment	Living_Env	2023	68.21	108	0	81.48	18.52	0	45	General Academic	0	0	12	84	20	8	1	86	23	27	27	VERITAS ACADEMY	8E+11	40.764892	-73.826811	11354	Flushing - Clearview
77Q240	Veritas Academy	Common Core Algebra	Algebra_I	2023	63.74	115	0	80	20	0	45	General Academic	0	0	12	84	20	8	1	86	23	27	23	VERITAS ACADEMY	8E+11	40.764892	-73.826811	11354	Flushing - Clearview
77Q240	Veritas Academy	Common Core English	ELA	2023	73.63	146	7.53	66.44	20.55	5.48	45	General Academic	0	0	12	84	20	8	1	86	23	27	25	VERITAS ACADEMY	8E+11	40.764892	-73.826811	11354	Flushing - Clearview
77Q241	Queens High School for Language Studies	Living Environment	Living_Env	2023	74.64	91	0	29.67	70.33	0	28	General Academic	0	0	21	79	7	7	1	91	18	25	25	QUEENS HS FOR LANGUAGE STUDIES	8E+11	40.764892	-73.826811	11354	Flushing - Clearview
77Q241	Queens High School for Language Studies	Common Core Algebra	Algebra_I	2023	72.17	124	0	33.06	66.94	0	28	General Academic	0	0	21	79	7	7	1	91	18	25	18	QUEENS HS FOR LANGUAGE STUDIES	8E+11	40.764892	-73.826811	11354	Flushing - Clearview
77Q241	Queens High School for Language Studies	Common Core English	ELA	2023	66.75	135	0	31.85	68.15	0	28	General Academic	0	0	21	79	7	7	1	91	18	25	21.5	QUEENS HS FOR LANGUAGE STUDIES	8E+11	40.764892	-73.826811	11354	Flushing - Clearview
77Q243	Institute for Health Professions at Cambria Heights	Common Core English	ELA	2023	68.9	130	84.62	15.38	0	0	38	Career Technical	1	0	7	80	12	8	1	85	19	29	24	INSTITUTE FOR HEALTH PROFESSIONS	8E+11	40.698786	-73.74633	11411	Southeast Queens
77Q248	Queens Preparatory Academy	Living Environment	Living_Env	2023	55.6	47	87.23	12.77	0	0	19	General Academic	0	0	14	78	21	14	1	81	14	28	28	QUEENS PREPARATORY ACADEMY	8E+11	40.66903	-73.757744	11413	Southeast Queens
77Q248	Queens Preparatory Academy	Common Core Algebra	Algebra_I	2023	66.32	80	87.5	12.5	0	0	19	General Academic	0	0	14	78	21	14	1	81	14	28	14	QUEENS PREPARATORY ACADEMY	8E+11	40.66903	-73.757744	11413	Southeast Queens
77Q248	Queens Preparatory Academy	Common Core English	ELA	2023	64.45	98	82.65	10.2	7.14	0	19	General Academic	0	0	14	78	21	14	1	81	14	28	21	QUEENS PREPARATORY ACADEMY	8E+11	40.66903	-73.757744	11413	Southeast Queens
77Q258	Energy Tech High School	Living Environment	Living_Env	2023	67.18	113	0	70.8	15.04	14.16	39	Career Technical	1	0	7	82	19	4	1	87	19	25	25	ENERGY TECH HIGH SCHOOL	8E+11	40.756471	-73.932628	11106	Long Island City - Astoria
77Q258	Energy Tech High School	Common Core English	ELA	2023	72.58	153	0	63.4	22.88	13.73	39	Career Technical	1	0	7	82	19	4	1	87	19	25	22	ENERGY TECH HIGH SCHOOL	8E+11	40.756471	-73.932628	11106	Long Island City - Astoria
77Q258	Energy Tech High School	Common Core Algebra	Algebra_I	2023	64.65	231	0	70.56	15.15	14.29	39	Career Technical	1	0	7	82	19	4	1	87	19	25	19	ENERGY TECH HIGH SCHOOL	8E+11	40.756471	-73.932628	11106	Long Island City - Astoria
77Q260	Frederick Douglass Academy VI High School	Common Core English	ELA	2023	59.09	71	47.89	52.11	0	0	25	General Academic	0	0	28	82	31	12	1	82	15	11	13	FREDERICK DOUGLASS ACAD VI HS	8E+11	40.601537	-73.763995	11691	Rockaway
77Q260	Frederick Douglass Academy VI High School	Living Environment	Living_Env	2023	52.28	90	41.11	58.89	0	0	25	General Academic	0	0	28	82	31	12	1	82	15	11	11	FREDERICK DOUGLASS ACAD VI HS	8E+11	40.601537	-73.763995	11691	Rockaway
77Q260	Frederick Douglass Academy VI High School	Common Core Algebra	Algebra_I	2023	59.65	133	48.87	51.13	0	0	25	General Academic	0	0	28	82	31	12	1	82	15	11	15	FREDERICK DOUGLASS ACAD VI HS	8E+11	40.601537	-73.763995	11691	Rockaway
77Q261	Voyages Preperatory South Queens	Living Environment	Living_Env	2023	60.39	31	70.97	29.03	0	0	19	Transfer School	0	1	18	81	20	15	1	48	6	6	6	VOYAGES PREP-SOUTH QUEENS	8E+11	40.673949	-73.782684	11434	Jamaica
77Q261	Voyages Preperatory South Queens	Common Core Algebra	Algebra_I	2023	63.57	43	46.51	53.49	0	0	19	Transfer School	0	1	18	81	20	15	1	48	6	6	6	VOYAGES PREP-SOUTH QUEENS	8E+11	40.673949	-73.782684	11434	Jamaica
77Q261	Voyages Preperatory South Queens	Common Core English	ELA	2023	66.03	74	60.81	27.03	12.16	0	19	Transfer School	0	1	18	81	20	15	1	48	6	6	6	VOYAGES PREP-SOUTH QUEENS	8E+11	40.673949	-73.782684	11434	Jamaica
77Q263	Flushing International High School	Common Core English	ELA	2023	51.7	130	0	70.77	29.23	0	31	General Academic	0	0	93	92	2	30	1	85	1	1	1	FLUSHING INTERNATIONAL HS	8E+11	40.759963	-73.818399	11355	Flushing - Clearview
77Q263	Flushing International High School	Common Core Algebra	Algebra_I	2023	71.71	130	0	53.85	46.15	0	31	General Academic	0	0	93	92	2	30	1	85	1	1	1	FLUSHING INTERNATIONAL HS	8E+11	40.759963	-73.818399	11355	Flushing - Clearview
77Q264	Academy of Finance and Enterprise	Common Core Algebra	Algebra_I	2023	69.98	99	9.09	64.65	15.15	11.11	50	General Academic	0	0	7	81	12	4	1	88	16	22	16	ACADEMY-FINANCE & ENTERPRISE	8E+11	40.744175	-73.937004	11101	Long Island City - Astoria
77Q264	Academy of Finance and Enterprise	Living Environment	Living_Env	2023	69.36	124	8.87	63.71	16.13	11.29	50	General Academic	0	0	7	81	12	4	1	88	16	22	22	ACADEMY-FINANCE & ENTERPRISE	8E+11	40.744175	-73.937004	11101	Long Island City - Astoria
77Q264	Academy of Finance and Enterprise	Common Core English	ELA	2023	78.69	238	4.2	59.66	24.37	11.76	50	General Academic	0	0	7	81	12	4	1	88	16	22	19	ACADEMY-FINANCE & ENTERPRISE	8E+11	40.744175	-73.937004	11101	Long Island City - Astoria
77Q265	Excelsior Preparatory High School	Living Environment	Living_Env	2023	69.89	131	83.97	16.03	0	0	25	General Academic	0	0	9	71	18	10	1	91	27	20	20	EXCELSIOR PREPARATORY HS	8E+11	40.66903	-73.757744	11413	Southeast Queens
77Q265	Excelsior Preparatory High School	Common Core English	ELA	2023	65.86	150	84	16	0	0	25	General Academic	0	0	9	71	18	10	1	91	27	20	23.5	EXCELSIOR PREPARATORY HS	8E+11	40.66903	-73.757744	11413	Southeast Queens
77Q265	Excelsior Preparatory High School	Common Core Algebra	Algebra_I	2023	73.96	169	82.25	14.2	3.55	0	25	General Academic	0	0	9	71	18	10	1	91	27	20	27	EXCELSIOR PREPARATORY HS	8E+11	40.66903	-73.757744	11413	Southeast Queens
77Q267	High School of Applied Communication	Living Environment	Living_Env	2023	59.06	61	0	81.97	18.03	0	28	General Academic	0	0	12	88	22	4	1	84	22	26	26	HS-APPLIED COMMUNICATIONS	8E+11	40.744175	-73.937004	11101	Long Island City - Astoria
77Q267	High School of Applied Communication	Common Core English	ELA	2023	62.92	108	0	74.07	15.74	10.19	28	General Academic	0	0	12	88	22	4	1	84	22	26	24	HS-APPLIED COMMUNICATIONS	8E+11	40.744175	-73.937004	11101	Long Island City - Astoria
77Q267	High School of Applied Communication	Common Core Algebra	Algebra_I	2023	62.12	142	5.63	75.35	11.27	7.75	28	General Academic	0	0	12	88	22	4	1	84	22	26	22	HS-APPLIED COMMUNICATIONS	8E+11	40.744175	-73.937004	11101	Long Island City - Astoria
77Q272	George Washington Carver High School for the Sciences	Common Core English	ELA	2023	64.23	103	62.14	24.27	13.59	0	26	General Academic	0	0	8	73	18	10	1	86	17	17	17	GEORGE WASHINGTON CARVER HS	8E+11	40.66903	-73.757744	11413	Southeast Queens
77Q272	George Washington Carver High School for the Sciences	Living Environment	Living_Env	2023	54.28	142	71.83	18.31	9.86	0	26	General Academic	0	0	8	73	18	10	1	86	17	17	17	GEORGE WASHINGTON CARVER HS	8E+11	40.66903	-73.757744	11413	Southeast Queens
77Q272	George Washington Carver High School for the Sciences	Common Core Algebra	Algebra_I	2023	58.02	147	67.35	21.77	10.88	0	26	General Academic	0	0	8	73	18	10	1	86	17	17	17	GEORGE WASHINGTON CARVER HS	8E+11	40.66903	-73.757744	11413	Southeast Queens
77Q293	Civic Leadership Academy	Living Environment	Living_Env	2023	68.46	108	0	87.04	12.96	0	39	General Academic	0	0	10	82	17	7	1	86	20	23	23	CIVIC LEADERSHIP ACADEMY	8E+11	40.743228	-73.871505	11373	West Queens
77Q293	Civic Leadership Academy	Common Core English	ELA	2023	73.91	141	0	68.79	23.4	7.8	39	General Academic	0	0	10	82	17	7	1	86	20	23	21.5	CIVIC LEADERSHIP ACADEMY	8E+11	40.743228	-73.871505	11373	West Queens
77Q293	Civic Leadership Academy	Common Core Algebra	Algebra_I	2023	68.3	174	0	86.21	13.79	0	39	General Academic	0	0	10	82	17	7	1	86	20	23	20	CIVIC LEADERSHIP ACADEMY	8E+11	40.743228	-73.871505	11373	West Queens
77Q301	Academy for Careers in Television and Film	Living Environment	Living_Env	2023	68.26	113	9.73	74.34	0	15.93	47	Career Technical	1	0	5	70	25	6	1	89	20	19	19	ACAD FOR CAREERS-TELEVISION-FILM	8E+11	40.742964	-73.959183	11101	Long Island City - Astoria
77Q301	Academy for Careers in Television and Film	Common Core Algebra	Algebra_I	2023	65.61	130	21.54	68.46	0	10	47	Career Technical	1	0	5	70	25	6	1	89	20	19	20	ACAD FOR CAREERS-TELEVISION-FILM	8E+11	40.742964	-73.959183	11101	Long Island City - Astoria
77Q301	Academy for Careers in Television and Film	Common Core English	ELA	2023	68.58	172	16.86	68.6	0	14.53	47	Career Technical	1	0	5	70	25	6	1	89	20	19	19.5	ACAD FOR CAREERS-TELEVISION-FILM	8E+11	40.742964	-73.959183	11101	Long Island City - Astoria
77Q302	Queens High School for Information, Research, and Technology	Living Environment	Living_Env	2023	54.66	83	49.4	50.6	0	0	34	General Academic	0	0	13	83	19	7	1	85	11	12	12	QUEENS HS-INFOR, RESEARCH, TECH	8E+11	40.601537	-73.763995	11691	Rockaway
77Q302	Queens High School for Information, Research, and Technology	Common Core Algebra	Algebra_I	2023	61.6	124	42.74	57.26	0	0	34	General Academic	0	0	13	83	19	7	1	85	11	12	11	QUEENS HS-INFOR, RESEARCH, TECH	8E+11	40.601537	-73.763995	11691	Rockaway
77Q302	Queens High School for Information, Research, and Technology	Common Core English	ELA	2023	68.02	139	30.94	63.31	5.76	0	34	General Academic	0	0	13	83	19	7	1	85	11	12	11.5	QUEENS HS-INFOR, RESEARCH, TECH	8E+11	40.601537	-73.763995	11691	Rockaway
77Q308	Robert H. Goddard High School of Communication Arts and Technology	Common Core English	ELA	2023	83.23	131	6.11	48.85	31.3	13.74	40	General Academic	0	0	4	78	18	1	1	90	26	25	25.5	ROBERT H GODDARD HS-COMM/TECH	8E+11	40.670905	-73.845992	11417	Southwest Queens
77Q308	Robert H. Goddard High School of Communication Arts and Technology	Living Environment	Living_Env	2023	68	142	10.56	59.86	19.72	9.86	40	General Academic	0	0	4	78	18	1	1	90	26	25	25	ROBERT H GODDARD HS-COMM/TECH	8E+11	40.670905	-73.845992	11417	Southwest Queens
77Q308	Robert H. Goddard High School of Communication Arts and Technology	Common Core Algebra	Algebra_I	2023	68.11	230	6.96	63.04	20.43	9.57	40	General Academic	0	0	4	78	18	1	1	90	26	25	26	ROBERT H GODDARD HS-COMM/TECH	8E+11	40.670905	-73.845992	11417	Southwest Queens
77Q313	Benjamin Franklin High School for Finance & Inform	Living Environment	Living_Env	2023	67.47	69	84.06	15.94	0	0	28	Career Technical	1	0	13	78	19	9	1	84	11	20	20	BENJAMIN FRANKLIN HS-FIN, INFO, TECH	8E+11	40.698786	-73.74633	11411	Southeast Queens
77Q313	Benjamin Franklin High School for Finance & Inform	Common Core English	ELA	2023	68.09	88	64.77	18.18	17.05	0	28	Career Technical	1	0	13	78	19	9	1	84	11	20	15.5	BENJAMIN FRANKLIN HS-FIN, INFO, TECH	8E+11	40.698786	-73.74633	11411	Southeast Queens
77Q313	Benjamin Franklin High School for Finance & Inform	Common Core Algebra	Algebra_I	2023	68.93	115	73.04	17.39	9.57	0	28	Career Technical	1	0	13	78	19	9	1	84	11	20	11	BENJAMIN FRANKLIN HS-FIN, INFO, TECH	8E+11	40.698786	-73.74633	11411	Southeast Queens
77Q314	Epic High School - South	Common Core English	ELA	2023	64.06	88	29.55	34.09	36.36	0	30	General Academic	0	0	9	95	20	7	1	84	21	25	23	EPIC HIGH SCHOOL-SOUTH	8E+11	40.675021	-73.81673	11420	Southwest Queens
77Q314	Epic High School - South	Living Environment	Living_Env	2023	54.47	96	27.08	41.67	31.25	0	30	General Academic	0	0	9	95	20	7	1	84	21	25	25	EPIC HIGH SCHOOL-SOUTH	8E+11	40.675021	-73.81673	11420	Southwest Queens
77Q314	Epic High School - South	Common Core Algebra	Algebra_I	2023	55.01	115	32.17	33.91	33.91	0	30	General Academic	0	0	9	95	20	7	1	84	21	25	21	EPIC HIGH SCHOOL-SOUTH	8E+11	40.675021	-73.81673	11420	Southwest Queens
77Q315	Business Technology Early College High School	Living Environment	Living_Env	2023	67.37	85	55.29	27.06	17.65	0	35	Career Technical	1	0	3	73	17	6	1	88	20	19	19	BUSINESS TECHNOLOGY EARLY COLLEGE HS	8E+11	40.733888	-73.739726	11427	Southeast Queens
77Q315	Business Technology Early College High School	Common Core English	ELA	2023	73.81	139	48.92	21.58	29.5	0	35	Career Technical	1	0	3	73	17	6	1	88	20	19	19.5	BUSINESS TECHNOLOGY EARLY COLLEGE HS	8E+11	40.733888	-73.739726	11427	Southeast Queens
77Q315	Business Technology Early College High School	Common Core Algebra	Algebra_I	2023	60.61	163	58.9	23.93	17.18	0	35	Career Technical	1	0	3	73	17	6	1	88	20	19	20	BUSINESS TECHNOLOGY EARLY COLLEGE HS	8E+11	40.733888	-73.739726	11427	Southeast Queens
77Q324	Rockaway Park High School for Environmental Sustainability	Living Environment	Living_Env	2023	57.19	55	41.82	58.18	0	0	23	General Academic	0	0	15	88	41	10	1	82	17	10	10	ROCKAWAY PARK HS-ENVIRONMENT SUSTAIN	8E+11	40.586012	-73.825317	11694	Rockaway
77Q324	Rockaway Park High School for Environmental Sustainability	Common Core Algebra	Algebra_I	2023	51.45	70	51.43	48.57	0	0	23	General Academic	0	0	15	88	41	10	1	82	17	10	17	ROCKAWAY PARK HS-ENVIRONMENT SUSTAIN	8E+11	40.586012	-73.825317	11694	Rockaway
77Q324	Rockaway Park High School for Environmental Sustainability	Common Core English	ELA	2023	56.94	90	55.56	33.33	0	11.11	23	General Academic	0	0	15	88	41	10	1	82	17	10	13.5	ROCKAWAY PARK HS-ENVIRONMENT SUSTAIN	8E+11	40.586012	-73.825317	11694	Rockaway
77Q325	Hillside Arts & Letters Academy	Living Environment	Living_Env	2023	75.82	49	53.06	0	46.94	0	29	General Academic	0	0	15	68	19	10	1	85	23	23	23	HILLSIDE ARTS & LETTERS ACADEMY	8E+11	40.714551	-73.798658	11432	Jamaica
77Q325	Hillside Arts & Letters Academy	Common Core Algebra	Algebra_I	2023	62.59	62	41.94	58.06	0	0	29	General Academic	0	0	15	68	19	10	1	85	23	23	23	HILLSIDE ARTS & LETTERS ACADEMY	8E+11	40.714551	-73.798658	11432	Jamaica
77Q325	Hillside Arts & Letters Academy	Common Core English	ELA	2023	68.76	171	35.09	42.69	22.22	0	29	General Academic	0	0	15	68	19	10	1	85	23	23	23	HILLSIDE ARTS & LETTERS ACADEMY	8E+11	40.714551	-73.798658	11432	Jamaica
77Q326	Cambria Heights Academy	Living Environment	Living_Env	2023	62.22	78	70.51	29.49	0	0	26	General Academic	0	0	11	74	22	11	1	87	25	28	28	CAMBRIA HEIGHTS ACADEMY	8E+11	40.711857	-73.771196	11432	Jamaica
77Q326	Cambria Heights Academy	Common Core English	ELA	2023	67.81	85	68.24	22.35	9.41	0	26	General Academic	0	0	11	74	22	11	1	87	25	28	26.5	CAMBRIA HEIGHTS ACADEMY	8E+11	40.711857	-73.771196	11432	Jamaica
77Q326	Cambria Heights Academy	Common Core Algebra	Algebra_I	2023	58.31	87	72.41	27.59	0	0	26	General Academic	0	0	11	74	22	11	1	87	25	28	25	CAMBRIA HEIGHTS ACADEMY	8E+11	40.711857	-73.771196	11432	Jamaica
77Q328	High School for Community Leadership	Common Core Algebra	Algebra_I	2023	74.25	89	31.46	37.08	31.46	0	29	General Academic	0	0	12	70	16	8	1	85	32	27	32	HIGH SCHOOL-COMMUNITY LEADERSHIP	8E+11	40.714551	-73.798658	11432	Jamaica
77Q328	High School for Community Leadership	Living Environment	Living_Env	2023	74.48	93	34.41	34.41	31.18	0	29	General Academic	0	0	12	70	16	8	1	85	32	27	27	HIGH SCHOOL-COMMUNITY LEADERSHIP	8E+11	40.714551	-73.798658	11432	Jamaica
77Q328	High School for Community Leadership	Common Core English	ELA	2023	78	110	35.45	38.18	26.36	0	29	General Academic	0	0	12	70	16	8	1	85	32	27	29.5	HIGH SCHOOL-COMMUNITY LEADERSHIP	8E+11	40.714551	-73.798658	11432	Jamaica
77Q334	Epic High School - North	Living Environment	Living_Env	2023	59.25	85	0	62.35	37.65	0	27	General Academic	0	0	11	74	15	5	1	81	12	13	13	EPIC HIGH SCHOOL - NORTH	8E+11	40.693013	-73.829409	11418	Southwest Queens
77Q334	Epic High School - North	Common Core Algebra	Algebra_I	2023	64.9	122	18.03	50	31.97	0	27	General Academic	0	0	11	74	15	5	1	81	12	13	12	EPIC HIGH SCHOOL - NORTH	8E+11	40.693013	-73.829409	11418	Southwest Queens
77Q334	Epic High School - North	Common Core English	ELA	2023	70.85	185	15.68	51.35	29.73	3.24	27	General Academic	0	0	11	74	15	5	1	81	12	13	12.5	EPIC HIGH SCHOOL - NORTH	8E+11	40.693013	-73.829409	11418	Southwest Queens
77Q338	Queens Satellite High School for Opportunity	Common Core English	ELA	2023	62.57	35	34.29	48.57	17.14	0	8	Transfer School	0	1	25	85	8	6	1	64	5	12	8.5	QUEENS SATELLITE HS-OPPORTUNITY	8E+11	40.708204	-73.799532	11432	Jamaica
77Q350	Jamaica Gateway to the Sciences	Common Core Algebra	Algebra_I	2023	64.65	93	24.73	25.81	49.46	0	31	General Academic	0	0	11	75	16	11	1	90	18	21	18	JAMAICA GATEWAY TO THE SCIENCES	8E+11	40.714551	-73.798658	11432	Jamaica
77Q350	Jamaica Gateway to the Sciences	Living Environment	Living_Env	2023	65.36	100	27	23	44	6	31	General Academic	0	0	11	75	16	11	1	90	18	21	21	JAMAICA GATEWAY TO THE SCIENCES	8E+11	40.714551	-73.798658	11432	Jamaica
77Q350	Jamaica Gateway to the Sciences	Common Core English	ELA	2023	78.87	114	30.7	21.93	47.37	0	31	General Academic	0	0	11	75	16	11	1	90	18	21	19.5	JAMAICA GATEWAY TO THE SCIENCES	8E+11	40.714551	-73.798658	11432	Jamaica
77Q351	Rockaway Collegiate High School	Living Environment	Living_Env	2023	49.4	25	100	0	0	0	25	General Academic	0	0	18	83	33	10	1	78	9	9	9	ROCKAWAY COLLEGIATE HIGH SCHOOL	8E+11	40.586012	-73.825317	11694	Rockaway
77Q351	Rockaway Collegiate High School	Common Core English	ELA	2023	56.8	103	49.51	41.75	0	8.74	25	General Academic	0	0	18	83	33	10	1	78	9	9	9	ROCKAWAY COLLEGIATE HIGH SCHOOL	8E+11	40.586012	-73.825317	11694	Rockaway
77Q351	Rockaway Collegiate High School	Common Core Algebra	Algebra_I	2023	57.82	110	60	40	0	0	25	General Academic	0	0	18	83	33	10	1	78	9	9	9	ROCKAWAY COLLEGIATE HIGH SCHOOL	8E+11	40.586012	-73.825317	11694	Rockaway
77Q400	August Martin High School	Common Core English	ELA	2023	70.87	161	63.35	20.5	16.15	0	41	General Academic	0	0	7	77	26	14	1	85	23	21	22	AUGUST MARTIN HIGH SCHOOL	8E+11	40.673949	-73.782684	11434	Jamaica
77Q400	August Martin High School	Common Core Algebra	Algebra_I	2023	64.29	162	62.96	26.54	10.49	0	41	General Academic	0	0	7	77	26	14	1	85	23	21	23	AUGUST MARTIN HIGH SCHOOL	8E+11	40.673949	-73.782684	11434	Jamaica
77Q400	August Martin High School	Living Environment	Living_Env	2023	58.16	175	62.86	24.57	12.57	0	41	General Academic	0	0	7	77	26	14	1	85	23	21	21	AUGUST MARTIN HIGH SCHOOL	8E+11	40.673949	-73.782684	11434	Jamaica
77Q415	Benjamin N. Cardozo High School	Common Core Algebra	Algebra_I	2023	65.92	457	24.73	35.67	33.48	6.13	193	General Academic	0	0	5	71	16	4	1	89	23	27	23	BENJAMIN N CARDOZO HIGH SCHOOL	8E+11	40.752343	-73.757271	11364	Bayside - Little Neck
77Q415	Benjamin N. Cardozo High School	Living Environment	Living_Env	2023	68.29	481	26.4	29.94	37.63	6.03	193	General Academic	0	0	5	71	16	4	1	89	23	27	27	BENJAMIN N CARDOZO HIGH SCHOOL	8E+11	40.752343	-73.757271	11364	Bayside - Little Neck
77Q415	Benjamin N. Cardozo High School	Common Core English	ELA	2023	74.16	773	18.76	25.36	47.74	8.15	193	General Academic	0	0	5	71	16	4	1	89	23	27	25	BENJAMIN N CARDOZO HIGH SCHOOL	8E+11	40.752343	-73.757271	11364	Bayside - Little Neck
77Q425	John Bowne High School	Living Environment	Living_Env	2023	69.02	513	15.4	53.02	25.73	5.85	196	General Academic	0	0	19	79	17	7	1	83	26	27	27	JOHN BOWNE HIGH SCHOOL	8E+11	40.737448	-73.823841	11367	Fresh Meadows
77Q425	John Bowne High School	Common Core Algebra	Algebra_I	2023	63.04	719	11.82	59.94	23.64	4.59	196	General Academic	0	0	19	79	17	7	1	83	26	27	26	JOHN BOWNE HIGH SCHOOL	8E+11	40.737448	-73.823841	11367	Fresh Meadows
77Q425	John Bowne High School	Common Core English	ELA	2023	68.04	1222	12.68	54.26	28.56	4.5	196	General Academic	0	0	19	79	17	7	1	83	26	27	26.5	JOHN BOWNE HIGH SCHOOL	8E+11	40.737448	-73.823841	11367	Fresh Meadows
77Q430	Francis Lewis High School	Common Core Algebra	Algebra_I	2023	76.73	550	4	21.82	64	10.18	241	General Academic	0	0	11	70	13	4	1	92	21	24	21	FRANCIS LEWIS HIGH SCHOOL	8E+11	40.740875	-73.795049	11365	Fresh Meadows
77Q430	Francis Lewis High School	Living Environment	Living_Env	2023	75.5	754	3.05	28.12	58.89	9.95	241	General Academic	0	0	11	70	13	4	1	92	21	24	24	FRANCIS LEWIS HIGH SCHOOL	8E+11	40.740875	-73.795049	11365	Fresh Meadows
77Q430	Francis Lewis High School	Common Core English	ELA	2023	77.02	1073	3.36	20.69	63.09	12.86	241	General Academic	0	0	11	70	13	4	1	92	21	24	22.5	FRANCIS LEWIS HIGH SCHOOL	8E+11	40.740875	-73.795049	11365	Fresh Meadows
77Q435	Martin Van Buren High School	Common Core Algebra	Algebra_I	2023	59.16	221	43.44	19.46	31.67	5.43	71	General Academic	0	0	13	75	18	5	1	85	17	18	17	MARTIN VAN BUREN HIGH SCHOOL	8E+11	40.733888	-73.739726	11427	Southeast Queens
77Q435	Martin Van Buren High School	Living Environment	Living_Env	2023	62.48	226	37.61	21.68	35.84	4.87	71	General Academic	0	0	13	75	18	5	1	85	17	18	18	MARTIN VAN BUREN HIGH SCHOOL	8E+11	40.733888	-73.739726	11427	Southeast Queens
77Q435	Martin Van Buren High School	Common Core English	ELA	2023	71.03	604	41.39	20.36	34.44	3.81	71	General Academic	0	0	13	75	18	5	1	85	17	18	17.5	MARTIN VAN BUREN HIGH SCHOOL	8E+11	40.733888	-73.739726	11427	Southeast Queens
77Q440	Forest Hills High School	Common Core Algebra	Algebra_I	2023	65.23	591	5.58	49.58	24.37	20.47	219	General Academic	0	0	9	72	16	5	1	92	24	25	24	FOREST HILLS HIGH SCHOOL 	8E+11	40.730017	-73.843972	11375	Ridgewood - Forest Hills
77Q440	Forest Hills High School	Living Environment	Living_Env	2023	68.59	627	6.54	45.14	23.44	24.88	219	General Academic	0	0	9	72	16	5	1	92	24	25	25	FOREST HILLS HIGH SCHOOL 	8E+11	40.730017	-73.843972	11375	Ridgewood - Forest Hills
77Q440	Forest Hills High School	Common Core English	ELA	2023	78.45	992	6.96	42.94	23.89	26.21	219	General Academic	0	0	9	72	16	5	1	92	24	25	24.5	FOREST HILLS HIGH SCHOOL 	8E+11	40.730017	-73.843972	11375	Ridgewood - Forest Hills
77Q445	William Cullen Bryant High School	Living Environment	Living_Env	2023	61.68	431	6.03	63.81	20.19	9.98	145	General Academic	0	0	19	86	17	8	1	83	21	26	26	WILLIAM CULLEN BRYANT HIGH SCHOOL 	8E+11	40.757072	-73.911165	11103	Long Island City - Astoria
77Q445	William Cullen Bryant High School	Common Core English	ELA	2023	68.24	548	0	63.5	25.73	10.77	145	General Academic	0	0	19	86	17	8	1	83	21	26	23.5	WILLIAM CULLEN BRYANT HIGH SCHOOL 	8E+11	40.757072	-73.911165	11103	Long Island City - Astoria
77Q445	William Cullen Bryant High School	Common Core Algebra	Algebra_I	2023	61.92	567	5.64	66.67	18.17	9.52	145	General Academic	0	0	19	86	17	8	1	83	21	26	21	WILLIAM CULLEN BRYANT HIGH SCHOOL 	8E+11	40.757072	-73.911165	11103	Long Island City - Astoria
77Q450	Long Island City High School	Living Environment	Living_Env	2023	57.39	364	10.44	71.7	8.24	9.62	135	General Academic	0	0	14	84	20	9	1	86	26	28	28	LONG ISLAND CITY HIGH SCHOOL 	8E+11	40.765881	-73.933907	11106	Long Island City - Astoria
77Q450	Long Island City High School	Common Core Algebra	Algebra_I	2023	59.8	637	11.3	73.78	6.91	8.01	135	General Academic	0	0	14	84	20	9	1	86	26	28	26	LONG ISLAND CITY HIGH SCHOOL 	8E+11	40.765881	-73.933907	11106	Long Island City - Astoria
77Q450	Long Island City High School	Common Core English	ELA	2023	67.27	769	10.66	75.29	7.41	6.63	135	General Academic	0	0	14	84	20	9	1	86	26	28	27	LONG ISLAND CITY HIGH SCHOOL 	8E+11	40.765881	-73.933907	11106	Long Island City - Astoria
77Q455	Newtown High School	Living Environment	Living_Env	2023	62.39	403	2.48	70.22	21.09	6.2	107	General Academic	0	0	27	78	18	7	1	86	22	25	25	NEWTOWN HIGH SCHOOL	8E+11	40.740824	-73.874129	11373	West Queens
77Q455	Newtown High School	Common Core Algebra	Algebra_I	2023	62.03	515	2.91	68.54	22.91	5.63	107	General Academic	0	0	27	78	18	7	1	86	22	25	22	NEWTOWN HIGH SCHOOL	8E+11	40.740824	-73.874129	11373	West Queens
77Q455	Newtown High School	Common Core English	ELA	2023	69.57	532	2.44	68.05	23.87	5.64	107	General Academic	0	0	27	78	18	7	1	86	22	25	23.5	NEWTOWN HIGH SCHOOL	8E+11	40.740824	-73.874129	11373	West Queens
77Q460	Flushing High School	Living Environment	Living_Env	2023	54.44	303	4.29	78.22	14.52	2.97	88	General Academic	0	0	24	84	18	10	1	84	23	29	29	FLUSHING HIGH SCHOOL	8E+11	40.764892	-73.826811	11354	Flushing - Clearview
77Q460	Flushing High School	Common Core Algebra	Algebra_I	2023	60.26	332	6.02	76.81	13.86	3.31	88	General Academic	0	0	24	84	18	10	1	84	23	29	23	FLUSHING HIGH SCHOOL	8E+11	40.764892	-73.826811	11354	Flushing - Clearview
77Q460	Flushing High School	Common Core English	ELA	2023	66.17	556	9.53	69.42	18.53	2.52	88	General Academic	0	0	24	84	18	10	1	84	23	29	26	FLUSHING HIGH SCHOOL	8E+11	40.764892	-73.826811	11354	Flushing - Clearview
77Q475	Richmond Hill High School	Common Core English	ELA	2023	65.56	407	10.57	54.3	31.2	3.93	117	General Academic	0	0	18	83	18	7	1	90	23	26	24.5	RICHMOND HILL HIGH SCHOOL	8E+11	40.695171	-73.833815	11418	Southwest Queens
77Q475	Richmond Hill High School	Living Environment	Living_Env	2023	62.11	428	8.18	59.58	29.67	2.57	117	General Academic	0	0	18	83	18	7	1	90	23	26	26	RICHMOND HILL HIGH SCHOOL	8E+11	40.695171	-73.833815	11418	Southwest Queens
77Q475	Richmond Hill High School	Common Core Algebra	Algebra_I	2023	62.4	430	8.6	64.42	25.35	1.63	117	General Academic	0	0	18	83	18	7	1	90	23	26	23	RICHMOND HILL HIGH SCHOOL	8E+11	40.695171	-73.833815	11418	Southwest Queens
77Q480	John Adams High School	Living Environment	Living_Env	2023	63.79	510	21.76	40.98	33.14	4.12	171	General Academic	0	0	13	78	17	6	1	86	16	19	19	JOHN ADAMS HIGH SCHOOL	8E+11	40.680065	-73.838616	11417	Southwest Queens
77Q480	John Adams High School	Common Core Algebra	Algebra_I	2023	65.75	647	21.79	44.05	31.07	3.09	171	General Academic	0	0	13	78	17	6	1	86	16	19	16	JOHN ADAMS HIGH SCHOOL	8E+11	40.680065	-73.838616	11417	Southwest Queens
77Q480	John Adams High School	Common Core English	ELA	2023	73.89	983	23.91	36.93	35.5	3.66	171	General Academic	0	0	13	78	17	6	1	86	16	19	17.5	JOHN ADAMS HIGH SCHOOL	8E+11	40.680065	-73.838616	11417	Southwest Queens
77Q485	Grover Cleveland High School	Common Core English	ELA	2023	72.17	345	0	70.72	10.72	18.55	101	General Academic	0	0	25	77	20	12	1	83	18	25	21.5	GROVER CLEVELAND HIGH SCHOOL	8E+11	40.711881	-73.909202	11385	Ridgewood - Forest Hills
77Q485	Grover Cleveland High School	Living Environment	Living_Env	2023	57.6	365	0	80.82	5.21	13.97	101	General Academic	0	0	25	77	20	12	1	83	18	25	25	GROVER CLEVELAND HIGH SCHOOL	8E+11	40.711881	-73.909202	11385	Ridgewood - Forest Hills
77Q485	Grover Cleveland High School	Common Core Algebra	Algebra_I	2023	61.34	412	0	78.64	7.52	13.83	101	General Academic	0	0	25	77	20	12	1	83	18	25	18	GROVER CLEVELAND HIGH SCHOOL	8E+11	40.711881	-73.909202	11385	Ridgewood - Forest Hills
77Q492	Mathematics, Science Research and Technology Magnet High School	Living Environment	Living_Env	2023	61.5	140	75	20	5	0	28	General Academic	0	0	11	77	14	10	1	90	29	21	21	MATH/SCIENCE RESEARCH/TECH MAGNET	8E+11	40.69863168	-73.74520533	11411	Southeast Queens
77Q492	Mathematics, Science Research and Technology Magnet High School	Common Core Algebra	Algebra_I	2023	67.65	146	72.6	22.6	4.79	0	28	General Academic	0	0	11	77	14	10	1	90	29	21	29	MATH/SCIENCE RESEARCH/TECH MAGNET	8E+11	40.69863168	-73.74520533	11411	Southeast Queens
77Q492	Mathematics, Science Research and Technology Magnet High School	Common Core English	ELA	2023	76.83	206	74.27	19.9	5.83	0	28	General Academic	0	0	11	77	14	10	1	90	29	21	25	MATH/SCIENCE RESEARCH/TECH MAGNET	8E+11	40.69863168	-73.74520533	11411	Southeast Queens
77Q492	Mathematics, Science Research and Technology Magnet High School	Common Core English	ELA	2023	68.9	85	71.76	16.47	11.76	0	28	General Academic	0	0	11	77	14	10	1	90	29	21	25	MATH/SCIENCE RESEARCH/TECH MAGNET	8E+11	40.698786	-73.74633	11411	Southeast Queens
77Q492	Mathematics, Science Research and Technology Magnet High School	Living Environment	Living_Env	2023	60.21	124	85.48	14.52	0	0	28	General Academic	0	0	11	77	14	10	1	90	29	21	21	MATH/SCIENCE RESEARCH/TECH MAGNET	8E+11	40.698786	-73.74633	11411	Southeast Queens
77Q492	Mathematics, Science Research and Technology Magnet High School	Common Core Algebra	Algebra_I	2023	60.39	138	77.54	15.94	6.52	0	28	General Academic	0	0	11	77	14	10	1	90	29	21	29	MATH/SCIENCE RESEARCH/TECH MAGNET	8E+11	40.698786	-73.74633	11411	Southeast Queens
77Q495	Bayside High School	Living Environment	Living_Env	2023	70.46	455	12.09	33.19	44.18	10.55	170	General Academic	0	0	7	74	17	6	1	92	13	15	15	BAYSIDE HIGH SCHOOL 	8E+11	40.771398	-73.781041	11361	Bayside - Little Neck
77Q495	Bayside High School	Common Core Algebra	Algebra_I	2023	65.67	778	16.32	37.66	34.7	11.31	170	General Academic	0	0	7	74	17	6	1	92	13	15	13	BAYSIDE HIGH SCHOOL 	8E+11	40.771398	-73.781041	11361	Bayside - Little Neck
77Q495	Bayside High School	Common Core English	ELA	2023	76.73	1066	10.79	29.92	48.59	10.69	170	General Academic	0	0	7	74	17	6	1	92	13	15	14	BAYSIDE HIGH SCHOOL 	8E+11	40.771398	-73.781041	11361	Bayside - Little Neck
77Q501	Frank Sinatra School of the Arts High School	Common Core Algebra	Algebra_I	2023	68.87	50	0	42	0	58	56	General Academic	0	0	0	32	17	1	1	91	30	31	30	FRANK SINATRA SCHOOL OF THE ARTS	8E+11	40.756099	-73.925182	11106	Long Island City - Astoria
77Q501	Frank Sinatra School of the Arts High School	Living Environment	Living_Env	2023	75.33	82	15.85	36.59	8.54	39.02	56	General Academic	0	0	0	32	17	1	1	91	30	31	31	FRANK SINATRA SCHOOL OF THE ARTS	8E+11	40.756099	-73.925182	11106	Long Island City - Astoria
77Q501	Frank Sinatra School of the Arts High School	Common Core English	ELA	2023	89.54	174	9.2	28.16	15.52	47.13	56	General Academic	0	0	0	32	17	1	1	91	30	31	30.5	FRANK SINATRA SCHOOL OF THE ARTS	8E+11	40.756099	-73.925182	11106	Long Island City - Astoria
77Q502	Information Technology High School	Living Environment	Living_Env	2023	65.9	134	8.96	67.16	17.91	5.97	56	General Academic	0	0	10	82	18	7	1	91	23	22	22	INFORMATION TECHNOLOGY HIGH SCHOOL	8E+11	40.748502	-73.946488	11101	Long Island City - Astoria
77Q502	Information Technology High School	Common Core Algebra	Algebra_I	2023	57.16	157	10.19	68.79	14.65	6.37	56	General Academic	0	0	10	82	18	7	1	91	23	22	23	INFORMATION TECHNOLOGY HIGH SCHOOL	8E+11	40.748502	-73.946488	11101	Long Island City - Astoria
77Q502	Information Technology High School	Common Core English	ELA	2023	75.28	204	8.82	72.06	19.12	0	56	General Academic	0	0	10	82	18	7	1	91	23	22	22.5	INFORMATION TECHNOLOGY HIGH SCHOOL	8E+11	40.748502	-73.946488	11101	Long Island City - Astoria
77Q505	Hillcrest High School	Living Environment	Living_Env	2023	60.15	429	33.57	38.93	24.24	3.26	151	General Academic	0	0	18	82	12	11	1	88	20	28	28	HILLCREST HIGH SCHOOL	8E+11	40.709461	-73.803001	11432	Jamaica
77Q505	Hillcrest High School	Common Core Algebra	Algebra_I	2023	58.33	479	27.56	48.43	20.88	3.13	151	General Academic	0	0	18	82	12	11	1	88	20	28	20	HILLCREST HIGH SCHOOL	8E+11	40.709461	-73.803001	11432	Jamaica
77Q505	Hillcrest High School	Common Core English	ELA	2023	70.13	541	24.95	40.67	31.05	3.33	151	General Academic	0	0	18	82	12	11	1	88	20	28	24	HILLCREST HIGH SCHOOL	8E+11	40.709461	-73.803001	11432	Jamaica
77Q520	Middle College High School at LaGuardia Community College	Common Core English	ELA	2023	83.69	167	0	80.24	10.78	8.98	27	General Academic	0	0	2	72	18	5	1	89	23	12	17.5	MIDDLE COLLEGE HS AT LAGUARDIA	8E+11	40.743253	-73.933316	11101	Long Island City - Astoria
77Q525	Townsend Harris High School	Common Core Algebra	Algebra_I	2023	78.72	90	0	30	47.78	22.22	86	General Academic	0	0	1	60	14	2	1	95	25	28	25	TOWNSEND HARRIS HIGH SCHOOL	8E+11	40.737038	-73.821532	11367	Fresh Meadows
77Q525	Townsend Harris High School	Living Environment	Living_Env	2023	78.57	125	0	20.8	58.4	20.8	86	General Academic	0	0	1	60	14	2	1	95	25	28	28	TOWNSEND HARRIS HIGH SCHOOL	8E+11	40.737038	-73.821532	11367	Fresh Meadows
77Q525	Townsend Harris High School	Common Core English	ELA	2023	93.85	323	6.81	13.31	60.06	19.81	86	General Academic	0	0	1	60	14	2	1	95	25	28	26.5	TOWNSEND HARRIS HIGH SCHOOL	8E+11	40.737038	-73.821532	11367	Fresh Meadows
77Q530	International High School at LaGuardia Community College	Common Core English	ELA	2023	57.48	146	0	86.3	13.7	0	29	General Academic	0	0	83	72	1	34	1	91	24	2	13	INTNTL HIGH SCHOOL AT LAGUARDIA	8E+11	40.743253	-73.933316	11101	Long Island City - Astoria
77Q550	High School for Arts and Business	Common Core Algebra	Algebra_I	2023	66.63	145	7.59	86.21	6.21	0	49	General Academic	0	0	9	79	18	3	1	90	25	29	25	HIGH SCHOOL FOR ARTS & BUSINESS 	8E+11	40.737673	-73.853412	11368	West Queens
77Q550	High School for Arts and Business	Living Environment	Living_Env	2023	64.92	173	8.09	78.03	9.25	4.62	49	General Academic	0	0	9	79	18	3	1	90	25	29	29	HIGH SCHOOL FOR ARTS & BUSINESS 	8E+11	40.737673	-73.853412	11368	West Queens
77Q550	High School for Arts and Business	Common Core English	ELA	2023	74.83	231	6.93	77.92	10.39	4.76	49	General Academic	0	0	9	79	18	3	1	90	25	29	27	HIGH SCHOOL FOR ARTS & BUSINESS 	8E+11	40.737673	-73.853412	11368	West Queens
77Q555	Newcomers High School	Common Core English	ELA	2023	44.36	538	0	89.78	6.51	3.72	71	General Academic	0	0	89	65	3	23	1	82	22	26	24	NEWCOMERS HIGH SCHOOL	8E+11	40.751838	-73.936592	11101	Long Island City - Astoria
77Q555	Newcomers High School	Living Environment	Living_Env	2023	60.34	602	0	89.87	5.98	4.15	71	General Academic	0	0	89	65	3	23	1	82	22	26	26	NEWCOMERS HIGH SCHOOL	8E+11	40.751838	-73.936592	11101	Long Island City - Astoria
77Q555	Newcomers High School	Common Core Algebra	Algebra_I	2023	52.03	893	0	92.39	3.58	4.03	71	General Academic	0	0	89	65	3	23	1	82	22	26	22	NEWCOMERS HIGH SCHOOL	8E+11	40.751838	-73.936592	11101	Long Island City - Astoria
77Q566	Queens High School of Teaching, Liberal Arts and the Sciences	Living Environment	Living_Env	2023	65.91	167	44.31	28.74	22.16	4.79	70	General Academic	0	0	4	64	19	5	1	86	18	19	19	QUEENS HIGH SCHOOL OF TEACHING	8E+11	40.744197	-73.728834	11426	Southeast Queens
77Q566	Queens High School of Teaching, Liberal Arts and the Sciences	Common Core Algebra	Algebra_I	2023	63.9	195	47.69	27.18	20	5.13	70	General Academic	0	0	4	64	19	5	1	86	18	19	18	QUEENS HIGH SCHOOL OF TEACHING	8E+11	40.744197	-73.728834	11426	Southeast Queens
77Q566	Queens High School of Teaching, Liberal Arts and the Sciences	Common Core English	ELA	2023	69.79	221	48.87	24.89	20.81	5.43	70	General Academic	0	0	4	64	19	5	1	86	18	19	18.5	QUEENS HIGH SCHOOL OF TEACHING	8E+11	40.744197	-73.728834	11426	Southeast Queens
77Q575	Academy of American Studies	Common Core Algebra	Algebra_I	2023	67.63	191	0	45.55	21.99	32.46	74	General Academic	0	0	3	68	11	4	1	91	27	28	27	ACADEMY OF AMERICAN STUDIES	8E+11	40.751144	-73.937564	11101	Long Island City - Astoria
77Q575	Academy of American Studies	Living Environment	Living_Env	2023	75.14	211	0	42.65	23.22	34.12	74	General Academic	0	0	3	68	11	4	1	91	27	28	28	ACADEMY OF AMERICAN STUDIES	8E+11	40.751144	-73.937564	11101	Long Island City - Astoria
77Q575	Academy of American Studies	Common Core English	ELA	2023	79.47	373	0	37.8	23.32	38.87	74	General Academic	0	0	3	68	11	4	1	91	27	28	27.5	ACADEMY OF AMERICAN STUDIES	8E+11	40.751144	-73.937564	11101	Long Island City - Astoria
77Q585	Maspeth High School	Common Core Algebra	Algebra_I	2023	65.11	186	0	77.96	22.04	0	75	General Academic	0	0	7	71	18	3	1	89	24	27	24	MASPETH HIGH SCHOOL	8E+11	40.729104	-73.887909	11378	West Queens
77Q585	Maspeth High School	Living Environment	Living_Env	2023	65.85	222	0	78.83	21.17	0	75	General Academic	0	0	7	71	18	3	1	89	24	27	27	MASPETH HIGH SCHOOL	8E+11	40.729104	-73.887909	11378	West Queens
77Q585	Maspeth High School	Common Core English	ELA	2023	78.94	223	0	69.06	0	30.94	75	General Academic	0	0	7	71	18	3	1	89	24	27	25.5	MASPETH HIGH SCHOOL	8E+11	40.729104	-73.887909	11378	West Queens
77Q600	Queens Technical High School	Living Environment	Living_Env	2023	61.67	305	3.28	87.87	6.56	2.3	103	Career Technical	1	0	8	85	19	6	1	90	21	22	22	QUEENS TECHNICAL HIGH SCHOOL	8E+11	40.741658	-73.927995	11101	Long Island City - Astoria
77Q600	Queens Technical High School	Common Core English	ELA	2023	79.16	375	1.87	81.87	13.33	2.93	103	Career Technical	1	0	8	85	19	6	1	90	21	22	21.5	QUEENS TECHNICAL HIGH SCHOOL	8E+11	40.741658	-73.927995	11101	Long Island City - Astoria
77Q600	Queens Technical High School	Common Core Algebra	Algebra_I	2023	65.03	386	3.37	88.34	5.44	2.85	103	Career Technical	1	0	8	85	19	6	1	90	21	22	21	QUEENS TECHNICAL HIGH SCHOOL	8E+11	40.741658	-73.927995	11101	Long Island City - Astoria
77Q610	Aviation Career & Technical Education High School	Common Core Algebra	Algebra_I	2023	76.18	292	0	62.33	25	12.67	129	Career Technical	1	0	4	77	17	3	1	94	18	24	18	AVIATION CAREER AND TECH ED HS	8E+11	40.743309	-73.929577	11101	Long Island City - Astoria
77Q610	Aviation Career & Technical Education High School	Living Environment	Living_Env	2023	74.08	329	2.43	60.79	24.62	12.16	129	Career Technical	1	0	4	77	17	3	1	94	18	24	24	AVIATION CAREER AND TECH ED HS	8E+11	40.743309	-73.929577	11101	Long Island City - Astoria
77Q610	Aviation Career & Technical Education High School	Common Core English	ELA	2023	83.14	364	2.75	49.73	34.89	12.64	129	Career Technical	1	0	4	77	17	3	1	94	18	24	21	AVIATION CAREER AND TECH ED HS	8E+11	40.743309	-73.929577	11101	Long Island City - Astoria
77Q620	Thomas A. Edison Career and Technical Education High School	Living Environment	Living_Env	2023	70.68	297	21.55	23.91	50.84	3.7	126	Career Technical	1	0	3	75	15	5	1	94	20	24	24	THOMAS A EDISON CAREER-TECH HS	8E+11	40.716071	-73.799692	11432	Jamaica
77Q620	Thomas A. Edison Career and Technical Education High School	Common Core Algebra	Algebra_I	2023	67.87	351	23.36	31.62	41.03	3.99	126	Career Technical	1	0	3	75	15	5	1	94	20	24	20	THOMAS A EDISON CAREER-TECH HS	8E+11	40.716071	-73.799692	11432	Jamaica
77Q620	Thomas A. Edison Career and Technical Education High School	Common Core English	ELA	2023	78.58	664	18.22	28.01	50.45	3.31	126	Career Technical	1	0	3	75	15	5	1	94	20	24	22	THOMAS A EDISON CAREER-TECH HS	8E+11	40.716071	-73.799692	11432	Jamaica
77Q650	High School For Construction Trades, Engineering & Architecture	Common Core Algebra	Algebra_I	2023	76.21	156	13.46	42.31	39.1	5.13	67	Career Technical	1	0	2	74	17	1	1	93	32	29	32	HS FOR CON, TRADES, ENGINEER AND ARC	8E+11	40.689177	-73.841475	11416	Southwest Queens
77Q650	High School For Construction Trades, Engineering & Architecture	Living Environment	Living_Env	2023	73.36	196	10.71	45.92	36.22	7.14	67	Career Technical	1	0	2	74	17	1	1	93	32	29	29	HS FOR CON, TRADES, ENGINEER AND ARC	8E+11	40.689177	-73.841475	11416	Southwest Queens
77Q650	High School For Construction Trades, Engineering & Architecture	Common Core English	ELA	2023	80.79	299	12.71	34.11	41.81	11.37	67	Career Technical	1	0	2	74	17	1	1	93	32	29	30.5	HS FOR CON, TRADES, ENGINEER AND ARC	8E+11	40.689177	-73.841475	11416	Southwest Queens
77Q670	Robert F. Kennedy Community High School	Living Environment	Living_Env	2023	67.42	101	20.79	54.46	24.75	0	37	General Academic	0	0	11	80	17	6	1	89	22	24	24	ROBERT F KENNEDY COMMUNITY HS	8E+11	40.72528	-73.811408	11366	Fresh Meadows
77Q670	Robert F. Kennedy Community High School	Common Core Algebra	Algebra_I	2023	61.02	121	15.7	58.68	25.62	0	37	General Academic	0	0	11	80	17	6	1	89	22	24	22	ROBERT F KENNEDY COMMUNITY HS	8E+11	40.72528	-73.811408	11366	Fresh Meadows
77Q670	Robert F. Kennedy Community High School	Common Core English	ELA	2023	81.16	123	0	37.4	46.34	16.26	37	General Academic	0	0	11	80	17	6	1	89	22	24	23	ROBERT F KENNEDY COMMUNITY HS	8E+11	40.72528	-73.811408	11366	Fresh Meadows
77Q686	Queens Metropolitan High School	Common Core Algebra	Algebra_I	2023	69	160	0	53.12	6.88	40	63	General Academic	0	0	6	61	16	3	1	90	16	16	16	QUEENS METROPOLITAN HIGH SCHOOL	8E+11	40.708431	-73.855543	11375	Jamaica
77Q686	Queens Metropolitan High School	Living Environment	Living_Env	2023	73.94	167	0	49.7	7.78	42.51	63	General Academic	0	0	6	61	16	3	1	90	16	16	16	QUEENS METROPOLITAN HIGH SCHOOL	8E+11	40.708431	-73.855543	11375	Jamaica
77Q686	Queens Metropolitan High School	Common Core English	ELA	2023	82.04	234	0	37.61	14.1	48.29	63	General Academic	0	0	6	61	16	3	1	90	16	16	16	QUEENS METROPOLITAN HIGH SCHOOL	8E+11	40.708431	-73.855543	11375	Jamaica
77Q687	Queens High School for the Sciences at York College	Common Core Algebra	Algebra_I	2023	88.5	19	0	0	100	0	28	General Academic	0	0	0	65	1	1	1	96		30		QUEENS HS -SCIENCES-YORK COLLEGE	8E+11	40.700884	-73.798364	11433	Jamaica
77Q687	Queens High School for the Sciences at York College	Living Environment	Living_Env	2023	93.1	28	0	0	100	0	28	General Academic	0	0	0	65	1	1	1	96		30	30	QUEENS HS -SCIENCES-YORK COLLEGE	8E+11	40.700884	-73.798364	11433	Jamaica
77Q687	Queens High School for the Sciences at York College	Common Core English	ELA	2023	95.6	126	0	5.56	86.51	7.94	28	General Academic	0	0	0	65	1	1	1	96		30	30	QUEENS HS -SCIENCES-YORK COLLEGE	8E+11	40.700884	-73.798364	11433	Jamaica
77Q690	High School for Law Enforcement and Public Safety	Living Environment	Living_Env	2023	52.09	92	58.7	26.09	15.22	0	30	General Academic	0	0	10	79	25	4	1	82	17	19	19	HS-LAW ENFORCEMENT & PUB SAFETY	8E+11	40.685838	-73.783438	11434	Jamaica
77Q690	High School for Law Enforcement and Public Safety	Common Core Algebra	Algebra_I	2023	54.13	107	56.07	28.04	15.89	0	30	General Academic	0	0	10	79	25	4	1	82	17	19	17	HS-LAW ENFORCEMENT & PUB SAFETY	8E+11	40.685838	-73.783438	11434	Jamaica
77Q690	High School for Law Enforcement and Public Safety	Common Core English	ELA	2023	63.05	108	53.7	25	21.3	0	30	General Academic	0	0	10	79	25	4	1	82	17	19	18	HS-LAW ENFORCEMENT & PUB SAFETY	8E+11	40.685838	-73.783438	11434	Jamaica
77Q744	Voyages Preperatory	Common Core Algebra	Algebra_I	2023	65.4	30	0	100	0	0	17	Transfer School	0	1	12	83	29	8	1	57				VOYAGES PREPARATORY	8E+11	40.743228	-73.871505	11373	West Queens
77Q744	Voyages Preperatory	Common Core English	ELA	2023	66	59	0	100	0	0	17	Transfer School	0	1	12	83	29	8	1	57				VOYAGES PREPARATORY	8E+11	40.743228	-73.871505	11373	West Queens
02M422	Quest to Learn	Living Environment	Living_Env	2023	56.24	43	30.23	51.16	0	18.6	51	General Academic	0	0	3	66	34	10	1	82	17	17	17	QUEST TO LEARN	8E+11	40.743407	-74.00254	10011	Chelsea - Clinton
02M422	Quest to Learn	Common Core English	ELA	2023	67.71	54	35.19	64.81	0	0	51	General Academic	0	0	3	66	34	10	1	82	17	17	17	QUEST TO LEARN	8E+11	40.743407	-74.00254	10011	Chelsea - Clinton
02M422	Quest to Learn	Common Core Algebra	Algebra_I	2023	57.2	89	30.34	58.43	0	11.24	51	General Academic	0	0	3	66	34	10	1	82	17	17	17	QUEST TO LEARN	8E+11	40.743407	-74.00254	10011	Chelsea - Clinton
04M372	Esperanza Preparatory Academy	Common Core English	ELA	2023	65.8	71	9.86	90.14	0	0	55	General Academic	0	0	36	95	26	24	1	88	18	21	19.5	ESPERANZA PREPARATORY ACADEMY	8E+11	40.792556	-73.942285	10029	East Harlem
04M372	Esperanza Preparatory Academy	Living Environment	Living_Env	2023	52.5	80	25	75	0	0	55	General Academic	0	0	36	95	26	24	1	88	18	21	21	ESPERANZA PREPARATORY ACADEMY	8E+11	40.792556	-73.942285	10029	East Harlem
04M372	Esperanza Preparatory Academy	Common Core Algebra	Algebra_I	2023	50.48	107	19.63	80.37	0	0	55	General Academic	0	0	36	95	26	24	1	88	18	21	18	ESPERANZA PREPARATORY ACADEMY	8E+11	40.792556	-73.942285	10029	East Harlem
06M293	City College Academy of the Arts	Common Core English	ELA	2023	72	99	0	100	0	0	40	General Academic	0	0	8	92	21	12	1	90	19	25	22	CITY COLLEGE ACADEMY OF THE ARTS	8E+11	40.860951	-73.930082	10040	Washington Heights - Inwood
06M293	City College Academy of the Arts	Living Environment	Living_Env	2023	69.6	113	0	100	0	0	40	General Academic	0	0	8	92	21	12	1	90	19	25	25	CITY COLLEGE ACADEMY OF THE ARTS	8E+11	40.860951	-73.930082	10040	Washington Heights - Inwood
06M293	City College Academy of the Arts	Common Core Algebra	Algebra_I	2023	66.83	157	0	93.63	0	6.37	40	General Academic	0	0	8	92	21	12	1	90	19	25	19	CITY COLLEGE ACADEMY OF THE ARTS	8E+11	40.860951	-73.930082	10040	Washington Heights - Inwood
06M346	Community Health Academy of the Heights	Living Environment	Living_Env	2023	62.93	69	10.14	89.86	0	0	50	General Academic	0	0	21	92	25	16	1	85	31	27	27	COMMUNITY HEALTH ACAD OF THE HEIGHTS	8E+11	40.833695	-73.942074	10032	Washington Heights - Inwood
06M346	Community Health Academy of the Heights	Common Core English	ELA	2023	76.94	92	9.78	90.22	0	0	50	General Academic	0	0	21	92	25	16	1	85	31	27	29	COMMUNITY HEALTH ACAD OF THE HEIGHTS	8E+11	40.833695	-73.942074	10032	Washington Heights - Inwood
06M346	Community Health Academy of the Heights	Common Core Algebra	Algebra_I	2023	63.88	115	12.17	87.83	0	0	50	General Academic	0	0	21	92	25	16	1	85	31	27	31	COMMUNITY HEALTH ACAD OF THE HEIGHTS	8E+11	40.833695	-73.942074	10032	Washington Heights - Inwood
07X223	The Laboratory School of Finance and Technology	Common Core Algebra	Algebra_I	2023	77.6	31	0	100	0	0	53	General Academic	0	0	6	95	19	13	1	87	28	22	28	LAB SCHOOL OF FIN & TECH: X223	8E+11	40.813612	-73.920851	10454	Hunts Point - Mott Haven
07X223	The Laboratory School of Finance and Technology	Living Environment	Living_Env	2023	59.5	60	0	100	0	0	53	General Academic	0	0	6	95	19	13	1	87	28	22	22	LAB SCHOOL OF FIN & TECH: X223	8E+11	40.813612	-73.920851	10454	Hunts Point - Mott Haven
07X223	The Laboratory School of Finance and Technology	Common Core English	ELA	2023	73.5	123	0	100	0	0	53	General Academic	0	0	6	95	19	13	1	87	28	22	25	LAB SCHOOL OF FIN & TECH: X223	8E+11	40.813612	-73.920851	10454	Hunts Point - Mott Haven
08X367	Archimedes Academy for Math, Science and Technolog	Common Core English	ELA	2023	63.17	58	34.48	65.52	0	0	52	General Academic	0	0	12	87	30	11	1	81	16	15	15.5	ARCHIMEDES ACAD-MATH, SCI, TECH	8E+11	40.815043	-73.85607	10473	Pelham - Throgs Neck
08X367	Archimedes Academy for Math, Science and Technolog	Living Environment	Living_Env	2023	63.07	74	27.03	58.11	14.86	0	52	General Academic	0	0	12	87	30	11	1	81	16	15	15	ARCHIMEDES ACAD-MATH, SCI, TECH	8E+11	40.815043	-73.85607	10473	Pelham - Throgs Neck
08X367	Archimedes Academy for Math, Science and Technolog	Common Core Algebra	Algebra_I	2023	58.39	133	28.57	62.41	9.02	0	52	General Academic	0	0	12	87	30	11	1	81	16	15	16	ARCHIMEDES ACAD-MATH, SCI, TECH	8E+11	40.815043	-73.85607	10473	Pelham - Throgs Neck
09X327	Comprehensive Model School Project M.S. 327	Living Environment	Living_Env	2023	60.4	79	0	100	0	0	57	General Academic	0	0	11	94	25	16	1	84	16	21	21	COMP MODEL SCH PROJECT MS 327	8E+11	40.842503	-73.916084	10457	Crotona - Tremont
09X327	Comprehensive Model School Project M.S. 327	Common Core Algebra	Algebra_I	2023	67.6	82	0	100	0	0	57	General Academic	0	0	11	94	25	16	1	84	16	21	16	COMP MODEL SCH PROJECT MS 327	8E+11	40.842503	-73.916084	10457	Crotona - Tremont
09X327	Comprehensive Model School Project M.S. 327	Common Core English	ELA	2023	68.95	183	17.49	82.51	0	0	57	General Academic	0	0	11	94	25	16	1	84	16	21	18.5	COMP MODEL SCH PROJECT MS 327	8E+11	40.842503	-73.916084	10457	Crotona - Tremont
09X568	Young Women's Leadership School of the Bronx	Living Environment	Living_Env	2023	66.98	61	27.87	72.13	0	0	45	General Academic	0	0	8	90	19	8	1	86	15	24	24	YOUNG WOMEN'S LDSHP SCHOOL-BRONX	8E+11	40.848552	-73.909022	10453	Crotona - Tremont
09X568	Young Women's Leadership School of the Bronx	Common Core Algebra	Algebra_I	2023	70.59	72	19.44	80.56	0	0	45	General Academic	0	0	8	90	19	8	1	86	15	24	15	YOUNG WOMEN'S LDSHP SCHOOL-BRONX	8E+11	40.848552	-73.909022	10453	Crotona - Tremont
09X568	Young Women's Leadership School of the Bronx	Common Core English	ELA	2023	72.85	83	25.3	74.7	0	0	45	General Academic	0	0	8	90	19	8	1	86	15	24	19.5	YOUNG WOMEN'S LDSHP SCHOOL-BRONX	8E+11	40.848552	-73.909022	10453	Crotona - Tremont
10X225	Theatre Arts Production Company School	Common Core English	ELA	2023	63.54	89	24.72	75.28	0	0	53	General Academic	0	0	9	88	27	7	1	77	17	18	17.5	THEATRE ARTS PRODUCTION COMPANY	8E+11	40.854257	-73.897404	10457	Crotona - Tremont
10X225	Theatre Arts Production Company School	Living Environment	Living_Env	2023	61.63	104	25.96	74.04	0	0	53	General Academic	0	0	9	88	27	7	1	77	17	18	18	THEATRE ARTS PRODUCTION COMPANY	8E+11	40.854257	-73.897404	10457	Crotona - Tremont
10X225	Theatre Arts Production Company School	Common Core Algebra	Algebra_I	2023	57.32	131	25.95	74.05	0	0	53	General Academic	0	0	9	88	27	7	1	77	17	18	17	THEATRE ARTS PRODUCTION COMPANY	8E+11	40.854257	-73.897404	10457	Crotona - Tremont
10X368	In-Tech Academy (M.S. / High School 368)	Common Core English	ELA	2023	69.01	149	8.05	91.95	0	0	75	General Academic	0	0	17	88	22	8	1	87	26	21	23.5	IN-TECH ACADEMY (MS/HS 368)	8E+11	40.877935	-73.913694	10463	Kingsbridge - Riverdale
10X368	In-Tech Academy (M.S. / High School 368)	Living Environment	Living_Env	2023	63.06	159	6.92	89.31	0	3.77	75	General Academic	0	0	17	88	22	8	1	87	26	21	21	IN-TECH ACADEMY (MS/HS 368)	8E+11	40.877935	-73.913694	10463	Kingsbridge - Riverdale
10X368	In-Tech Academy (M.S. / High School 368)	Common Core Algebra	Algebra_I	2023	61.79	208	6.25	90.38	0	3.37	75	General Academic	0	0	17	88	22	8	1	87	26	21	26	IN-TECH ACADEMY (MS/HS 368)	8E+11	40.877935	-73.913694	10463	Kingsbridge - Riverdale
12X242	Mott Hall V	Living Environment	Living_Env	2023	58.58	126	12.7	87.3	0	0	58	General Academic	0	0	17	96	27	8	1	87	16	18	18	MOTT HALL V	8E+11	40.832508	-73.878191	10472	Pelham - Throgs Neck
12X242	Mott Hall V	Common Core Algebra	Algebra_I	2023	63.51	129	10.85	89.15	0	0	58	General Academic	0	0	17	96	27	8	1	87	16	18	16	MOTT HALL V	8E+11	40.832508	-73.878191	10472	Pelham - Throgs Neck
12X242	Mott Hall V	Common Core English	ELA	2023	73.36	154	16.23	75.97	7.79	0	58	General Academic	0	0	17	96	27	8	1	87	16	18	17	MOTT HALL V	8E+11	40.832508	-73.878191	10472	Pelham - Throgs Neck
19K422	Spring Creek Community School	Living Environment	Living_Env	2023	54.9	79	86.08	13.92	0	0	44	General Academic	0	0	2	87	25	6	1	81	13	26	26	SPRING CREEK COMMUNITY SCHOOL	8E+11	40.657266	-73.874064	11239	Canarsie - Flatlands
19K422	Spring Creek Community School	Common Core English	ELA	2023	65.23	83	75.9	24.1	0	0	44	General Academic	0	0	2	87	25	6	1	81	13	26	19.5	SPRING CREEK COMMUNITY SCHOOL	8E+11	40.657266	-73.874064	11239	Canarsie - Flatlands
19K422	Spring Creek Community School	Common Core Algebra	Algebra_I	2023	54.4	103	83.5	16.5	0	0	44	General Academic	0	0	2	87	25	6	1	81	13	26	13	SPRING CREEK COMMUNITY SCHOOL	8E+11	40.657266	-73.874064	11239	Canarsie - Flatlands
25Q285	World Journalism Preparatory: A College Board School	Common Core English	ELA	2023	70.11	86	0	50	19.77	30.23	45	General Academic	0	0	3	57	22	3	1	88	18	18	18	WORLD JOURNALISM PREPARATORY	8E+11	40.764884	-73.789365	11358	Flushing - Clearview
25Q285	World Journalism Preparatory: A College Board School	Common Core Algebra	Algebra_I	2023	74.13	101	0	39.6	20.79	39.6	45	General Academic	0	0	3	57	22	3	1	88	18	18	18	WORLD JOURNALISM PREPARATORY	8E+11	40.764884	-73.789365	11358	Flushing - Clearview
25Q285	World Journalism Preparatory: A College Board School	Living Environment	Living_Env	2023	74.38	105	0	37.14	22.86	40	45	General Academic	0	0	3	57	22	3	1	88	18	18	18	WORLD JOURNALISM PREPARATORY	8E+11	40.764884	-73.789365	11358	Flushing - Clearview
27Q323	Scholars' Academy	Common Core English	ELA	2023	90.25	114	24.56	35.09	0	40.35	73	General Academic	0	0	1	50	16	1	1	91	27	32	29.5	SCHOLARS' ACADEMY	8E+11	40.584543	-73.825162	11694	Rockaway
27Q323	Scholars' Academy	Living Environment	Living_Env	2023	85.75	151	0	24.5	27.81	47.68	73	General Academic	0	0	1	50	16	1	1	91	27	32	32	SCHOLARS' ACADEMY	8E+11	40.584543	-73.825162	11694	Rockaway
27Q323	Scholars' Academy	Common Core Algebra	Algebra_I	2023	83.25	215	15.81	24.65	22.79	36.74	73	General Academic	0	0	1	50	16	1	1	91	27	32	27	SCHOLARS' ACADEMY	8E+11	40.584543	-73.825162	11694	Rockaway
28Q167	Metropolitan Expeditionary Learning School	Common Core English	ELA	2023	77.31	106	19.81	43.4	20.75	16.04	70	General Academic	0	0	5	67	19	6	1	88	25	25	25	METROPOLITAN EXPEDITIONARY LRNING	8E+11	40.708431	-73.855543	11375	Jamaica
28Q167	Metropolitan Expeditionary Learning School	Living Environment	Living_Env	2023	67.02	113	11.5	48.67	26.55	13.27	70	General Academic	0	0	5	67	19	6	1	88	25	25	25	METROPOLITAN EXPEDITIONARY LRNING	8E+11	40.708431	-73.855543	11375	Jamaica
28Q167	Metropolitan Expeditionary Learning School	Common Core Algebra	Algebra_I	2023	63.86	162	8.64	49.38	29.63	12.35	70	General Academic	0	0	5	67	19	6	1	88	25	25	25	METROPOLITAN EXPEDITIONARY LRNING	8E+11	40.708431	-73.855543	11375	Jamaica
29Q283	Preparatory Academy for Writers: A College Board School	Common Core English	ELA	2023	76.26	88	89.77	10.23	0	0	36	General Academic	0	0	6	71	17	8	1	86	16	17	16.5	PREP ACADEMY FOR WRITERS	8E+11	40.66903	-73.757744	11413	Southeast Queens
29Q283	Preparatory Academy for Writers: A College Board School	Living Environment	Living_Env	2023	61.82	115	84.35	15.65	0	0	36	General Academic	0	0	6	71	17	8	1	86	16	17	17	PREP ACADEMY FOR WRITERS	8E+11	40.66903	-73.757744	11413	Southeast Queens
29Q283	Preparatory Academy for Writers: A College Board School	Common Core Algebra	Algebra_I	2023	65.32	171	81.87	13.45	4.68	0	36	General Academic	0	0	6	71	17	8	1	86	16	17	16	PREP ACADEMY FOR WRITERS	8E+11	40.66903	-73.757744	11413	Southeast Queens
30Q286	The Young Women's Leadership School Astoria	Common Core English	ELA	2023	81.73	62	0	51.61	29.03	19.35	42	General Academic	0	0	8	78	18	2	1	88	25	27	26	YOUNG WOMENS LEADERSHIP SCHOOL	8E+11	40.770769	-73.92383	11102	Long Island City - Astoria
30Q286	The Young Women's Leadership School Astoria	Living Environment	Living_Env	2023	68.8	81	0	51.85	29.63	18.52	42	General Academic	0	0	8	78	18	2	1	88	25	27	27	YOUNG WOMENS LEADERSHIP SCHOOL	8E+11	40.770769	-73.92383	11102	Long Island City - Astoria
30Q286	The Young Women's Leadership School Astoria	Common Core Algebra	Algebra_I	2023	68.32	113	8.85	40.71	23.01	27.43	42	General Academic	0	0	8	78	18	2	1	88	25	27	25	YOUNG WOMENS LEADERSHIP SCHOOL	8E+11	40.770769	-73.92383	11102	Long Island City - Astoria
31R028	The Eagle Academy for Young Men of Staten Island	Living Environment	Living_Env	2023	50	20	100	0	0	0	45	General Academic	0	0	7	84	44	7	1	84	15	15	15	EAGLE ACADEMY FOR YOUNG MEN	8E+11	40.620443	-74.080695	10304	Stapleton - St. George
31R028	The Eagle Academy for Young Men of Staten Island	Common Core Algebra	Algebra_I	2023	53.5	22	100	0	0	0	45	General Academic	0	0	7	84	44	7	1	84	15	15	15	EAGLE ACADEMY FOR YOUNG MEN	8E+11	40.620443	-74.080695	10304	Stapleton - St. George
31R028	The Eagle Academy for Young Men of Staten Island	Common Core English	ELA	2023	65.94	36	52.78	47.22	0	0	45	General Academic	0	0	7	84	44	7	1	84	15	15	15	EAGLE ACADEMY FOR YOUNG MEN	8E+11	40.620443	-74.080695	10304	Stapleton - St. George
31R085	The Young Women's Leadership School of Queens	Living Environment	Living_Env	2023	72.9	97	34.02	20.62	45.36	0	5	General Academic	0	0	2	94	29	6	1	89				YOUNG WOMEN'S LEADERSHIP OF SI	8E+11	40.708409	-73.804166	11432	Jamaica
31R085	The Young Women's Leadership School of Queens	Common Core English	ELA	2023	80.35	110	34.55	12.73	52.73	0	5	General Academic	0	0	2	94	29	6	1	89				YOUNG WOMEN'S LEADERSHIP OF SI	8E+11	40.708409	-73.804166	11432	Jamaica
31R085	The Young Women's Leadership School of Queens	Common Core Algebra	Algebra_I	2023	72.5	171	36.26	16.96	46.78	0	5	General Academic	0	0	2	94	29	6	1	89				YOUNG WOMEN'S LEADERSHIP OF SI	8E+11	40.708409	-73.804166	11432	Jamaica
71M148	Eagle Academy for Young Men of Harlem	Living Environment	Living_Env	2023	47.66	35	65.71	34.29	0	0	26	General Academic	0	0	7	84	41	20	1	76	12	13	13	EAGLE ACAD-YOUNG MEN-HARLEM	8E+11	40.817228	-73.947151	10030	Central Harlem - Morningside Heights
71M148	Eagle Academy for Young Men of Harlem	Common Core English	ELA	2023	66.5	35	100	0	0	0	26	General Academic	0	0	7	84	41	20	1	76	12	13	12.5	EAGLE ACAD-YOUNG MEN-HARLEM	8E+11	40.817228	-73.947151	10030	Central Harlem - Morningside Heights
71M148	Eagle Academy for Young Men of Harlem	Common Core Algebra	Algebra_I	2023	58.91	46	69.57	30.43	0	0	26	General Academic	0	0	7	84	41	20	1	76	12	13	12	EAGLE ACAD-YOUNG MEN-HARLEM	8E+11	40.817228	-73.947151	10030	Central Harlem - Morningside Heights
71M408	Professional Performing Arts High School	Living Environment	Living_Env	2023	78.87	54	25.93	40.74	0	33.33	32	General Academic	0	0	0	36	20	5	1	84	13	16	16	PROFESSIONAL PERF ARTS HIGH SCHOOL	8E+11	40.761327	-73.988665	10036	Chelsea - Clinton
71M408	Professional Performing Arts High School	Common Core Algebra	Algebra_I	2023	68.46	74	29.73	36.49	0	33.78	32	General Academic	0	0	0	36	20	5	1	84	13	16	13	PROFESSIONAL PERF ARTS HIGH SCHOOL	8E+11	40.761327	-73.988665	10036	Chelsea - Clinton
71M408	Professional Performing Arts High School	Common Core English	ELA	2023	80.39	101	15.84	32.67	0	51.49	32	General Academic	0	0	0	36	20	5	1	84	13	16	14.5	PROFESSIONAL PERF ARTS HIGH SCHOOL	8E+11	40.761327	-73.988665	10036	Chelsea - Clinton
71M450	East Side Community School	Common Core English	ELA	2023	80.26	97	18.56	63.92	0	17.53	64	General Academic	0	0	2	67	34	11	1	94	11	24	17.5	EAST SIDE COMMUNITY SCHOOL	8E+11	40.729152	-73.982472	10009	Union Square - Lower East Side
71M499	Frederick Douglass Academy	Common Core English	ELA	2023	65.67	154	63.64	31.82	0	4.55	64	General Academic	0	0	7	88	23	13	1	80	16	20	18	FREDERICK DOUGLASS ACADEMY	8E+11	40.823988	-73.935746	10039	Central Harlem - Morningside Heights
71M499	Frederick Douglass Academy	Living Environment	Living_Env	2023	51.05	161	55.28	44.72	0	0	64	General Academic	0	0	7	88	23	13	1	80	16	20	20	FREDERICK DOUGLASS ACADEMY	8E+11	40.823988	-73.935746	10039	Central Harlem - Morningside Heights
71M499	Frederick Douglass Academy	Common Core Algebra	Algebra_I	2023	52.55	199	59.3	40.7	0	0	64	General Academic	0	0	7	88	23	13	1	80	16	20	16	FREDERICK DOUGLASS ACADEMY	8E+11	40.823988	-73.935746	10039	Central Harlem - Morningside Heights
71M610	Young Women's Leadership School	Living Environment	Living_Env	2023	74.47	55	43.64	56.36	0	0	34	General Academic	0	0	4	80	22	7	1	85	25	27	27	YOUNG WOMEN'S LEADERSHIP SCHOOL	8E+11	40.792932	-73.947171	10029	East Harlem
71M610	Young Women's Leadership School	Common Core Algebra	Algebra_I	2023	65.39	87	28.74	64.37	0	6.9	34	General Academic	0	0	4	80	22	7	1	85	25	27	25	YOUNG WOMEN'S LEADERSHIP SCHOOL	8E+11	40.792932	-73.947171	10029	East Harlem
71M610	Young Women's Leadership School	Common Core English	ELA	2023	80.86	94	21.28	68.09	10.64	0	34	General Academic	0	0	4	80	22	7	1	85	25	27	26	YOUNG WOMEN'S LEADERSHIP SCHOOL	8E+11	40.792932	-73.947171	10029	East Harlem
77Q896	Young Women's Leadership School	Living Environment	Living_Env	2023	74.47	55	43.64	56.36	0	0	35	General Academic	0	0	4	74	17	3	1	89	22	27	27	YOUNG WOMEN'S LRDSHP-QUEENS	8E+11	40.792932	-73.947171	10029	East Harlem
77Q896	Young Women's Leadership School	Common Core Algebra	Algebra_I	2023	65.39	87	28.74	64.37	0	6.9	35	General Academic	0	0	4	74	17	3	1	89	22	27	22	YOUNG WOMEN'S LRDSHP-QUEENS	8E+11	40.792932	-73.947171	10029	East Harlem
77Q896	Young Women's Leadership School	Common Core English	ELA	2023	80.86	94	21.28	68.09	10.64	0	35	General Academic	0	0	4	74	17	3	1	89	22	27	24.5	YOUNG WOMEN'S LRDSHP-QUEENS	8E+11	40.792932	-73.947171	10029	East Harlem
71M670	Thurgood Marshall Academy for Learning and Social Change	Living Environment	Living_Env	2023	62.49	80	66.25	33.75	0	0	46	General Academic	0	0	3	89	29	12	1	84	14	26	26	THURGOOD MARSHALL ACAD FOR LEARNING	8E+11	40.815237	-73.944299	10030	Central Harlem - Morningside Heights
71M670	Thurgood Marshall Academy for Learning and Social Change	Common Core English	ELA	2023	68.13	103	73.79	26.21	0	0	46	General Academic	0	0	3	89	29	12	1	84	14	26	20	THURGOOD MARSHALL ACAD FOR LEARNING	8E+11	40.815237	-73.944299	10030	Central Harlem - Morningside Heights
71M670	Thurgood Marshall Academy for Learning and Social Change	Common Core Algebra	Algebra_I	2023	60.72	106	70.75	29.25	0	0	46	General Academic	0	0	3	89	29	12	1	84	14	26	14	THURGOOD MARSHALL ACAD FOR LEARNING	8E+11	40.815237	-73.944299	10030	Central Harlem - Morningside Heights
72X221	South Bronx Preparatory: A College Board School	Living Environment	Living_Env	2023	70.1	61	0	100	0	0	51	General Academic	0	0	7	94	27	15	1	88	20	16	16	SOUTH BRONX PREPARATORY	8E+11	40.813612	-73.920851	10454	Hunts Point - Mott Haven
72X221	South Bronx Preparatory: A College Board School	Common Core Algebra	Algebra_I	2023	66.7	75	0	100	0	0	51	General Academic	0	0	7	94	27	15	1	88	20	16	20	SOUTH BRONX PREPARATORY	8E+11	40.813612	-73.920851	10454	Hunts Point - Mott Haven
72X221	South Bronx Preparatory: A College Board School	Common Core English	ELA	2023	75.2	97	41.24	58.76	0	0	51	General Academic	0	0	7	94	27	15	1	88	20	16	18	SOUTH BRONX PREPARATORY	8E+11	40.813612	-73.920851	10454	Hunts Point - Mott Haven
72X231	Eagle Academy for Young Men	Common Core Algebra	Algebra_I	2023	58.5	71	100	0	0	0	37	General Academic	0	0	4	82	33	12	1	87	11	17	11	EAGLE ACADEMY FOR YOUNG MEN	8E+11	40.845366	-73.897479	10457	Crotona - Tremont
72X231	Eagle Academy for Young Men	Living Environment	Living_Env	2023	65.6	87	57.47	42.53	0	0	37	General Academic	0	0	4	82	33	12	1	87	11	17	17	EAGLE ACADEMY FOR YOUNG MEN	8E+11	40.845366	-73.897479	10457	Crotona - Tremont
72X231	Eagle Academy for Young Men	Common Core English	ELA	2023	68.32	103	60.19	39.81	0	0	37	General Academic	0	0	4	82	33	12	1	87	11	17	14	EAGLE ACADEMY FOR YOUNG MEN	8E+11	40.845366	-73.897479	10457	Crotona - Tremont
73K644	Eagle Academy for Young Men	Common Core Algebra	Algebra_I	2023	58.5	71	100	0	0	0	45	General Academic	0	0	1	83	33	11	1	91	18	18	18	EAGLE ACADEMY FOR YOUNG MEN II	8E+11	40.845366	-73.897479	10457	Crotona - Tremont
73K644	Eagle Academy for Young Men	Living Environment	Living_Env	2023	65.6	87	57.47	42.53	0	0	45	General Academic	0	0	1	83	33	11	1	91	18	18	18	EAGLE ACADEMY FOR YOUNG MEN II	8E+11	40.845366	-73.897479	10457	Crotona - Tremont
73K644	Eagle Academy for Young Men	Common Core English	ELA	2023	68.32	103	60.19	39.81	0	0	45	General Academic	0	0	1	83	33	11	1	91	18	18	18	EAGLE ACADEMY FOR YOUNG MEN II	8E+11	40.845366	-73.897479	10457	Crotona - Tremont
77Q327	Eagle Academy for Young Men	Common Core Algebra	Algebra_I	2023	58.5	71	100	0	0	0	32	General Academic	0	0	2	72	25	9	1	91	15	18	15	EAGLE ACADEMY FOR YOUNG MEN III	8E+11	40.845366	-73.897479	10457	Crotona - Tremont
77Q327	Eagle Academy for Young Men	Living Environment	Living_Env	2023	65.6	87	57.47	42.53	0	0	32	General Academic	0	0	2	72	25	9	1	91	15	18	18	EAGLE ACADEMY FOR YOUNG MEN III	8E+11	40.845366	-73.897479	10457	Crotona - Tremont
77Q327	Eagle Academy for Young Men	Common Core English	ELA	2023	68.32	103	60.19	39.81	0	0	32	General Academic	0	0	2	72	25	9	1	91	15	18	16.5	EAGLE ACADEMY FOR YOUNG MEN III	8E+11	40.845366	-73.897479	10457	Crotona - Tremont
72X241	Urban Assembly School for Applied Math and Science	Common Core Algebra	Algebra_I	2023	58	83	0	100	0	0	65	General Academic	0	0	12	94	29	12	1	77	20	20	20	URBAN ASSMBLY SCHOOL-APPL MATH	8E+11	40.839508	-73.901774	10457	Crotona - Tremont
72X241	Urban Assembly School for Applied Math and Science	Common Core English	ELA	2023	62.2	85	0	100	0	0	65	General Academic	0	0	12	94	29	12	1	77	20	20	20	URBAN ASSMBLY SCHOOL-APPL MATH	8E+11	40.839508	-73.901774	10457	Crotona - Tremont
72X241	Urban Assembly School for Applied Math and Science	Living Environment	Living_Env	2023	63.4	113	0	100	0	0	65	General Academic	0	0	12	94	29	12	1	77	20	20	20	URBAN ASSMBLY SCHOOL-APPL MATH	8E+11	40.839508	-73.901774	10457	Crotona - Tremont
72X243	West Bronx Academy for the Future	Common Core English	ELA	2023	69.2	102	15.69	84.31	0	0	55	General Academic	0	0	19	92	27	13	1	88	20	25	22.5	WEST BRONX ACAD FOR THE FUTURE	8E+11	40.859466	-73.888625	10458	Fordham - Bronx Park
72X243	West Bronx Academy for the Future	Living Environment	Living_Env	2023	54.91	112	24.11	75.89	0	0	55	General Academic	0	0	19	92	27	13	1	88	20	25	25	WEST BRONX ACAD FOR THE FUTURE	8E+11	40.859466	-73.888625	10458	Fordham - Bronx Park
72X243	West Bronx Academy for the Future	Common Core Algebra	Algebra_I	2023	57.68	129	24.03	75.97	0	0	55	General Academic	0	0	19	92	27	13	1	88	20	25	20	WEST BRONX ACAD FOR THE FUTURE	8E+11	40.859466	-73.888625	10458	Fordham - Bronx Park
72X267	Bronx Latin	Living Environment	Living_Env	2023	57.93	132	21.21	78.79	0	0	48	General Academic	0	0	13	95	27	11	1	84	12	18	18	BRONX LATIN SCHOOL	8E+11	40.826933	-73.900593	10456	High Bridge - Morrisania
72X267	Bronx Latin	Common Core English	ELA	2023	67.78	242	19.01	80.99	0	0	48	General Academic	0	0	13	95	27	11	1	84	12	18	15	BRONX LATIN SCHOOL	8E+11	40.826933	-73.900593	10456	High Bridge - Morrisania
72X267	Bronx Latin	Common Core Algebra	Algebra_I	2023	61.93	310	18.71	81.29	0	0	48	General Academic	0	0	13	95	27	11	1	84	12	18	12	BRONX LATIN SCHOOL	8E+11	40.826933	-73.900593	10456	High Bridge - Morrisania
72X269	Bronx Studio School for Writers and Artists	Common Core English	ELA	2023	71.3	80	0	100	0	0	57	General Academic	0	0	12	91	25	12	1	84	24	21	22.5	BRONX STUDIO SCHOOL-WRITERS-ARTISTS	8E+11	40.820388	-73.892961	10459	Hunts Point - Mott Haven
72X269	Bronx Studio School for Writers and Artists	Common Core Algebra	Algebra_I	2023	61.48	139	18.71	81.29	0	0	57	General Academic	0	0	12	91	25	12	1	84	24	21	24	BRONX STUDIO SCHOOL-WRITERS-ARTISTS	8E+11	40.820388	-73.892961	10459	Hunts Point - Mott Haven
72X269	Bronx Studio School for Writers and Artists	Living Environment	Living_Env	2023	60.52	171	16.96	83.04	0	0	57	General Academic	0	0	12	91	25	12	1	84	24	21	21	BRONX STUDIO SCHOOL-WRITERS-ARTISTS	8E+11	40.820388	-73.892961	10459	Hunts Point - Mott Haven
72X271	East Bronx Academy for the Future	Living Environment	Living_Env	2023	56.99	136	20.59	71.32	8.09	0	56	General Academic	0	0	16	92	33	14	1	81	15	19	19	EAST BRONX ACADEMY-FUTURE	8E+11	40.836821	-73.887688	10460	Crotona - Tremont
72X271	East Bronx Academy for the Future	Common Core English	ELA	2023	63.26	188	25.53	68.62	5.85	0	56	General Academic	0	0	16	92	33	14	1	81	15	19	17	EAST BRONX ACADEMY-FUTURE	8E+11	40.836821	-73.887688	10460	Crotona - Tremont
72X271	East Bronx Academy for the Future	Common Core Algebra	Algebra_I	2023	60.4	350	22.86	72	5.14	0	56	General Academic	0	0	16	92	33	14	1	81	15	19	15	EAST BRONX ACADEMY-FUTURE	8E+11	40.836821	-73.887688	10460	Crotona - Tremont
72X342	International School for Liberal Arts	Living Environment	Living_Env	2023	55.1	158	0	100	0	0	44	General Academic	0	0	71	98	10	34	1	84	13	17	17	INTERNATIONAL SCHOOL-LIBERAL ARTS	8E+11	40.869061	-73.897066	10468	Fordham - Bronx Park
72X342	International School for Liberal Arts	Common Core Algebra	Algebra_I	2023	62.5	180	0	100	0	0	44	General Academic	0	0	71	98	10	34	1	84	13	17	13	INTERNATIONAL SCHOOL-LIBERAL ARTS	8E+11	40.869061	-73.897066	10468	Fordham - Bronx Park
72X342	International School for Liberal Arts	Common Core English	ELA	2023	45.7	196	0	100	0	0	44	General Academic	0	0	71	98	10	34	1	84	13	17	15	INTERNATIONAL SCHOOL-LIBERAL ARTS	8E+11	40.869061	-73.897066	10468	Fordham - Bronx Park
72X376	Antonia Pantoja Preparatory Academy: A College Boa	Common Core English	ELA	2023	66.53	58	18.97	81.03	0	0	36	General Academic	0	0	14	87	30	11	1	80	21	24	22.5	ANTONIA PANTOJA PREP ACADEMY	8E+11	40.821218	-73.85593	10473	Pelham - Throgs Neck
72X376	Antonia Pantoja Preparatory Academy: A College Boa	Living Environment	Living_Env	2023	55.01	115	26.09	65.22	8.7	0	36	General Academic	0	0	14	87	30	11	1	80	21	24	24	ANTONIA PANTOJA PREP ACADEMY	8E+11	40.821218	-73.85593	10473	Pelham - Throgs Neck
72X376	Antonia Pantoja Preparatory Academy: A College Boa	Common Core Algebra	Algebra_I	2023	54.05	116	18.97	68.97	12.07	0	36	General Academic	0	0	14	87	30	11	1	80	21	24	21	ANTONIA PANTOJA PREP ACADEMY	8E+11	40.821218	-73.85593	10473	Pelham - Throgs Neck
72X500	Hostos-Lincoln Academy of Science	Living Environment	Living_Env	2023	75.7	47	0	100	0	0	39	General Academic	0	0	7	87	25	10	1	84	18	24	24	HOSTOS-LINCOLN ACADEMY OF SCIENCE	8E+11	40.814857	-73.912038	10455	Hunts Point - Mott Haven
72X500	Hostos-Lincoln Academy of Science	Common Core English	ELA	2023	79.52	100	23	77	0	0	39	General Academic	0	0	7	87	25	10	1	84	18	24	21	HOSTOS-LINCOLN ACADEMY OF SCIENCE	8E+11	40.814857	-73.912038	10455	Hunts Point - Mott Haven
72X500	Hostos-Lincoln Academy of Science	Common Core Algebra	Algebra_I	2023	69	107	0	100	0	0	39	General Academic	0	0	7	87	25	10	1	84	18	24	18	HOSTOS-LINCOLN ACADEMY OF SCIENCE	8E+11	40.814857	-73.912038	10455	Hunts Point - Mott Haven
72X505	Bronx School for Law, Government and Justice	Common Core English	ELA	2023	59.5	106	0	100	0	0	57	General Academic	0	0	12	93	24	12	1	84	22	21	21.5	BRONX SCHOOL FOR LAW, GOV, JUSTICE	8E+11	40.827461	-73.919024	10451	High Bridge - Morrisania
72X505	Bronx School for Law, Government and Justice	Living Environment	Living_Env	2023	60.5	119	18.49	81.51	0	0	57	General Academic	0	0	12	93	24	12	1	84	22	21	21	BRONX SCHOOL FOR LAW, GOV, JUSTICE	8E+11	40.827461	-73.919024	10451	High Bridge - Morrisania
72X505	Bronx School for Law, Government and Justice	Common Core Algebra	Algebra_I	2023	62.14	210	18.1	81.9	0	0	57	General Academic	0	0	12	93	24	12	1	84	22	21	22	BRONX SCHOOL FOR LAW, GOV, JUSTICE	8E+11	40.827461	-73.919024	10451	High Bridge - Morrisania
72X551	The Urban Assembly Bronx Academy of Letters	Common Core English	ELA	2023	58.29	78	35.9	64.1	0	0	51	General Academic	0	0	14	96	31	17	1	75	16	19	17.5	URBAN ASSEMBLY BRONX OF LETTERS	8E+11	40.813681	-73.925995	10451	High Bridge - Morrisania
72X551	The Urban Assembly Bronx Academy of Letters	Common Core Algebra	Algebra_I	2023	47.7	139	34.53	65.47	0	0	51	General Academic	0	0	14	96	31	17	1	75	16	19	16	URBAN ASSEMBLY BRONX OF LETTERS	8E+11	40.813681	-73.925995	10451	High Bridge - Morrisania
72X551	The Urban Assembly Bronx Academy of Letters	Living Environment	Living_Env	2023	50.01	170	39.41	60.59	0	0	51	General Academic	0	0	14	96	31	17	1	75	16	19	19	URBAN ASSEMBLY BRONX OF LETTERS	8E+11	40.813681	-73.925995	10451	High Bridge - Morrisania
73K404	Academy for Young Writers	Living Environment	Living_Env	2023	54.98	81	74.07	25.93	0	0	51	General Academic	0	0	2	93	25	11	1	78	25	26	26	ACADEMY FOR YOUNG WRITERS	8E+11	40.657266	-73.874064	11239	Canarsie - Flatlands
73K404	Academy for Young Writers	Common Core English	ELA	2023	66.37	129	60.47	34.88	4.65	0	51	General Academic	0	0	2	93	25	11	1	78	25	26	25.5	ACADEMY FOR YOUNG WRITERS	8E+11	40.657266	-73.874064	11239	Canarsie - Flatlands
73K404	Academy for Young Writers	Common Core Algebra	Algebra_I	2023	57.33	201	63.68	28.36	4.98	2.99	51	General Academic	0	0	2	93	25	11	1	78	25	26	25	ACADEMY FOR YOUNG WRITERS	8E+11	40.657266	-73.874064	11239	Canarsie - Flatlands
73K409	East New York Family Academy	Common Core English	ELA	2023	71.6	88	61.36	38.64	0	0	53	General Academic	0	0	3	87	26	7	1	84	26	26	26	EAST NEW YORK FAMILY ACADEMY	8E+11	40.673766	-73.895976	11207	East New York
73K409	East New York Family Academy	Living Environment	Living_Env	2023	58.41	159	70.44	29.56	0	0	53	General Academic	0	0	3	87	26	7	1	84	26	26	26	EAST NEW YORK FAMILY ACADEMY	8E+11	40.673766	-73.895976	11207	East New York
73K409	East New York Family Academy	Common Core Algebra	Algebra_I	2023	65.4	271	63.1	33.95	2.95	0	53	General Academic	0	0	3	87	26	7	1	84	26	26	26	EAST NEW YORK FAMILY ACADEMY	8E+11	40.673766	-73.895976	11207	East New York
73K448	Brooklyn Collaborative Studies	Common Core Algebra	Algebra_I	2023	75.6	14	0	0	0	100	59	General Academic	0	0	5	58	28	7	1	81	26	31	26	BROOKLYN COLLABORATIVE STUDIES	8E+11	40.679462	-74.002022	11231	Downtown - Heights - Park Slope
73K448	Brooklyn Collaborative Studies	Common Core English	ELA	2023	71.95	130	39.23	43.08	0	17.69	59	General Academic	0	0	5	58	28	7	1	81	26	31	28.5	BROOKLYN COLLABORATIVE STUDIES	8E+11	40.679462	-74.002022	11231	Downtown - Heights - Park Slope
73K543	Science, Technology and Research Early College High School at Erasmus (STAR)	Living Environment	Living_Env	2023	70.71	112	77.68	15.18	7.14	0	41	General Academic	0	0	1	72	15	6	1	91	14	20	20	SCIENCE, TECH & RESEARCH EARLY COLLE	8E+11	40.649602	-73.957173	11226	East Flatbush - Flatbush
73K543	Science, Technology and Research Early College High School at Erasmus (STAR)	Common Core Algebra	Algebra_I	2023	69.64	136	77.21	15.44	7.35	0	41	General Academic	0	0	1	72	15	6	1	91	14	20	14	SCIENCE, TECH & RESEARCH EARLY COLLE	8E+11	40.649602	-73.957173	11226	East Flatbush - Flatbush
73K543	Science, Technology and Research Early College High School at Erasmus (STAR)	Common Core English	ELA	2023	77.98	165	76.36	16.97	6.67	0	41	General Academic	0	0	1	72	15	6	1	91	14	20	17	SCIENCE, TECH & RESEARCH EARLY COLLE	8E+11	40.649602	-73.957173	11226	East Flatbush - Flatbush
73K586	Lyons Community School	Common Core Algebra	Algebra_I	2023	53.5	13	0	100	0	0	45	General Academic	0	0	9	91	34	13	1	69		21		LYONS COMMUNITY SCHOOL	8E+11	40.709765	-73.944463	11206	Williamsburg - Bushwick
73K586	Lyons Community School	Common Core English	ELA	2023	68.09	70	42.86	57.14	0	0	45	General Academic	0	0	9	91	34	13	1	69		21	21	LYONS COMMUNITY SCHOOL	8E+11	40.709765	-73.944463	11206	Williamsburg - Bushwick
73K590	Medgar Evers College Preparatory School	Living Environment	Living_Env	2023	68.62	286	91.96	5.59	2.45	0	65	General Academic	0	0	0	93	8	5	1	91	29	30	30	MEDGAR EVERS COLLEGE PREP SCHOOL	8E+11	40.66679	-73.951823	11225	East Flatbush - Flatbush
73K590	Medgar Evers College Preparatory School	Common Core Algebra	Algebra_I	2023	71.34	298	92.28	5.7	2.01	0	65	General Academic	0	0	0	93	8	5	1	91	29	30	29	MEDGAR EVERS COLLEGE PREP SCHOOL	8E+11	40.66679	-73.951823	11225	East Flatbush - Flatbush
73K590	Medgar Evers College Preparatory School	Common Core English	ELA	2023	75.56	305	87.54	9.51	2.95	0	65	General Academic	0	0	0	93	8	5	1	91	29	30	29.5	MEDGAR EVERS COLLEGE PREP SCHOOL	8E+11	40.66679	-73.951823	11225	East Flatbush - Flatbush
73K614	Young Women's Leadership School of Brooklyn	Living Environment	Living_Env	2023	67.73	21	57.14	42.86	0	0	27	General Academic	0	0	9	89	24	13	1	80	16	16	16	YOUNG WOMENS LEADERSHIP SCH-BROOKLY	8E+11	40.705005	-73.93879	11206	Williamsburg - Bushwick
73K614	Young Women's Leadership School of Brooklyn	Common Core Algebra	Algebra_I	2023	58.05	32	50	50	0	0	27	General Academic	0	0	9	89	24	13	1	80	16	16	16	YOUNG WOMENS LEADERSHIP SCH-BROOKLY	8E+11	40.705005	-73.93879	11206	Williamsburg - Bushwick
73K614	Young Women's Leadership School of Brooklyn	Common Core English	ELA	2023	67.31	57	56.14	31.58	12.28	0	27	General Academic	0	0	9	89	24	13	1	80	16	16	16	YOUNG WOMENS LEADERSHIP SCH-BROOKLY	8E+11	40.705005	-73.93879	11206	Williamsburg - Bushwick
76K464	Park Slope Collegiate	Common Core English	ELA	2023	70.61	80	41.25	50	8.75	0	54	General Academic	0	0	7	65	27	10	1	82	20	15	17.5	PARK SLOPE COLLEGIATE	8E+11	40.669255	-73.97858	11215	Downtown - Heights - Park Slope
76K464	Park Slope Collegiate	Living Environment	Living_Env	2023	65.46	154	22.08	41.56	6.49	29.87	54	General Academic	0	0	7	65	27	10	1	82	20	15	15	PARK SLOPE COLLEGIATE	8E+11	40.669255	-73.97858	11215	Downtown - Heights - Park Slope
76K464	Park Slope Collegiate	Common Core Algebra	Algebra_I	2023	63.28	166	25.3	44.58	3.61	26.51	54	General Academic	0	0	7	65	27	10	1	82	20	15	20	PARK SLOPE COLLEGIATE	8E+11	40.669255	-73.97858	11215	Downtown - Heights - Park Slope
76K468	Kingsborough Early College School	Living Environment	Living_Env	2023	75.03	98	23.47	47.96	0	28.57	46	General Academic	0	0	6	78	20	6	1	85	10	22	22	KINGSBOROUGH EARLY COLLEGE	8E+11	40.593028	-73.986313	11214	Bensonhurst - Bay Ridge
76K468	Kingsborough Early College School	Common Core English	ELA	2023	79.69	125	29.6	46.4	0	24	46	General Academic	0	0	6	78	20	6	1	85	10	22	16	KINGSBOROUGH EARLY COLLEGE	8E+11	40.593028	-73.986313	11214	Bensonhurst - Bay Ridge
76K468	Kingsborough Early College School	Common Core Algebra	Algebra_I	2023	70.9	166	23.49	46.39	5.42	24.7	46	General Academic	0	0	6	78	20	6	1	85	10	22	10	KINGSBOROUGH EARLY COLLEGE	8E+11	40.593028	-73.986313	11214	Bensonhurst - Bay Ridge
76K497	The Boerum Hill School for International Studies	Living Environment	Living_Env	2023	63.18	90	35.56	21.11	7.78	35.56	68	General Academic	0	0	5	48	22	4	1	85	25	29	29	BOERUM HILL SCHOOL FOR INTERNATIONAL	8E+11	40.685006	-73.993293	11201	Downtown - Heights - Park Slope
76K497	The Boerum Hill School for International Studies	Common Core Algebra	Algebra_I	2023	62.06	117	27.35	30.77	0	41.88	68	General Academic	0	0	5	48	22	4	1	85	25	29	25	BOERUM HILL SCHOOL FOR INTERNATIONAL	8E+11	40.685006	-73.993293	11201	Downtown - Heights - Park Slope
76K497	The Boerum Hill School for International Studies	Common Core English	ELA	2023	68.02	170	28.24	25.88	4.12	41.76	68	General Academic	0	0	5	48	22	4	1	85	25	29	27	BOERUM HILL SCHOOL FOR INTERNATIONAL	8E+11	40.685006	-73.993293	11201	Downtown - Heights - Park Slope
76K527	Urban Assembly Institute of Math and Science for Young Women	Living Environment	Living_Env	2023	53.16	66	56.06	10.61	15.15	18.18	37	General Academic	0	0	8	85	18	7	1	78	23	22	22	URBAN ASSEMBLY INST OF MATH AND SCIE	8E+11	40.694629	-73.988323	11201	Downtown - Heights - Park Slope
76K527	Urban Assembly Institute of Math and Science for Young Women	Common Core English	ELA	2023	50.11	76	52.63	18.42	0	28.95	37	General Academic	0	0	8	85	18	7	1	78	23	22	22.5	URBAN ASSEMBLY INST OF MATH AND SCIE	8E+11	40.694629	-73.988323	11201	Downtown - Heights - Park Slope
76K527	Urban Assembly Institute of Math and Science for Young Women	Common Core Algebra	Algebra_I	2023	56.23	85	65.88	0	16.47	17.65	37	General Academic	0	0	8	85	18	7	1	78	23	22	23	URBAN ASSEMBLY INST OF MATH AND SCIE	8E+11	40.694629	-73.988323	11201	Downtown - Heights - Park Slope
76K609	Urban Assembly School for Leadership and Empowerment	Common Core English	ELA	2023	69.57	105	0	28.57	51.43	20	48	General Academic	0	0	15	86	15	11	1	84	17	20	18.5	URBAN ASSEMBLY SCHL-LEADER-EMPOWER	8E+11	40.63497525	-73.98180529	11219	Borough Park
76K609	Urban Assembly School for Leadership and Empowerment	Living Environment	Living_Env	2023	70.42	107	0	21.5	54.21	24.3	48	General Academic	0	0	15	86	15	11	1	84	17	20	20	URBAN ASSEMBLY SCHL-LEADER-EMPOWER	8E+11	40.63497525	-73.98180529	11219	Borough Park
76K609	Urban Assembly School for Leadership and Empowerment	Common Core Algebra	Algebra_I	2023	66.02	111	0	25.23	49.55	25.23	48	General Academic	0	0	15	86	15	11	1	84	17	20	17	URBAN ASSEMBLY SCHL-LEADER-EMPOWER	8E+11	40.63497525	-73.98180529	11219	Borough Park
77Q259	Pathways College Preparatory School: A College Board School	Living Environment	Living_Env	2023	70.82	60	85	0	15	0	49	General Academic	0	0	4	77	18	7	1	91	21	24	24	PATHWAYS COLLEGE PREPARATORY	8E+11	40.705989	-73.752885	11412	Jamaica
77Q259	Pathways College Preparatory School: A College Board School	Common Core Algebra	Algebra_I	2023	68.43	105	78.1	12.38	9.52	0	49	General Academic	0	0	4	77	18	7	1	91	21	24	21	PATHWAYS COLLEGE PREPARATORY	8E+11	40.705989	-73.752885	11412	Jamaica
77Q259	Pathways College Preparatory School: A College Board School	Common Core English	ELA	2023	74.34	136	82.35	7.35	10.29	0	49	General Academic	0	0	4	77	18	7	1	91	21	24	22.5	PATHWAYS COLLEGE PREPARATORY	8E+11	40.705989	-73.752885	11412	Jamaica
77Q262	Channel View School for Research	Living Environment	Living_Env	2023	61.84	216	41.67	42.13	5.56	10.65	97	General Academic	0	0	4	75	16	5	1	84	22	27	27	CHANNEL VIEW SCHOOL-RESEARCH	8E+11	40.586012	-73.825317	11694	Rockaway
77Q262	Channel View School for Research	Common Core English	ELA	2023	76.17	241	38.59	43.98	7.47	9.96	97	General Academic	0	0	4	75	16	5	1	84	22	27	24.5	CHANNEL VIEW SCHOOL-RESEARCH	8E+11	40.586012	-73.825317	11694	Rockaway
77Q262	Channel View School for Research	Common Core Algebra	Algebra_I	2023	64.8	377	43.24	42.97	5.57	8.22	97	General Academic	0	0	4	75	16	5	1	84	22	27	22	CHANNEL VIEW SCHOOL-RESEARCH	8E+11	40.586012	-73.825317	11694	Rockaway
77Q281	East-West School of International Studies	Common Core English	ELA	2023	72.62	131	0	25.19	70.23	4.58	62	General Academic	0	0	12	84	17	1	1	90	21	21	21	EAST-WEST SCHOOL-INTERNATION STUDIES	8E+11	40.74943	-73.821402	11355	Flushing - Clearview
77Q281	East-West School of International Studies	Living Environment	Living_Env	2023	79.96	133	5.26	21.05	73.68	0	62	General Academic	0	0	12	84	17	1	1	90	21	21	21	EAST-WEST SCHOOL-INTERNATION STUDIES	8E+11	40.74943	-73.821402	11355	Flushing - Clearview
77Q281	East-West School of International Studies	Common Core Algebra	Algebra_I	2023	75.39	151	7.28	24.5	68.21	0	62	General Academic	0	0	12	84	17	1	1	90	21	21	21	EAST-WEST SCHOOL-INTERNATION STUDIES	8E+11	40.74943	-73.821402	11355	Flushing - Clearview
77Q284	York Early College Academy	Living Environment	Living_Env	2023	70.83	64	60.94	0	39.06	0	33	General Academic	0	0	1	72	16	4	1	86	25	25	25	YORK EARLY COLLEGE ACADEMY	8E+11	40.69691	-73.786403	11433	Jamaica
77Q284	York Early College Academy	Common Core English	ELA	2023	88.2	69	60.87	11.59	27.54	0	33	General Academic	0	0	1	72	16	4	1	86	25	25	25	YORK EARLY COLLEGE ACADEMY	8E+11	40.69691	-73.786403	11433	Jamaica
77Q284	York Early College Academy	Common Core Algebra	Algebra_I	2023	68.72	87	49.43	16.09	34.48	0	33	General Academic	0	0	1	72	16	4	1	86	25	25	25	YORK EARLY COLLEGE ACADEMY	8E+11	40.69691	-73.786403	11433	Jamaica
77Q309	Academy of Medical Technology: A College Board Sch	Living Environment	Living_Env	2023	63.94	92	43.48	50	0	6.52	50	General Academic	0	0	15	80	20	10	1	78	26	31	31	ACADEMY OF MEDICAL TECHNOLOGY	8E+11	40.601537	-73.763995	11691	Rockaway
77Q309	Academy of Medical Technology: A College Board Sch	Common Core Algebra	Algebra_I	2023	61.64	104	40.38	59.62	0	0	50	General Academic	0	0	15	80	20	10	1	78	26	31	26	ACADEMY OF MEDICAL TECHNOLOGY	8E+11	40.601537	-73.763995	11691	Rockaway
77Q309	Academy of Medical Technology: A College Board Sch	Common Core English	ELA	2023	68.1	106	44.34	55.66	0	0	50	General Academic	0	0	15	80	20	10	1	78	26	31	28.5	ACADEMY OF MEDICAL TECHNOLOGY	8E+11	40.601537	-73.763995	11691	Rockaway
77Q310	Queens Collegiate: A College Board School	Common Core Algebra	Algebra_I	2023	64.65	111	46.85	29.73	23.42	0	41	General Academic	0	0	9	88	16	7	1	88	14	20	14	QUEENS COLLEGIATE	8E+11	40.714551	-73.798658	11432	Jamaica
77Q310	Queens Collegiate: A College Board School	Living Environment	Living_Env	2023	61.48	130	40	33.08	26.92	0	41	General Academic	0	0	9	88	16	7	1	88	14	20	20	QUEENS COLLEGIATE	8E+11	40.714551	-73.798658	11432	Jamaica
77Q310	Queens Collegiate: A College Board School	Common Core English	ELA	2023	70.05	161	42.24	29.81	27.95	0	41	General Academic	0	0	9	88	16	7	1	88	14	20	17	QUEENS COLLEGIATE	8E+11	40.714551	-73.798658	11432	Jamaica
